customer_id,customer_name,gender,birth_year,city,province,join_date,membership
C20000,Hendra Ramadhan,Wanita,2000,Yogyakarta,DI Yogyakarta,2023-04-25,Basic
C20001,Fitri Ramadhan,Wanita,1994,Yogyakarta,DI Yogyakarta,2023-12-20,
C20002,Teguh Pratama,Wanita,1997,Tangerang,Banten,2022-05-18,Silver
C20003,Teguh Hidayat,Wanita,1983,Jakarta Selatan,DKI Jakarta,2024-01-23,Basic
C20004,Teguh Ramadhan,Wanita,1994,bandung,Jawa Barat,2024-08-12,Basic
C20005,Vina Nugroho,Pria,1976,Malang,Jawa Timur,2023-04-29,Gold
C20006,Bayu Ramadhan,Pria,1978,Bekasi,Jawa Barat,2022-07-01,Basic
C20007,Ayu Utami,Wanita,1986,Tangerang,Banten,2022-08-19,Basic
C20008,Fajar Saputra,Pria,1992,Tangerang,Banten,2023-03-11,Silver
C20009,Rizky Hidayat,Wanita,1974,Surabaya,Jawa Timur,2023-08-04,Basic
C20010,Andi Permana,Wanita,1989,Tangerang,Banten,2024-05-01,Basic
C20011,Teguh Santoso,Pria,1997,Surabaya,Jawa Timur,2022-07-19,Basic
C20012,Iqbal Setiawan,Pria,1995,Jakarta Barat,DKI Jakarta,2022-12-16,Silver
C20013,Bayu Nugroho,Wanita,1990,Yogyakarta,DI Yogyakarta,2023-11-29,Silver
C20014,Agus Pratama,Wanita,1993,Tangerang Selatan,Banten,2023-10-28,Basic
C20015,Citra Nugroho,Pria,1972,Yogyakarta,DI Yogyakarta,2024-04-28,Basic
C20016,Wahyu Halim,Wanita,1989,Tangerang Selatan,Banten,2023-06-21,Basic
C20017,Siti Setiawan,Pria,1978,jakarta selatan,DKI Jakarta,2023-05-07,Basic
C20018,Hendra Halim,Pria,1997,Jakarta Timur,DKI Jakarta,2022-01-25,Basic
C20019,Andi Ramadhan,Wanita,1971,Semarang,Jawa Tengah,2022-09-17,Basic
C20020,Dimas Kusuma,Wanita,1993,Tangsel,Banten,2022-12-08,
C20021,Intan Kusuma,Pria,1979,Palembang,Sumatera Selatan,2023-12-15,Basic
C20022,Dimas Hidayat,Wanita,1999,Jogja,DI Yogyakarta,2023-11-26,Silver
C20023,Vina Kusuma,Wanita,2002,SBY,Jawa Timur,2022-12-19,Basic
C20024,Ayu Pratama,Wanita,1989,Jakbar,DKI Jakarta,2022-09-06,
C20025,Citra Setiawan,Wanita,1998,Bekasi,Jawa Barat,2024-03-20,Basic
C20026,Anisa Pratama,Pria,1994,SBY,Jawa Timur,2024-06-04,Silver
C20027,Anisa Santoso,Wanita,1992,Bekasi,Jawa Barat,2022-11-05,Silver
C20028,Arif Anggraini,Wanita,1975,Jakarta Barat,DKI Jakarta,2022-10-22,Gold
C20029,Intan Pratama,,1997,Surabaya ,Jawa Timur,2022-01-27,Basic
C20030,Yoga Rahayu,Pria,1972,Jakarta Selatan,DKI Jakarta,2024-08-31,Silver
C20031,Fitri Halim,Wanita,1970,Palembang,Sumatera Selatan,2023-10-30,Silver
C20032,Budi Kusuma,Pria,1971,Tangerang Selatan,Banten,2022-06-27,Basic
C20033,Intan Utami,Wanita,1999,Semarang,Jawa Tengah,2023-06-26,Basic
C20034,Teguh Nugroho,Pria,1976,Jaktim,DKI Jakarta,2023-06-05,Silver
C20035,Nurul Halim,Wanita,1984,Jakarta Selatan,DKI Jakarta,2022-06-12,Basic
C20036,Agus Nugroho,Pria,1988,Denpasar,Bali,2023-08-17,Gold
C20037,Rani Wijaya,Pria,1976,Tangerang Selatan,Banten,2023-12-21,Basic
C20038,Dewi Halim,Pria,1970,Medan,Sumatera Utara,2024-03-16,Basic
C20039,Budi Santoso,Pria,1986,Bekasi,Jawa Barat,2023-06-29,Silver
C20040,Lestari Hidayat,Pria,1998,Bandung,Jawa Barat,2023-11-10,Gold
C20041,Bayu Wijaya,Pria,1982,Makassar,Sulawesi Selatan,2024-04-28,Basic
C20042,Intan Santoso,Pria,2003,Depok,Jawa Barat,2024-09-19,Gold
C20043,Citra Saputra,Pria,1990,jakarta selatan,DKI Jakarta,2023-03-11,
C20044,Fitri Firmansyah,Wanita,1994,jakarta selatan,DKI Jakarta,2023-03-17,Silver
C20045,Hendra Saputra,Wanita,1992,Bandung,Jawa Barat,2024-03-25,Basic
C20046,Rizky Santoso,Wanita,1988,Bogor,Jawa Barat,2022-10-23,Basic
C20047,Wahyu Ramadhan,Pria,1979,Jakarta Selatan,DKI Jakarta,2023-11-24,Gold
C20048,Maya Halim,Wanita,1987,bandung,Jawa Barat,2022-06-14,
C20049,Wahyu Nugroho,Pria,1972,Jakarta Selatan,DKI Jakarta,2024-03-19,Silver
C20050,Bayu Utami,Wanita,1982,Bogor,Jawa Barat,2022-11-29,Silver
C20051,Nadia Setiawan,Wanita,1994,Jakarta Timur,DKI Jakarta,2023-08-04,Silver
C20052,Fajar Permana,Pria,1979,Makassar,Sulawesi Selatan,2023-08-31,Basic
C20053,Ayu Setiawan,Pria,1988,Jakbar,DKI Jakarta,2022-10-14,Basic
C20054,Ayu Saputra,Pria,1970,Jakarta Selatan,DKI Jakarta,2022-08-26,Silver
C20055,Vina Halim,Wanita,1972,Denpasar,Bali,2022-05-27,Basic
C20056,Rizky Permana,Pria,1987,Depok,Jawa Barat,2023-10-21,Basic
C20057,Siti Wijaya,Wanita,2003,Depok,Jawa Barat,2023-09-27,Silver
C20058,Yoga Firmansyah,Wanita,1975,TANGSEL,Banten,2023-03-27,Basic
C20059,Lestari Utami,Pria,1993,Jakarta Selatan,DKI Jakarta,2022-11-26,
C20060,Rani Kusuma,Wanita,1993,Jakarta Barat,DKI Jakarta,2023-06-17,Basic
C20061,Galih Nugroho,Pria,2000,Tangerang,Banten,2022-12-07,Silver
C20062,Agus Nugroho,Pria,1978,Malang,Jawa Timur,2023-09-08,Basic
C20063,Galih Firmansyah,Wanita,1997,Semarang,Jawa Tengah,2024-09-26,Basic
C20064,Fajar Rahayu,Wanita,1989,Medan,Sumatera Utara,2023-03-06,Silver
C20065,Andi Kusuma,Pria,1993,Depok,Jawa Barat,2022-06-20,Basic
C20066,Arif Wijaya,Pria,1999,Bekasi,Jawa Barat,2023-06-22,Silver
C20067,Andi Halim,Wanita,1998,Jakarta Selatan,DKI Jakarta,2022-05-04,Basic
C20068,Dimas Anggraini,,1996,Jakarta Selatan,DKI Jakarta,2024-07-04,Gold
C20069,Fajar Kusuma,Wanita,2001,Bandung,Jawa Barat,2022-02-21,Basic
C20070,Iqbal Nugroho,Wanita,1997,Jakbar,DKI Jakarta,2022-09-01,Silver
C20071,Fitri Santoso,Wanita,1996,Balikpapan,Kalimantan Timur,2023-11-02,Silver
C20072,Citra Rahayu,Wanita,1987,Jakarta Selatan,DKI Jakarta,2023-08-10,Basic
C20073,Fitri Pratama,Wanita,1999,Jakarta Timur,DKI Jakarta,2023-07-14,Gold
C20074,Fitri Rahayu,Pria,1980,Tangerang Selatan,Banten,2023-02-10,Basic
C20075,Fitri Hidayat,Pria,1994,Tangerang,Banten,2024-01-27,Basic
C20076,Hendra Setiawan,Wanita,1988,surabaya,Jawa Timur,2024-06-07,Gold
C20077,Nurul Nugroho,Pria,2003,Jaktim,DKI Jakarta,2023-01-09,Basic
C20078,Nadia Permana,Wanita,2001,Palembang,Sumatera Selatan,2022-10-06,Basic
C20079,Dimas Ramadhan,Pria,1974,SBY,Jawa Timur,2024-02-29,Basic
C20080,Nadia Setiawan,Pria,1985,jakarta selatan,DKI Jakarta,2022-06-08,Basic
C20081,Wahyu Saputra,Pria,1996,Jakarta Barat,DKI Jakarta,2022-04-10,Basic
C20082,Dewi Santoso,Pria,1994,jakarta timur,DKI Jakarta,2023-04-17,Basic
C20083,Nadia Wijaya,Wanita,1990,tangerang selatan,Banten,2023-03-25,Basic
C20084,Dimas Utami,Wanita,1994,Bandung,Jawa Barat,2024-06-17,Basic
C20085,Anisa Anggraini,Wanita,1996,yogyakarta,DI Yogyakarta,2023-08-08,Basic
C20086,Putri Utami,Wanita,2003,Makassar,Sulawesi Selatan,2024-05-13,Basic
C20087,Intan Ramadhan,Wanita,1979,Balikpapan,Kalimantan Timur,2024-06-11,Basic
C20088,Putri Rahayu,Wanita,1988,Balikpapan,Kalimantan Timur,2022-01-17,Basic
C20089,Wahyu Hidayat,,1991,Bekasi,Jawa Barat,2024-05-28,Basic
C20090,Arif Saputra,Pria,1988,Denpasar,Bali,2022-11-28,Basic
C20091,Fajar Pratama,Pria,1994,Tangerang,Banten,2024-08-07,Silver
C20092,Teguh Anggraini,,2001,Depok,Jawa Barat,2022-12-21,Basic
C20093,Fajar Saputra,Wanita,1998,Jakarta Selatan,DKI Jakarta,2023-04-11,Basic
C20094,Andi Santoso,Wanita,1996,Medan,Sumatera Utara,2023-04-22,Basic
C20095,Putri Santoso,Pria,2001,Bandung,Jawa Barat,2024-01-13,Gold
C20096,Agus Ramadhan,Wanita,1975,jakarta timur,DKI Jakarta,2023-06-10,Basic
C20097,Teguh Halim,Wanita,1972,Depok,Jawa Barat,2022-12-04,Silver
C20098,Galih Ramadhan,Pria,1991,Semarang,Jawa Tengah,2024-05-19,Basic
C20099,Hendra Santoso,Wanita,1986,Surabaya,Jawa Timur,2023-07-03,Silver
C20100,Nurul Setiawan,Pria,1972,Jakarta Selatan,DKI Jakarta,2024-01-24,Basic
C20101,Siti Wijaya,Pria,1993,Semarang,Jawa Tengah,2023-11-09,Gold
C20102,Agus Utami,Wanita,1999, Bandung,Jawa Barat,2022-07-26,Basic
C20103,Bayu Nugroho,Wanita,1993,Semarang,Jawa Tengah,2023-09-27,Basic
C20104,Hendra Saputra,Wanita,1974,Jakarta Barat,DKI Jakarta,2024-02-01,Basic
C20105,Sari Setiawan,Wanita,2001,Tangerang Selatan,Banten,2023-07-16,Basic
C20106,Intan Utami,Pria,1973,Tangerang,Banten,2024-05-03,Basic
C20107,Nadia Santoso,Pria,1983,Bogor,Jawa Barat,2023-01-22,Basic
C20108,Rizky Anggraini,Pria,1999,Bekasi,Jawa Barat,2024-02-22,Basic
C20109,Intan Permana,Wanita,1982,Malang,Jawa Timur,2024-03-07,Gold
C20110,Vina Nugroho,Pria,1997,Depok,Jawa Barat,2023-07-02,Silver
C20111,Lestari Saputra,,1992,Medan,Sumatera Utara,2022-08-19,Gold
C20112,Maya Halim,Wanita,1991,Tangerang,Banten,2023-04-15,Gold
C20113,Bayu Setiawan,Wanita,1995,Denpasar,Bali,2023-02-25,Basic
C20114,Anisa Kusuma,Wanita,1999,Jakarta Timur,DKI Jakarta,2023-03-25,
C20115,Maya Ramadhan,Pria,1985,Jakarta Timur,DKI Jakarta,2024-05-11,Gold
C20116,Dewi Utami,Pria,1981,Tangerang,Banten,2023-09-13,Basic
C20117,Maya Saputra,Wanita,1980,Tangerang,Banten,2024-04-04,Basic
C20118,Intan Ramadhan,Pria,1991,Bandung,Jawa Barat,2022-07-12,Basic
C20119,Reza Kusuma,Wanita,1982,Bekasi,Jawa Barat,2023-05-18,Basic
C20120,Nurul Nugroho,,1978,Bandung,Jawa Barat,2022-10-14,Basic
C20121,Intan Kusuma,Wanita,1985,Jakbar,DKI Jakarta,2022-12-15,Basic
C20122,Sari Wijaya,Wanita,1976,Tangerang,Banten,2024-01-22,
C20123,Fajar Pratama,Wanita,1981,Makassar,Sulawesi Selatan,2023-07-15,Basic
C20124,Intan Firmansyah,Wanita,1995,Jakarta Selatan,DKI Jakarta,2023-05-31,Basic
C20125,Teguh Setiawan,Wanita,1993,Bekasi,Jawa Barat,2023-01-15,Basic
C20126,Yoga Setiawan,Pria,1984,Bandung,Jawa Barat,2022-01-12,Silver
C20127,Vina Nugroho,Pria,1982,Jakarta Barat,DKI Jakarta,2023-11-13,Silver
C20128,Reza Pratama,Pria,1993,Depok,Jawa Barat,2023-01-03,Basic
C20129,Arif Nugroho,Wanita,1988,Jakarta Barat,DKI Jakarta,2024-09-14,Basic
C20130,Yoga Pratama,Wanita,1983,Jakarta Timur,DKI Jakarta,2023-08-09,Basic
C20131,Nurul Setiawan,Wanita,2002,Medan,Sumatera Utara,2022-10-19,Basic
C20132,Yoga Pratama,Wanita,2003,Bandung,Jawa Barat,2024-06-08,Basic
C20133,Arif Permana,Wanita,1978,Semarang,Jawa Tengah,2022-08-20,Silver
C20134,Bayu Santoso,,1972, Bandung,Jawa Barat,2022-04-13,Basic
C20135,Hendra Firmansyah,Pria,1990,Surabaya,Jawa Timur,2022-10-18,Basic
C20136,Siti Pratama,Pria,1991,Bandung,Jawa Barat,2024-08-24,Gold
C20137,Sari Utami,Wanita,1992,Jakarta Timur,DKI Jakarta,2024-03-16,Silver
C20138,Wahyu Pratama,Wanita,1987,BANDUNG,Jawa Barat,2023-11-24,Basic
C20139,Galih Anggraini,Wanita,2001,Surabaya,Jawa Timur,2023-11-29,Silver
C20140,Dewi Wijaya,Pria,1972,Semarang,Jawa Tengah,2023-09-17,Gold
C20141,Maya Halim,Wanita,2000,Bogor,Jawa Barat,2022-06-03,Basic
C20142,Nurul Utami,Pria,1983,jakarta barat,DKI Jakarta,2024-02-24,Silver
C20143,Rani Ramadhan,Pria,1982,Jakarta Barat,DKI Jakarta,2023-06-01,Basic
C20144,Rani Firmansyah,Wanita,1990,Balikpapan,Kalimantan Timur,2023-07-30,Basic
C20145,Galih Saputra,Pria,1990,Balikpapan,Kalimantan Timur,2022-07-07,Basic
C20146,Arif Saputra,Pria,1973,Depok,Jawa Barat,2024-06-15,Silver
C20147,Bayu Pratama,Wanita,1987,Jakarta Selatan,DKI Jakarta,2023-06-11,Silver
C20148,Dewi Firmansyah,Pria,1988,Bekasi,Jawa Barat,2024-07-13,Basic
C20149,Putri Permana,Pria,1995,Tangerang,Banten,2024-08-28,Basic
C20150,Dimas Setiawan,Wanita,2003,Medan,Sumatera Utara,2022-01-26,Basic
C20151,Bayu Kusuma,Wanita,1982,Bogor,Jawa Barat,2024-03-28,Basic
C20152,Rizky Setiawan,Wanita,1999,BANDUNG,Jawa Barat,2022-01-01,Basic
C20153,Nadia Santoso,Wanita,2003,Jakarta Timur,DKI Jakarta,2024-07-30,Gold
C20154,Agus Santoso,Wanita,1972,Bandung,Jawa Barat,2022-04-10,Basic
C20155,Fajar Utami,,1972,jakarta selatan,DKI Jakarta,2022-06-20,Basic
C20156,Nurul Saputra,Pria,1982,Depok,Jawa Barat,2024-05-25,Basic
C20157,Lestari Setiawan,,1973,Bogor,Jawa Barat,2022-09-20,Silver
C20158,Nadia Utami,Wanita,1983,Bandung,Jawa Barat,2023-10-24,Silver
C20159,Dewi Utami,Pria,2000,Jakarta Barat,DKI Jakarta,2023-08-23,Silver
C20160,Andi Pratama,Wanita,1984,Semarang,Jawa Tengah,2022-10-15,Silver
C20161,Siti Setiawan,Wanita,1999,Medan,Sumatera Utara,2023-09-24,Basic
C20162,Andi Pratama,Pria,1993,Bogor,Jawa Barat,2022-07-24,Silver
C20163,Lestari Setiawan,Wanita,1970,JAKARTA SELATAN,DKI Jakarta,2022-10-25,Basic
C20164,Maya Wijaya,Wanita,1976,Jakarta Selatan,DKI Jakarta,2023-11-21,Silver
C20165,Andi Wijaya,Pria,1995,Bandung,Jawa Barat,2024-08-30,Basic
C20166,Dewi Wijaya,Pria,1987,Jakarta Selatan,DKI Jakarta,2022-11-29,Gold
C20167,Lestari Utami,Pria,1990,Balikpapan,Kalimantan Timur,2024-04-07,Basic
C20168,Reza Kusuma,Wanita,1977,Tangsel,Banten,2023-07-29,Basic
C20169,Wahyu Permana,Pria,2003, Bandung,Jawa Barat,2022-04-14,
C20170,Galih Halim,Wanita,1984,Jakarta Timur,DKI Jakarta,2024-08-31,Basic
C20171,Dewi Wijaya,Wanita,2002,Jakarta Selatan,DKI Jakarta,2022-12-14,Basic
C20172,Rizky Pratama,Wanita,1991,Jakarta Selatan,DKI Jakarta,2022-04-15,
C20173,Rani Anggraini,Pria,1979,Semarang,Jawa Tengah,2024-06-25,Basic
C20174,Dewi Utami,Pria,2002,Jakarta Selatan,DKI Jakarta,2022-08-27,Silver
C20175,Nurul Kusuma,,1993,Surabaya,Jawa Timur,2022-05-08,Basic
C20176,Ayu Firmansyah,,1998,Tangerang,Banten,2023-09-27,Silver
C20177,Dimas Nugroho,Pria,1973,Semarang,Jawa Tengah,2022-05-21,Gold
C20178,Wahyu Firmansyah,Wanita,1972,Bekasi,Jawa Barat,2022-01-18,Silver
C20179,Wahyu Wijaya,Wanita,1989,Surabaya,Jawa Timur,2024-08-13,Silver
C20180,Nurul Permana,Wanita,1978,jakarta barat,DKI Jakarta,2022-04-30,
C20181,Agus Setiawan,Wanita,1974,Denpasar,Bali,2024-02-12,Basic
C20182,Yoga Anggraini,Pria,1984,Surabaya,Jawa Timur,2023-06-11,Basic
C20183,Dimas Halim,Wanita,1985,Medan,Sumatera Utara,2023-04-22,Silver
C20184,Rizky Nugroho,Pria,1976,Jakarta Selatan,DKI Jakarta,2023-10-17,Basic
C20185,Iqbal Santoso,Wanita,1987,Bandung,Jawa Barat,2024-06-25,Silver
C20186,Rani Ramadhan,Wanita,1993,Tangerang,Banten,2022-04-22,Basic
C20187,Nurul Kusuma,Pria,1985,tangerang selatan,Banten,2024-03-26,Gold
C20188,Arif Wijaya,Pria,1983,Tangerang Selatan,Banten,2022-02-15,
C20189,Putri Pratama,Pria,1996,Bandung,Jawa Barat,2022-08-05,Silver
C20190,Bayu Firmansyah,Wanita,1985,Tangerang,Banten,2023-10-31,Basic
C20191,Hendra Utami,Wanita,1995,Jakarta Barat,DKI Jakarta,2024-04-02,Basic
C20192,Iqbal Santoso,Wanita,1982,Tangerang Selatan,Banten,2024-08-04,Silver
C20193,Nurul Wijaya,Wanita,1996,Jakarta Timur,DKI Jakarta,2022-08-28,Gold
C20194,Wahyu Halim,Wanita,1985,Tangerang Selatan,Banten,2024-04-12,Basic
C20195,Putri Nugroho,Wanita,2002,Palembang,Sumatera Selatan,2023-02-06,Silver
C20196,Vina Halim,Pria,2003,Bekasi,Jawa Barat,2022-11-11,Basic
C20197,Yoga Utami,Wanita,1974,Makassar,Sulawesi Selatan,2022-05-30,Silver
C20198,Dimas Santoso,Pria,1976,Depok,Jawa Barat,2022-10-29,Basic
C20199,Arif Ramadhan,Wanita,1976,Semarang,Jawa Tengah,2023-03-09,Silver
C20200,Nadia Anggraini,Wanita,1997,Tangerang Selatan,Banten,2022-12-08,Basic
C20201,Arif Nugroho,Wanita,2002,Bekasi,Jawa Barat,2023-03-01,Gold
C20202,Anisa Utami,Wanita,1975,Tangerang Selatan,Banten,2022-01-23,Silver
C20203,Dewi Utami,Wanita,1996,Palembang,Sumatera Selatan,2022-01-24,Basic
C20204,Budi Pratama,Wanita,1979,Bekasi,Jawa Barat,2024-05-25,Basic
C20205,Andi Halim,Pria,1994,TANGSEL,Banten,2022-04-12,Basic
C20206,Galih Utami,Pria,1977,Depok,Jawa Barat,2022-03-11,Basic
C20207,Anisa Anggraini,Wanita,1982,SBY,Jawa Timur,2022-12-25,Basic
C20208,Rani Saputra,Wanita,1974,Bekasi,Jawa Barat,2024-08-24,Basic
C20209,Fajar Firmansyah,Pria,1999,Jakarta Timur,DKI Jakarta,2023-09-03,
C20210,Vina Santoso,Wanita,1984,Bogor,Jawa Barat,2024-02-25,Basic
C20211,Vina Halim,Pria,1983,Palembang,Sumatera Selatan,2024-08-29,Basic
C20212,Putri Permana,Pria,1991,Semarang,Jawa Tengah,2024-03-18,
C20213,Vina Santoso,Wanita,2003,Tangerang,Banten,2023-12-28,Gold
C20214,Fajar Santoso,Wanita,1986,SBY,Jawa Timur,2024-08-05,Silver
C20215,Fitri Kusuma,Wanita,1970,Makassar,Sulawesi Selatan,2024-08-01,Basic
C20216,Fitri Hidayat,Wanita,1986,Jakarta Timur,DKI Jakarta,2024-02-07,Basic
C20217,Maya Rahayu,Wanita,2002,Jakarta Barat,DKI Jakarta,2024-09-08,Basic
C20218,Nadia Nugroho,Pria,1991,Surabaya,Jawa Timur,2022-11-22,Silver
C20219,Anisa Firmansyah,Wanita,2003,Depok,Jawa Barat,2024-04-05,Silver
C20220,Maya Halim,,1981,Jakarta Selatan,DKI Jakarta,2022-08-24,Basic
C20221,Yoga Permana,,1975,JAKARTA BARAT,DKI Jakarta,2024-09-18,Basic
C20222,Nurul Anggraini,Wanita,1992,Tangerang,Banten,2023-04-19,Silver
C20223,Vina Saputra,Pria,1990,Jakarta Barat,DKI Jakarta,2022-12-05,Basic
C20224,Nurul Utami,Wanita,1999,jakarta timur,DKI Jakarta,2022-05-13,Basic
C20225,Teguh Kusuma,Wanita,1984,Medan,Sumatera Utara,2023-04-30,Basic
C20226,Fajar Anggraini,Wanita,1986,Tangerang,Banten,2022-05-07,Basic
C20227,Fitri Anggraini,Pria,1982,Malang,Jawa Timur,2024-09-21,
C20228,Agus Santoso,Pria,1987,Balikpapan,Kalimantan Timur,2022-04-14,Basic
C20229,Wahyu Wijaya,Wanita,2001,Depok,Jawa Barat,2024-07-31,Basic
C20230,Rizky Rahayu,Pria,1995,Bogor,Jawa Barat,2023-04-30,Basic
C20231,Sari Kusuma,Wanita,1996,JAKARTA SELATAN,DKI Jakarta,2023-03-20,Silver
C20232,Hendra Anggraini,Pria,2000,Bandung,Jawa Barat,2022-07-08,Basic
C20233,Putri Pratama,Wanita,1984,Bandung,Jawa Barat,2022-05-19,Basic
C20234,Iqbal Utami,Wanita,1989,Jakarta Timur,DKI Jakarta,2023-02-24,Basic
C20235,Andi Saputra,Wanita,1996,Tangerang Selatan,Banten,2022-04-02,Basic
C20236,Dewi Pratama,,1971,Medan,Sumatera Utara,2022-05-11,Basic
C20237,Wahyu Permana,,1997,Balikpapan,Kalimantan Timur,2023-12-19,Basic
C20238,Lestari Hidayat,Pria,1970,Jaksel,DKI Jakarta,2022-03-02,Basic
C20239,Dimas Santoso,Pria,1989,Balikpapan,Kalimantan Timur,2022-03-01,Basic
C20240,Ayu Utami,Pria,1992,Bandung,Jawa Barat,2023-01-07,Silver
C20241,Vina Permana,Wanita,1976,Palembang,Sumatera Selatan,2023-06-14,Gold
C20242,Yoga Santoso,Wanita,1970,Bekasi,Jawa Barat,2024-03-26,Basic
C20243,Yoga Permana,Pria,1975,Tangerang Selatan,Banten,2023-03-26,Gold
C20244,Iqbal Nugroho,Pria,1979,Bandung,Jawa Barat,2023-09-16,Basic
C20245,Ayu Rahayu,Pria,1993,Surabaya,Jawa Timur,2022-06-24,Gold
C20246,Putri Pratama,Wanita,2000,surabaya,Jawa Timur,2023-03-02,Basic
C20247,Wahyu Ramadhan,Pria,1998,Surabaya,Jawa Timur,2023-01-17,Basic
C20248,Vina Ramadhan,Wanita,1985,Jakarta Selatan,DKI Jakarta,2024-05-20,Silver
C20249,Nadia Hidayat,Wanita,1978,Bekasi,Jawa Barat,2024-04-24,Silver
C20250,Fajar Pratama,Wanita,1979,Jakarta Selatan,DKI Jakarta,2024-05-18,Basic
C20251,Fajar Nugroho,,1990,Jakarta Barat,DKI Jakarta,2023-04-21,Basic
C20252,Ayu Wijaya,Wanita,1970,Bekasi,Jawa Barat,2023-02-18,Basic
C20253,Anisa Rahayu,Pria,1994,Tangerang Selatan,Banten,2023-10-09,Silver
C20254,Dewi Firmansyah,Wanita,2000,Surabaya,Jawa Timur,2022-11-04,Basic
C20255,Vina Utami,Wanita,1984,Jakarta Barat,DKI Jakarta,2024-04-13,Silver
C20256,Budi Wijaya,Wanita,1976,SBY,Jawa Timur,2022-12-23,Basic
C20257,Budi Pratama,Pria,1976,Jakarta Timur,DKI Jakarta,2024-02-03,Basic
C20258,Lestari Utami,Pria,2002,Jaktim,DKI Jakarta,2022-09-28,Basic
C20259,Hendra Kusuma,Pria,1976,Tangerang,Banten,2024-06-17,
C20260,Fitri Halim,Pria,2000,Medan,Sumatera Utara,2023-04-14,Basic
C20261,Citra Rahayu,Pria,1997,Depok,Jawa Barat,2023-07-09,Gold
C20262,Galih Kusuma,Wanita,1989,Tangerang Selatan,Banten,2022-12-03,Basic
C20263,Dewi Kusuma,Pria,2003,Bogor,Jawa Barat,2023-11-07,Silver
C20264,Teguh Hidayat,,1981,Tangerang Selatan,Banten,2024-04-29,Basic
C20265,Arif Kusuma,Wanita,1985,Tangerang Selatan,Banten,2024-03-02,Basic
C20266,Dimas Firmansyah,Wanita,1988,Depok,Jawa Barat,2024-05-25,Basic
C20267,Bayu Santoso,Wanita,1995,Jakarta Barat,DKI Jakarta,2023-02-14,Gold
C20268,Siti Santoso,Wanita,1985,Palembang,Sumatera Selatan,2024-06-10,Basic
C20269,Wahyu Ramadhan,,1975,Tangsel,Banten,2023-11-27,Basic
C20270,Nadia Ramadhan,Wanita,1987,Depok,Jawa Barat,2023-06-19,Basic
C20271,Intan Firmansyah,Wanita,1984,Tangerang Selatan,Banten,2022-07-19,Basic
C20272,Rani Santoso,Wanita,1995,Semarang,Jawa Tengah,2024-08-11,Silver
C20273,Arif Kusuma,Pria,1987,bandung,Jawa Barat,2022-12-09,Basic
C20274,Maya Halim,Wanita,1995,Malang,Jawa Timur,2022-11-18,Basic
C20275,Rizky Utami,Wanita,1971,Balikpapan,Kalimantan Timur,2023-05-15,Basic
C20276,Reza Rahayu,Pria,1977,Tangerang Selatan,Banten,2022-04-02,Basic
C20277,Iqbal Halim,Wanita,1987,Jakarta Selatan,DKI Jakarta,2024-04-01,Gold
C20278,Teguh Anggraini,Pria,1995,Jakarta Timur,DKI Jakarta,2022-06-05,Basic
C20279,Wahyu Utami,Wanita,1971,Bogor,Jawa Barat,2022-09-16,Gold
C20280,Galih Rahayu,Pria,1970,Tangerang,Banten,2022-01-09,Basic
C20281,Hendra Nugroho,Pria,1974,JAKARTA SELATAN,DKI Jakarta,2023-03-24,Basic
C20282,Rizky Rahayu,Pria,1995,Depok,Jawa Barat,2023-07-18,Basic
C20283,Iqbal Kusuma,Wanita,2003,Bandung,Jawa Barat,2022-05-13,Basic
C20284,Teguh Permana,Wanita,1972,jakarta timur,DKI Jakarta,2023-11-18,Silver
C20285,Sari Rahayu,Pria,1990,Makassar,Sulawesi Selatan,2022-02-06,Silver
C20286,Fajar Halim,Pria,1989,Yogyakarta,DI Yogyakarta,2024-01-26,Basic
C20287,Ayu Santoso,Wanita,2003,Jakarta Timur,DKI Jakarta,2024-05-09,Silver
C20288,Putri Wijaya,Pria,1982,Malang,Jawa Timur,2023-01-26,Silver
C20289,Lestari Permana,Wanita,1993,Jakarta Selatan,DKI Jakarta,2024-09-16,Basic
C20290,Nurul Utami,Pria,2001,Palembang,Sumatera Selatan,2024-04-18,Basic
C20291,Yoga Nugroho,Pria,1971,Bekasi,Jawa Barat,2022-06-12,Basic
C20292,Sari Firmansyah,Pria,1979,Bandung,Jawa Barat,2023-11-01,Silver
C20293,Hendra Saputra,Pria,1982,Tangerang,Banten,2024-06-09,Silver
C20294,Bayu Hidayat,Pria,1975,Depok,Jawa Barat,2022-08-16,
C20295,Citra Saputra,Pria,1990,bandung,Jawa Barat,2024-03-30,Basic
C20296,Reza Utami,Wanita,1995,Jakarta Timur,DKI Jakarta,2023-07-05,Basic
C20297,Budi Kusuma,Pria,1986,Tangerang,Banten,2024-04-19,Silver
C20298,Bayu Halim,Pria,1976,Bogor,Jawa Barat,2022-09-28,Silver
C20299,Bayu Utami,Pria,2003,Jakarta Selatan,DKI Jakarta,2024-03-31,Basic
C20300,Anisa Kusuma,Pria,1987,Bekasi,Jawa Barat,2024-09-25,Silver
C20301,Arif Setiawan,Pria,1984,Medan,Sumatera Utara,2022-02-04,Basic
C20302,Rani Wijaya,Wanita,1986,Medan,Sumatera Utara,2022-03-12,Basic
C20303,Intan Utami,Pria,1985,Jakarta Timur,DKI Jakarta,2024-07-17,Basic
C20304,Vina Santoso,Pria,1980,Tangerang Selatan,Banten,2023-09-18,Basic
C20305,Iqbal Setiawan,Pria,1979,Depok,Jawa Barat,2023-04-24,Basic
C20306,Teguh Hidayat,Pria,2002,SBY,Jawa Timur,2022-10-26,Basic
C20307,Agus Firmansyah,Pria,1973,Tangerang Selatan,Banten,2022-01-17,Silver
C20308,Fajar Kusuma,Pria,1989,Jakarta Barat,DKI Jakarta,2023-02-17,Basic
C20309,Dimas Permana,Pria,1986,Yogyakarta,DI Yogyakarta,2023-03-05,Basic
C20310,Arif Setiawan,,1987,Balikpapan,Kalimantan Timur,2024-06-02,Basic
C20311,Fajar Saputra,Wanita,1973,Bekasi,Jawa Barat,2023-04-23,Gold
C20312,Rizky Utami,Wanita,1992,Semarang,Jawa Tengah,2024-05-25,Silver
C20313,Intan Wijaya,Wanita,1989,Jakarta Selatan,DKI Jakarta,2022-06-18,Basic
C20314,Maya Hidayat,Pria,1971,Bogor,Jawa Barat,2022-03-24,Basic
C20315,Maya Kusuma,Pria,1985,surabaya,Jawa Timur,2024-06-04,Silver
C20316,Nurul Permana,Wanita,2003,Yogyakarta,DI Yogyakarta,2023-11-16,Basic
C20317,Nadia Hidayat,Pria,1987,bandung,Jawa Barat,2024-01-29,
C20318,Rani Pratama,Pria,1995,Balikpapan,Kalimantan Timur,2024-03-16,Silver
C20319,Intan Kusuma,Wanita,1973,Denpasar,Bali,2024-08-17,Silver
C20320,Teguh Santoso,,1990,Jogja,DI Yogyakarta,2023-04-12,
C20321,Bayu Anggraini,Pria,1993,Bandung,Jawa Barat,2024-03-22,Basic
C20322,Galih Anggraini,Pria,1982,Malang,Jawa Timur,2023-09-13,Basic
C20323,Agus Setiawan,Pria,1983,jakarta timur,DKI Jakarta,2024-07-29,Gold
C20324,Arif Wijaya,,1972,Depok,Jawa Barat,2024-09-12,Basic
C20325,Sari Ramadhan,,1972,Denpasar,Bali,2023-04-28,Basic
C20326,Ayu Pratama,Pria,1997,Surabaya,Jawa Timur,2024-08-09,Basic
C20327,Nadia Firmansyah,Wanita,1995,Bogor,Jawa Barat,2024-03-27,Basic
C20328,Galih Saputra,,1971,Makassar,Sulawesi Selatan,2024-02-24,Basic
C20329,Dimas Anggraini,Wanita,2001,Jakarta Barat,DKI Jakarta,2023-02-13,Basic
C20330,Maya Ramadhan,Wanita,1997,Palembang,Sumatera Selatan,2024-02-10,Basic
C20331,Lestari Kusuma,Pria,1992,Yogyakarta,DI Yogyakarta,2023-03-29,Basic
C20332,Dimas Kusuma,Pria,1972,Jakarta Timur,DKI Jakarta,2023-10-16,Silver
C20333,Intan Rahayu,Wanita,1999,Bekasi,Jawa Barat,2024-06-20,Basic
C20334,Yoga Utami,Wanita,1987,Malang,Jawa Timur,2023-09-23,Basic
C20335,Galih Wijaya,Pria,1986,Jakarta Timur,DKI Jakarta,2024-04-22,Basic
C20336,Yoga Halim,Pria,1982,Bogor,Jawa Barat,2023-06-02,Basic
C20337,Galih Firmansyah,Wanita,1982,Tangerang Selatan,Banten,2024-06-24,
C20338,Bayu Nugroho,Pria,1996,Malang,Jawa Timur,2024-05-17,Gold
C20339,Nurul Permana,Pria,2000,Jakarta Timur,DKI Jakarta,2022-09-23,Basic
C20340,Fajar Kusuma,Pria,2003,Depok,Jawa Barat,2024-09-14,Basic
C20341,Ayu Santoso,Wanita,1979,Yogyakarta,DI Yogyakarta,2023-04-04,Silver
C20342,Rizky Halim,Wanita,1998,Malang,Jawa Timur,2022-12-31,Basic
C20343,Citra Setiawan,Pria,1972,Bekasi,Jawa Barat,2024-07-11,Basic
C20344,Andi Rahayu,Pria,1976,Bandung,Jawa Barat,2023-05-17,Basic
C20345,Vina Wijaya,Pria,1987,Makassar,Sulawesi Selatan,2023-10-02,Silver
C20346,Sari Santoso,Wanita,1999,Balikpapan,Kalimantan Timur,2024-05-05,Silver
C20347,Yoga Ramadhan,Pria,2000,Depok,Jawa Barat,2022-09-30,Basic
C20348,Ayu Anggraini,Pria,1987,Jakarta Barat,DKI Jakarta,2023-11-30,Silver
C20349,Citra Kusuma,Pria,1999,JAKARTA BARAT,DKI Jakarta,2023-12-01,Basic
C20350,Andi Setiawan,Pria,1989,jakarta selatan,DKI Jakarta,2024-08-17,Silver
C20351,Agus Pratama,Wanita,1987,Yogyakarta,DI Yogyakarta,2023-07-25,Basic
C20352,Intan Saputra,Pria,1975,Depok,Jawa Barat,2024-05-25,Silver
C20353,Maya Permana,Wanita,1979,Yogyakarta,DI Yogyakarta,2023-12-29,Basic
C20354,Lestari Pratama,Wanita,1971,Bekasi,Jawa Barat,2024-01-05,Silver
C20355,Andi Ramadhan,Wanita,1980,Jaktim,DKI Jakarta,2024-09-24,Basic
C20356,Iqbal Setiawan,Wanita,2002,Makassar,Sulawesi Selatan,2024-02-06,
C20357,Intan Wijaya,Pria,1991,Malang,Jawa Timur,2023-03-20,Basic
C20358,Reza Setiawan,Wanita,1980,Denpasar,Bali,2022-11-06,Basic
C20359,Fitri Firmansyah,Wanita,1999,Denpasar,Bali,2023-05-20,Basic
C20360,Hendra Anggraini,Wanita,1999,Medan,Sumatera Utara,2022-11-21,Silver
C20361,Wahyu Rahayu,Wanita,1974,Balikpapan,Kalimantan Timur,2023-10-13,Basic
C20362,Intan Santoso,Wanita,1983,Jakarta Selatan,DKI Jakarta,2022-02-02,Basic
C20363,Nurul Santoso,Pria,1973,Jakarta Timur,DKI Jakarta,2022-06-14,Basic
C20364,Teguh Nugroho,Wanita,2000,Bogor,Jawa Barat,2023-04-19,Silver
C20365,Bayu Pratama,Wanita,1988,Bekasi,Jawa Barat,2022-10-31,Silver
C20366,Ayu Ramadhan,Pria,1990,SBY,Jawa Timur,2023-11-06,Silver
C20367,Andi Saputra,Wanita,1997,Jakarta Selatan,DKI Jakarta,2024-02-07,Basic
C20368,Agus Santoso,Pria,1974,Jakarta Barat,DKI Jakarta,2023-03-29,Basic
C20369,Hendra Anggraini,Wanita,1983,Jakarta Barat,DKI Jakarta,2022-12-29,Basic
C20370,Yoga Utami,Wanita,1973,Tangerang Selatan,Banten,2024-08-11,Basic
C20371,Hendra Santoso,Wanita,1971,Tangerang,Banten,2022-07-10,Silver
C20372,Wahyu Halim,Pria,1974,Jakarta Barat,DKI Jakarta,2023-10-16,Basic
C20373,Sari Wijaya,Wanita,1980,Tangerang,Banten,2022-09-10,Basic
C20374,Anisa Pratama,Pria,1983,Palembang,Sumatera Selatan,2023-09-22,Basic
C20375,Rizky Utami,Pria,1980,JAKARTA BARAT,DKI Jakarta,2022-08-31,Silver
C20376,Rani Utami,Wanita,1973,Surabaya ,Jawa Timur,2022-01-16,Gold
C20377,Nadia Anggraini,Wanita,1979,Semarang,Jawa Tengah,2024-06-28,Silver
C20378,Wahyu Halim,Pria,1989,Jakarta Barat,DKI Jakarta,2022-10-22,Basic
C20379,Intan Nugroho,Wanita,1992,Surabaya,Jawa Timur,2023-12-08,Basic
C20380,Vina Permana,,2000,Jaksel,DKI Jakarta,2024-04-07,
C20381,Intan Santoso,Wanita,1984,Palembang,Sumatera Selatan,2023-05-21,Basic
C20382,Nurul Setiawan,Wanita,1998,Surabaya,Jawa Timur,2023-05-10,Basic
C20383,Citra Pratama,Pria,1997, Bandung,Jawa Barat,2023-02-20,
C20384,Andi Firmansyah,Pria,1993,Semarang,Jawa Tengah,2023-09-01,Gold
C20385,Galih Santoso,Wanita,1975,Balikpapan,Kalimantan Timur,2023-04-17,Basic
C20386,Rizky Saputra,,1986,BANDUNG,Jawa Barat,2023-05-29,Basic
C20387,Siti Firmansyah,Pria,1992,Depok,Jawa Barat,2023-08-10,Silver
C20388,Dewi Nugroho,Pria,1988,Jakarta Selatan,DKI Jakarta,2024-07-02,Silver
C20389,Anisa Hidayat,,2000,jakarta timur,DKI Jakarta,2022-03-24,Gold
C20390,Ayu Santoso,Wanita,1972,Jaktim,DKI Jakarta,2024-02-03,Silver
C20391,Putri Kusuma,Pria,1973,Jakarta Selatan,DKI Jakarta,2024-02-29,Basic
C20392,Wahyu Nugroho,Wanita,1992,Bogor,Jawa Barat,2022-08-31,Gold
C20393,Dewi Utami,Wanita,2003,Makassar,Sulawesi Selatan,2024-02-07,Silver
C20394,Ayu Nugroho,Pria,1977,Jaksel,DKI Jakarta,2024-02-22,Silver
C20395,Agus Setiawan,,1971,Bekasi,Jawa Barat,2022-06-29,Basic
C20396,Fitri Hidayat,Pria,1981,Jakarta Timur,DKI Jakarta,2024-08-10,Silver
C20397,Fitri Pratama,Pria,1991,Jakarta Barat,DKI Jakarta,2023-06-21,Basic
C20398,Wahyu Kusuma,Wanita,1975,Semarang,Jawa Tengah,2022-01-06,Basic
C20399,Vina Anggraini,Wanita,1988,Bandung,Jawa Barat,2023-03-13,Basic
C20400,Reza Anggraini,Wanita,2000,Tangerang Selatan,Banten,2024-08-29,Silver
C20401,Bayu Wijaya,Wanita,1981,Bandung,Jawa Barat,2022-01-21,Basic
C20402,Lestari Rahayu,Wanita,2003,surabaya,Jawa Timur,2022-02-19,Silver
C20403,Anisa Pratama,,1988,Denpasar,Bali,2022-01-20,Basic
C20404,Dewi Rahayu,Pria,1998,Jogjakarta,DI Yogyakarta,2022-08-04,Silver
C20405,Citra Ramadhan,Pria,1984,Palembang,Sumatera Selatan,2023-06-14,Basic
C20406,Arif Firmansyah,Wanita,1972,Jakarta Timur,DKI Jakarta,2024-01-28,Basic
C20407,Iqbal Rahayu,Pria,2002,Tangerang,Banten,2023-06-03,Basic
C20408,Hendra Hidayat,Wanita,1981,Jakarta Timur,DKI Jakarta,2022-05-02,Basic
C20409,Galih Nugroho,Wanita,1994,Bogor,Jawa Barat,2023-12-27,Basic
C20410,Ayu Ramadhan,Wanita,1970,Bandung,Jawa Barat,2024-02-24,Basic
C20411,Hendra Utami,Wanita,1982,jakarta selatan,DKI Jakarta,2024-08-15,Basic
C20412,Budi Setiawan,Pria,1995,Yogyakarta,DI Yogyakarta,2024-08-04,Basic
C20413,Budi Anggraini,Pria,1991,Bogor,Jawa Barat,2023-09-01,Basic
C20414,Budi Rahayu,Wanita,1981,Bandung,Jawa Barat,2022-11-11,Gold
C20415,Nurul Halim,Pria,1986,Bekasi,Jawa Barat,2023-03-28,Basic
C20416,Hendra Kusuma,Pria,1988,bandung,Jawa Barat,2022-04-12,Basic
C20417,Siti Halim,Pria,1989,Depok,Jawa Barat,2024-02-17,Basic
C20418,Budi Wijaya,Pria,1995,Bogor,Jawa Barat,2024-05-30,Basic
C20419,Vina Hidayat,Wanita,1989,Jakarta Timur,DKI Jakarta,2024-05-12,Basic
C20420,Citra Firmansyah,Wanita,1974,Tangerang Selatan,Banten,2022-01-09,Basic
C20421,Intan Utami,Wanita,1982,Jakarta Barat,DKI Jakarta,2023-11-09,Basic
C20422,Nadia Saputra,Wanita,1994,Jakarta Selatan,DKI Jakarta,2023-03-31,Basic
C20423,Yoga Halim,Wanita,1986,Bekasi,Jawa Barat,2024-08-29,Basic
C20424,Rizky Halim,Pria,2001, Bandung,Jawa Barat,2022-02-28,Silver
C20425,Ayu Ramadhan,Wanita,1994,Jakarta Barat,DKI Jakarta,2023-04-11,Basic
C20426,Reza Wijaya,Wanita,1988,jakarta selatan,DKI Jakarta,2022-01-29,Silver
C20427,Maya Permana,Wanita,2000,Depok,Jawa Barat,2023-04-15,Silver
C20428,Fajar Anggraini,Pria,1981,Jakarta Selatan,DKI Jakarta,2022-10-24,Basic
C20429,Budi Anggraini,Wanita,1978,Semarang,Jawa Tengah,2023-07-01,Basic
C20430,Reza Firmansyah,Wanita,1983,Semarang,Jawa Tengah,2024-07-13,Basic
C20431,Arif Pratama,Pria,2000,Bekasi,Jawa Barat,2024-08-02,Basic
C20432,Arif Nugroho,,1976,Bandung,Jawa Barat,2023-03-24,Basic
C20433,Nurul Utami,Pria,1987,JAKARTA SELATAN,DKI Jakarta,2022-10-23,Basic
C20434,Hendra Anggraini,Wanita,1976,Malang,Jawa Timur,2023-12-23,Basic
C20435,Anisa Halim,Pria,1982,Balikpapan,Kalimantan Timur,2023-03-23,Basic
C20436,Arif Setiawan,Pria,1984,Jakarta Barat,DKI Jakarta,2023-07-15,Silver
C20437,Anisa Nugroho,Wanita,1982,Surabaya,Jawa Timur,2023-03-03,Silver
C20438,Maya Setiawan,,1980,Depok,Jawa Barat,2022-05-30,Basic
C20439,Nadia Permana,Pria,1975,Makassar,Sulawesi Selatan,2022-06-12,Silver
C20440,Bayu Saputra,,2002,Bekasi,Jawa Barat,2024-06-29,Basic
C20441,Hendra Pratama,Wanita,2000,Medan,Sumatera Utara,2023-07-01,Silver
C20442,Budi Saputra,Wanita,1974,Makassar,Sulawesi Selatan,2024-03-25,Basic
C20443,Citra Setiawan,Wanita,1971,SBY,Jawa Timur,2023-04-02,Basic
C20444,Putri Setiawan,Wanita,1988,Bandung,Jawa Barat,2023-06-22,Basic
C20445,Yoga Rahayu,Pria,1999,Jakarta Timur,DKI Jakarta,2024-07-22,Basic
C20446,Citra Anggraini,Pria,1994,Bekasi,Jawa Barat,2024-02-13,Basic
C20447,Reza Ramadhan,Pria,2003,Depok,Jawa Barat,2023-09-02,Basic
C20448,Anisa Firmansyah,Wanita,1972,Jogja,DI Yogyakarta,2023-07-15,Basic
C20449,Anisa Setiawan,Wanita,1973,Bandung,Jawa Barat,2024-06-30,Basic
C20450,Nurul Setiawan,Pria,1984,bandung,Jawa Barat,2023-06-30,Basic
C20451,Nadia Permana,Pria,1976,Jakarta Selatan,DKI Jakarta,2024-05-08,Silver
C20452,Putri Anggraini,Wanita,2003,Semarang,Jawa Tengah,2023-04-13,Basic
C20453,Maya Anggraini,Wanita,1991,Jakarta Barat,DKI Jakarta,2024-01-06,Basic
C20454,Putri Pratama,Pria,1997,JAKARTA BARAT,DKI Jakarta,2023-07-03,
C20455,Dimas Setiawan,Wanita,1973,surabaya,Jawa Timur,2024-05-04,Basic
C20456,Iqbal Pratama,Pria,1989,Depok,Jawa Barat,2023-04-10,Basic
C20457,Maya Nugroho,Pria,1973,Bandung,Jawa Barat,2023-03-14,
C20458,Andi Nugroho,Pria,1973,Jaktim,DKI Jakarta,2024-08-12,Silver
C20459,Nurul Utami,Wanita,1980,SBY,Jawa Timur,2022-04-16,Basic
C20460,Intan Halim,Pria,1993,Surabaya,Jawa Timur,2024-06-17,Basic
C20461,Anisa Saputra,Pria,2002,Bekasi,Jawa Barat,2022-08-05,Silver
C20462,Wahyu Nugroho,Wanita,1990,Jaktim,DKI Jakarta,2024-06-04,Basic
C20463,Ayu Utami,Wanita,1990,Jakarta Barat,DKI Jakarta,2023-09-18,Gold
C20464,Vina Saputra,Wanita,1975,Palembang,Sumatera Selatan,2023-11-23,Basic
C20465,Nadia Nugroho,Wanita,1986,Palembang,Sumatera Selatan,2023-05-22,Basic
C20466,Dewi Permana,Pria,1996,Balikpapan,Kalimantan Timur,2022-03-05,Basic
C20467,Nurul Rahayu,Pria,1989,Tangerang Selatan,Banten,2024-05-07,Gold
C20468,Lestari Anggraini,Pria,1995,Jakarta selatan,DKI Jakarta,2023-08-29,Basic
C20469,Putri Rahayu,Wanita,2003,SBY,Jawa Timur,2023-11-18,Silver
C20470,Iqbal Kusuma,,1983,Surabaya,Jawa Timur,2024-08-13,Silver
C20471,Nurul Wijaya,Pria,1990,Bekasi,Jawa Barat,2024-02-10,Basic
C20472,Putri Nugroho,Wanita,1989,Bekasi,Jawa Barat,2022-06-17,Silver
C20473,Maya Nugroho,Pria,1983,Medan,Sumatera Utara,2023-06-24,Basic
C20474,Putri Ramadhan,Pria,1975,Bogor,Jawa Barat,2024-01-10,Gold
C20475,Fajar Saputra,Wanita,1993,Surabaya,Jawa Timur,2023-12-10,Basic
C20476,Wahyu Firmansyah,Pria,2000, Bandung,Jawa Barat,2023-05-08,Basic
C20477,Dimas Pratama,Pria,1995,Depok,Jawa Barat,2023-01-15,Basic
C20478,Budi Saputra,Wanita,1999,Jakarta Selatan,DKI Jakarta,2024-01-03,Basic
C20479,Ayu Permana,Wanita,1993,Bekasi,Jawa Barat,2023-07-23,Basic
C20480,Siti Nugroho,Pria,1980,Semarang,Jawa Tengah,2023-09-25,
C20481,Sari Kusuma,Wanita,1984,Tangerang Selatan,Banten,2023-10-08,Gold
C20482,Citra Halim,Pria,1973,Jaktim,DKI Jakarta,2023-07-13,Basic
C20483,Wahyu Kusuma,Wanita,1999,TANGSEL,Banten,2024-01-02,Basic
C20484,Fitri Rahayu,Pria,1979,Bogor,Jawa Barat,2023-01-03,Basic
C20485,Siti Saputra,Wanita,2002,Tangsel,Banten,2023-02-14,Basic
C20486,Galih Setiawan,Wanita,1981,Depok,Jawa Barat,2024-02-04,
C20487,Vina Rahayu,Pria,1999,Tangerang Selatan,Banten,2023-10-15,Basic
C20488,Agus Nugroho,Pria,1997,Palembang,Sumatera Selatan,2022-09-16,Basic
C20489,Iqbal Wijaya,Wanita,1972,Makassar,Sulawesi Selatan,2024-07-31,Gold
C20490,Iqbal Halim,Pria,1971,Surabaya ,Jawa Timur,2022-05-28,Silver
C20491,Andi Firmansyah,Pria,1976,Tangerang,Banten,2023-02-13,Gold
C20492,Lestari Hidayat,Pria,1997,Bandung,Jawa Barat,2022-01-09,Basic
C20493,Siti Santoso,,2000,jakarta barat,DKI Jakarta,2022-02-09,Silver
C20494,Intan Nugroho,Wanita,1984,Depok,Jawa Barat,2023-10-06,Basic
C20495,Nadia Ramadhan,Wanita,1974,Malang,Jawa Timur,2023-06-18,Basic
C20496,Agus Pratama,Pria,1974,Semarang,Jawa Tengah,2022-06-26,Basic
C20497,Wahyu Santoso,Pria,2003,Tangerang Selatan,Banten,2023-10-16,Silver
C20498,Fitri Ramadhan,Wanita,1988,Yogyakarta,DI Yogyakarta,2024-03-19,Silver
C20499,Rani Rahayu,Wanita,1984,Semarang,Jawa Tengah,2024-01-04,Gold
C20500,Ayu Pratama,Pria,1994,Bandung,Jawa Barat,2023-09-01,Basic
C20501,Andi Saputra,Pria,1994,Jakarta Selatan,DKI Jakarta,2023-07-15,Silver
C20502,Nadia Halim,Pria,1981,Jakarta Barat,DKI Jakarta,2024-05-27,Silver
C20503,Budi Ramadhan,Wanita,1990,Medan,Sumatera Utara,2023-01-23,Basic
C20504,Andi Saputra,Pria,1976,Malang,Jawa Timur,2024-07-01,Silver
C20505,Maya Rahayu,Pria,1998,Medan,Sumatera Utara,2022-11-08,Silver
C20506,Arif Saputra,Wanita,1973,Jakarta Timur,DKI Jakarta,2022-07-02,Silver
C20507,Teguh Rahayu,Wanita,1976,Denpasar,Bali,2023-07-09,Silver
C20508,Dimas Saputra,Pria,1993,Jakarta Barat,DKI Jakarta,2024-08-23,Basic
C20509,Nurul Kusuma,Pria,2001,Malang,Jawa Timur,2022-10-26,
C20510,Ayu Rahayu,Pria,1997,Jakarta Selatan,DKI Jakarta,2022-08-03,Silver
C20511,Rizky Saputra,Wanita,1978,Jakarta Timur,DKI Jakarta,2023-03-14,
C20512,Anisa Hidayat,Pria,1999,Surabaya,Jawa Timur,2024-08-31,Silver
C20513,Galih Anggraini,Pria,1970,Jakarta Selatan,DKI Jakarta,2022-03-10,Basic
C20514,Anisa Santoso,Wanita,1974,Jaksel,DKI Jakarta,2022-03-10,Basic
C20515,Rizky Utami,Wanita,1992,Tangerang,Banten,2022-04-05,Silver
C20516,Wahyu Setiawan,Pria,1972,Jakarta Selatan,DKI Jakarta,2024-02-17,Silver
C20517,Dewi Setiawan,Wanita,1993,jakarta timur,DKI Jakarta,2023-01-13,Basic
C20518,Ayu Anggraini,Wanita,1972,Bekasi,Jawa Barat,2022-04-23,Basic
C20519,Fitri Anggraini,Wanita,1998,Denpasar,Bali,2022-08-14,Basic
C20520,Wahyu Pratama,Wanita,1992,Bandung,Jawa Barat,2022-08-05,Basic
C20521,Galih Permana,Wanita,1989,Jaktim,DKI Jakarta,2022-09-12,Basic
C20522,Nadia Halim,Pria,2002,Medan,Sumatera Utara,2024-08-16,Basic
C20523,Iqbal Pratama,Wanita,2002,Yogyakarta,DI Yogyakarta,2022-12-01,Basic
C20524,Siti Permana,Pria,1977,Jakarta Barat,DKI Jakarta,2022-11-11,Basic
C20525,Dewi Nugroho,Wanita,1980,Jakarta Selatan,DKI Jakarta,2024-01-10,Silver
C20526,Ayu Ramadhan,Wanita,1973,Jakarta selatan,DKI Jakarta,2024-04-18,Silver
C20527,Fajar Hidayat,Wanita,2002,Yogyakarta,DI Yogyakarta,2022-09-25,Basic
C20528,Bayu Pratama,Wanita,1983,Jakarta Selatan,DKI Jakarta,2024-03-09,Silver
C20529,Iqbal Santoso,Pria,1997,Makassar,Sulawesi Selatan,2022-05-21,Basic
C20530,Reza Pratama,Pria,1982,Tangerang,Banten,2024-02-26,Silver
C20531,Rizky Wijaya,Pria,1984,Balikpapan,Kalimantan Timur,2024-01-22,Basic
C20532,Galih Anggraini,,1995,Tangerang Selatan,Banten,2023-01-25,Basic
C20533,Dewi Rahayu,Wanita,1994,BANDUNG,Jawa Barat,2024-07-17,Basic
C20534,Rizky Rahayu,Wanita,1981,Jakarta Selatan,DKI Jakarta,2022-04-26,Basic
C20535,Siti Utami,Pria,1987,Malang,Jawa Timur,2022-05-29,Silver
C20536,Andi Firmansyah,Wanita,2002,Depok,Jawa Barat,2024-05-30,Basic
C20537,Hendra Pratama,Wanita,2003,Bekasi,Jawa Barat,2024-05-21,Basic
C20538,Nurul Firmansyah,Wanita,1981,Surabaya ,Jawa Timur,2023-08-11,Gold
C20539,Dimas Pratama,,2003,Makassar,Sulawesi Selatan,2024-08-23,Basic
C20540,Iqbal Wijaya,Wanita,1996,Tangsel,Banten,2023-10-16,Basic
C20541,Arif Anggraini,Wanita,2000,Tangerang,Banten,2022-10-15,Basic
C20542,Arif Ramadhan,Wanita,1988,Balikpapan,Kalimantan Timur,2023-05-31,Basic
C20543,Citra Saputra,Pria,1975,Jakarta Timur,DKI Jakarta,2022-02-04,
C20544,Arif Permana,Wanita,2003,Jakarta Selatan,DKI Jakarta,2024-07-11,Basic
C20545,Arif Halim,Pria,1975,JAKARTA SELATAN,DKI Jakarta,2023-08-03,Silver
C20546,Anisa Rahayu,Pria,1972,Balikpapan,Kalimantan Timur,2022-11-27,Silver
C20547,Fajar Nugroho,Pria,2002,Medan,Sumatera Utara,2022-04-28,Basic
C20548,Anisa Permana,,1982,Jakarta Timur,DKI Jakarta,2022-08-21,Silver
C20549,Citra Kusuma,Pria,1992,Balikpapan,Kalimantan Timur,2022-01-26,Basic
C20550,Intan Ramadhan,Pria,1980,BANDUNG,Jawa Barat,2022-12-18,Basic
C20551,Putri Permana,Pria,1992,Palembang,Sumatera Selatan,2023-06-30,Basic
C20552,Nurul Permana,Wanita,1998,Bekasi,Jawa Barat,2024-04-25,Silver
C20553,Galih Utami,Pria,1970,Jakarta Timur,DKI Jakarta,2023-04-27,Silver
C20554,Andi Halim,Wanita,1986,Bekasi,Jawa Barat,2024-03-14,Silver
C20555,Andi Santoso,Pria,1993,Medan,Sumatera Utara,2023-10-05,
C20556,Rani Permana,,1996,Jakarta Timur,DKI Jakarta,2024-02-14,Basic
C20557,Fajar Hidayat,Wanita,1971,Tangerang,Banten,2024-07-24,Silver
C20558,Budi Pratama,Wanita,1988,Bekasi,Jawa Barat,2023-09-25,Basic
C20559,Nurul Hidayat,Pria,1995,bandung,Jawa Barat,2022-05-15,Basic
C20560,Citra Utami,Pria,1979,Bekasi,Jawa Barat,2023-11-24,Gold
C20561,Maya Permana,,1981,Jaksel,DKI Jakarta,2023-12-03,Basic
C20562,Siti Hidayat,Pria,1992,Semarang,Jawa Tengah,2023-04-19,Basic
C20563,Nurul Hidayat,Pria,1975,Bekasi,Jawa Barat,2024-06-16,Basic
C20564,Lestari Saputra,Pria,1986,Jakarta Barat,DKI Jakarta,2023-08-30,Basic
C20565,Ayu Rahayu,Wanita,1986,Bogor,Jawa Barat,2022-04-05,Basic
C20566,Siti Hidayat,Pria,1981,Bandung,Jawa Barat,2022-05-24,Silver
C20567,Nadia Hidayat,Pria,1993,Depok,Jawa Barat,2024-05-05,Silver
C20568,Siti Ramadhan,Pria,1983,Jakarta selatan,DKI Jakarta,2024-06-15,Basic
C20569,Wahyu Kusuma,Pria,2002,SBY,Jawa Timur,2022-03-01,Silver
C20570,Anisa Setiawan,Wanita,1981,Medan,Sumatera Utara,2023-11-14,Basic
C20571,Galih Hidayat,Wanita,1976,Surabaya,Jawa Timur,2023-05-23,Basic
C20572,Maya Hidayat,Wanita,1998,Jakarta Selatan,DKI Jakarta,2023-09-19,Basic
C20573,Bayu Nugroho,Wanita,1978,Bekasi,Jawa Barat,2022-06-03,Silver
C20574,Citra Permana,Pria,2002,Makassar,Sulawesi Selatan,2024-08-24,Basic
C20575,Budi Ramadhan,Pria,1979,Surabaya,Jawa Timur,2022-10-20,Basic
C20576,Budi Ramadhan,Wanita,1992,yogyakarta,DI Yogyakarta,2022-04-01,Basic
C20577,Dewi Halim,Pria,1998,Tangerang Selatan,Banten,2022-01-24,Basic
C20578,Galih Nugroho,Wanita,1975,Tangerang Selatan,Banten,2022-04-12,Basic
C20579,Fitri Nugroho,Pria,1988,Bekasi,Jawa Barat,2022-04-22,Basic
C20580,Agus Wijaya,Pria,1999,Denpasar,Bali,2024-02-26,Silver
C20581,Anisa Kusuma,Wanita,1997,Surabaya,Jawa Timur,2022-09-22,Silver
C20582,Yoga Pratama,Pria,1977,Surabaya,Jawa Timur,2022-01-20,Silver
C20583,Fajar Nugroho,Wanita,1993,Malang,Jawa Timur,2024-01-04,Basic
C20584,Andi Utami,,1992,Jakarta Timur,DKI Jakarta,2023-03-28,Silver
C20585,Siti Santoso,Pria,1972,Depok,Jawa Barat,2024-06-28,Gold
C20586,Rani Pratama,Pria,1983,Surabaya,Jawa Timur,2023-05-28,Basic
C20587,Nadia Kusuma,,2001,Semarang,Jawa Tengah,2023-08-21,Basic
C20588,Siti Utami,Pria,1995,Depok,Jawa Barat,2023-03-05,Basic
C20589,Bayu Rahayu,Wanita,1975,Depok,Jawa Barat,2022-11-12,Basic
C20590,Yoga Anggraini,Wanita,1988,Semarang,Jawa Tengah,2023-09-28,Basic
C20591,Teguh Utami,Wanita,1978,Balikpapan,Kalimantan Timur,2023-06-19,Basic
C20592,Intan Utami,Wanita,2001,Makassar,Sulawesi Selatan,2024-05-15,Silver
C20593,Siti Halim,,1981,Makassar,Sulawesi Selatan,2022-06-15,Basic
C20594,Andi Ramadhan,Wanita,1982,Jakarta Barat,DKI Jakarta,2024-06-02,Basic
C20595,Rizky Anggraini,Wanita,1973,Bandung,Jawa Barat,2022-03-27,Basic
C20596,Putri Kusuma,Pria,1988,Palembang,Sumatera Selatan,2022-07-18,Basic
C20597,Sari Saputra,,2002,Jakarta Barat,DKI Jakarta,2022-07-09,Basic
C20598,Nurul Anggraini,Pria,1992,Tangsel,Banten,2024-05-02,Basic
C20599,Lestari Ramadhan,Pria,1992,Surabaya,Jawa Timur,2023-06-06,Basic
C20600,Sari Nugroho,Wanita,1987, Bandung,Jawa Barat,2024-03-24,Basic
C20601,Wahyu Saputra,Wanita,1999,Bekasi,Jawa Barat,2022-08-29,Basic
C20602,Andi Permana,Pria,1981,Depok,Jawa Barat,2023-03-09,Basic
C20603,Arif Utami,Wanita,1983,Jaksel,DKI Jakarta,2022-07-07,Basic
C20604,Anisa Wijaya,Pria,1988,Bekasi,Jawa Barat,2023-02-10,Silver
C20605,Lestari Nugroho,Pria,1973,Yogyakarta,DI Yogyakarta,2022-08-27,Gold
C20606,Ayu Pratama,Pria,1995,Jakarta selatan,DKI Jakarta,2023-03-18,Silver
C20607,Teguh Santoso,Pria,1999,Tangerang,Banten,2023-12-12,Basic
C20608,Anisa Wijaya,Pria,2002,Palembang,Sumatera Selatan,2023-06-06,Basic
C20609,Teguh Halim,Pria,1993,Bandung,Jawa Barat,2022-02-18,Basic
C20610,Yoga Firmansyah,Wanita,1982,JAKARTA SELATAN,DKI Jakarta,2023-02-22,
C20611,Putri Saputra,Pria,1987,Bogor,Jawa Barat,2024-04-14,Basic
C20612,Nadia Ramadhan,Pria,1985,Bandung,Jawa Barat,2023-07-08,Silver
C20613,Putri Saputra,Wanita,1993,Medan,Sumatera Utara,2024-07-08,Basic
C20614,Iqbal Firmansyah,Pria,1998,Tangerang Selatan,Banten,2024-04-19,Silver
C20615,Vina Santoso,Pria,1973,Medan,Sumatera Utara,2023-04-27,Basic
C20616,Intan Anggraini,Wanita,1980,JAKARTA BARAT,DKI Jakarta,2022-01-01,Basic
C20617,Andi Saputra,Wanita,1973,Makassar,Sulawesi Selatan,2022-12-25,Basic
C20618,Fitri Rahayu,Wanita,1994,Palembang,Sumatera Selatan,2024-02-29,Basic
C20619,Dimas Permana,Pria,1992,Tangerang,Banten,2022-11-13,Basic
C20620,Intan Wijaya,Wanita,1979,Medan,Sumatera Utara,2023-11-10,Basic
C20621,Citra Firmansyah,,1996,Depok,Jawa Barat,2024-02-18,Basic
C20622,Galih Setiawan,Wanita,1979,Balikpapan,Kalimantan Timur,2024-01-13,
C20623,Budi Nugroho,Pria,1996,Makassar,Sulawesi Selatan,2024-02-07,Basic
C20624,Dewi Santoso,Pria,1985,Palembang,Sumatera Selatan,2023-03-15,Basic
C20625,Nurul Kusuma,,2001,Bogor,Jawa Barat,2023-01-02,Basic
C20626,Budi Utami,,1995,Jakarta Selatan,DKI Jakarta,2024-09-17,Silver
C20627,Budi Firmansyah,Pria,1989,Jakarta Selatan,DKI Jakarta,2022-10-06,Silver
C20628,Citra Halim,,1993,Jakarta Selatan,DKI Jakarta,2022-01-22,Basic
C20629,Dimas Santoso,Wanita,1975,Tangerang Selatan,Banten,2022-10-15,Basic
C20630,Wahyu Wijaya,Wanita,1979,Semarang,Jawa Tengah,2022-04-03,Basic
C20631,Budi Wijaya,Wanita,2000,Malang,Jawa Timur,2023-01-16,Gold
C20632,Sari Wijaya,Wanita,1971,Bogor,Jawa Barat,2022-05-14,Basic
C20633,Teguh Anggraini,Wanita,1985,Makassar,Sulawesi Selatan,2022-09-08,Basic
C20634,Wahyu Utami,Wanita,1980,Surabaya,Jawa Timur,2023-03-05,Basic
C20635,Nadia Firmansyah,Wanita,1993,Bekasi,Jawa Barat,2024-07-30,Basic
C20636,Nurul Halim,Wanita,1976,Medan,Sumatera Utara,2024-06-01,Basic
C20637,Lestari Ramadhan,Pria,1986,Medan,Sumatera Utara,2024-01-31,Basic
C20638,Ayu Hidayat,Wanita,1980,Jaksel,DKI Jakarta,2022-11-21,Basic
C20639,Agus Firmansyah,Pria,1986,Tangerang Selatan,Banten,2022-09-08,Silver
C20640,Rizky Saputra,Pria,1997,Makassar,Sulawesi Selatan,2022-05-30,Basic
C20641,Dimas Nugroho,Wanita,1985,Palembang,Sumatera Selatan,2022-02-01,Basic
C20642,Ayu Nugroho,Pria,1976,BANDUNG,Jawa Barat,2022-01-30,Basic
C20643,Nurul Firmansyah,Wanita,1989,Jakarta Barat,DKI Jakarta,2024-02-01,Basic
C20644,Wahyu Rahayu,Wanita,1982,Bogor,Jawa Barat,2023-07-20,Silver
C20645,Ayu Ramadhan,Pria,1987,Tangerang,Banten,2023-08-29,Silver
C20646,Rani Firmansyah,Wanita,1985,Bekasi,Jawa Barat,2024-03-11,Basic
C20647,Fitri Halim,Wanita,1970,Medan,Sumatera Utara,2023-11-03,Silver
C20648,Budi Setiawan,Pria,1976,Jakarta Barat,DKI Jakarta,2022-05-11,Basic
C20649,Rani Anggraini,Wanita,2002,JAKARTA SELATAN,DKI Jakarta,2023-10-04,Basic
C20650,Andi Wijaya,Wanita,1981,Tangerang Selatan,Banten,2023-09-21,Basic
C20651,Hendra Firmansyah,Wanita,1981,Denpasar,Bali,2024-03-26,Silver
C20652,Nadia Permana,Wanita,1995,Semarang,Jawa Tengah,2023-01-14,Silver
C20653,Arif Setiawan,Wanita,1976,Surabaya,Jawa Timur,2022-05-22,Silver
C20654,Siti Ramadhan,Wanita,1997,Bogor,Jawa Barat,2024-04-10,Basic
C20655,Citra Pratama,Wanita,1988,Jakarta selatan,DKI Jakarta,2024-04-21,Basic
C20656,Lestari Santoso,Wanita,1975,jakarta timur,DKI Jakarta,2024-02-13,Silver
C20657,Wahyu Permana,Wanita,1996,Medan,Sumatera Utara,2023-04-18,Silver
C20658,Budi Pratama,Pria,1985,Makassar,Sulawesi Selatan,2024-04-29,Basic
C20659,Dewi Kusuma,Wanita,2000,Bandung,Jawa Barat,2023-10-17,Silver
C20660,Lestari Rahayu,Pria,1991,JAKARTA SELATAN,DKI Jakarta,2023-03-03,Silver
C20661,Sari Halim,,2002,Surabaya,Jawa Timur,2022-07-11,Silver
C20662,Dimas Hidayat,Pria,1981,Jakbar,DKI Jakarta,2022-06-01,Basic
C20663,Fitri Ramadhan,Pria,1975,Jakarta Barat,DKI Jakarta,2023-05-25,Basic
C20664,Rani Setiawan,Pria,1995,Tangerang Selatan,Banten,2022-10-26,Basic
C20665,Galih Nugroho,Wanita,1998,Tangerang Selatan,Banten,2022-01-07,Basic
C20666,Nadia Rahayu,Wanita,1974,Malang,Jawa Timur,2022-01-30,Gold
C20667,Dewi Setiawan,Pria,1998,Tangerang,Banten,2023-09-30,Basic
C20668,Putri Firmansyah,Wanita,1981,Makassar,Sulawesi Selatan,2022-12-11,Basic
C20669,Iqbal Pratama,Pria,1982,Bandung,Jawa Barat,2023-06-26,Basic
C20670,Ayu Wijaya,Wanita,1986,Bandung,Jawa Barat,2023-04-14,Silver
C20671,Citra Halim,,1977,Semarang,Jawa Tengah,2022-02-19,Silver
C20672,Intan Utami,Wanita,1983,Depok,Jawa Barat,2022-03-08,
C20673,Wahyu Rahayu,Wanita,1998,Jakarta Selatan,DKI Jakarta,2023-05-11,Silver
C20674,Bayu Hidayat,Pria,1977,Makassar,Sulawesi Selatan,2024-03-08,Basic
C20675,Nadia Santoso,Wanita,1993,Surabaya,Jawa Timur,2023-05-23,Gold
C20676,Agus Nugroho,,1982,jakarta timur,DKI Jakarta,2023-09-07,Basic
C20677,Ayu Saputra,Pria,1993,Surabaya ,Jawa Timur,2022-01-14,Silver
C20678,Budi Hidayat,,1995,Bekasi,Jawa Barat,2022-03-31,Basic
C20679,Dimas Utami,Pria,1985,Bogor,Jawa Barat,2023-08-02,Basic
C20680,Intan Ramadhan,Pria,1985,Surabaya,Jawa Timur,2023-02-01,Silver
C20681,Citra Pratama,Pria,1982,Malang,Jawa Timur,2022-08-02,Silver
C20682,Maya Anggraini,Wanita,1974,Malang,Jawa Timur,2024-04-07,Basic
C20683,Andi Hidayat,Wanita,1999,Bogor,Jawa Barat,2022-09-04,Basic
C20684,Agus Kusuma,Wanita,1980,Yogyakarta,DI Yogyakarta,2024-09-18,Basic
C20685,Bayu Nugroho,Wanita,1991,Bogor,Jawa Barat,2022-11-03,Silver
C20686,Fitri Utami,Wanita,1993,Jakarta Barat,DKI Jakarta,2024-06-05,Basic
C20687,Yoga Hidayat,Pria,1993,Surabaya,Jawa Timur,2022-11-19,Basic
C20688,Hendra Firmansyah,Pria,1985,Surabaya,Jawa Timur,2024-08-16,Basic
C20689,Intan Nugroho,Pria,1980,Surabaya,Jawa Timur,2022-11-20,Silver
C20690,Hendra Setiawan,Wanita,1974,Tangerang,Banten,2023-06-28,Silver
C20691,Ayu Anggraini,Pria,1977,Makassar,Sulawesi Selatan,2022-05-21,Basic
C20692,Putri Utami,Wanita,1977,JAKARTA BARAT,DKI Jakarta,2024-06-22,Basic
C20693,Andi Hidayat,Wanita,2003,Depok,Jawa Barat,2023-06-01,Basic
C20694,Iqbal Halim,Wanita,1971,Jakarta Timur,DKI Jakarta,2023-12-24,Silver
C20695,Iqbal Halim,Wanita,1979,Bandung,Jawa Barat,2023-02-26,Silver
C20696,Hendra Setiawan,Wanita,1987,Bandung,Jawa Barat,2023-12-11,Silver
C20697,Teguh Saputra,Pria,1987,Makassar,Sulawesi Selatan,2022-06-13,Silver
C20698,Andi Santoso,Wanita,1971,Yogyakarta,DI Yogyakarta,2023-11-11,Basic
C20699,Teguh Rahayu,Pria,1974,Surabaya,Jawa Timur,2022-11-02,Basic
C20700,Lestari Ramadhan,Wanita,1976,Bekasi,Jawa Barat,2022-11-16,Basic
C20701,Anisa Utami,Wanita,1991,Jakarta Barat,DKI Jakarta,2024-04-21,Silver
C20702,Dimas Halim,Wanita,1980,Bandung,Jawa Barat,2022-04-05,Silver
C20703,Intan Kusuma,Pria,1994,Medan,Sumatera Utara,2023-12-07,Basic
C20704,Teguh Halim,Wanita,1975,Jakarta Selatan,DKI Jakarta,2022-10-09,Basic
C20705,Yoga Anggraini,Pria,1977,Tangerang Selatan,Banten,2022-10-30,Basic
C20706,Siti Nugroho,Wanita,1976,Semarang,Jawa Tengah,2022-02-18,Basic
C20707,Andi Wijaya,Pria,1986,Jakbar,DKI Jakarta,2022-12-22,Silver
C20708,Putri Nugroho,Wanita,1999,Makassar,Sulawesi Selatan,2023-02-25,Silver
C20709,Fajar Utami,Wanita,1970,Balikpapan,Kalimantan Timur,2024-01-03,Basic
C20710,Fajar Hidayat,Wanita,1988,Tangerang Selatan,Banten,2022-05-10,Basic
C20711,Putri Rahayu,Pria,1976,Bandung,Jawa Barat,2024-05-05,Basic
C20712,Citra Ramadhan,Wanita,1996,Balikpapan,Kalimantan Timur,2023-07-01,Basic
C20713,Iqbal Saputra,Wanita,1977,jakarta barat,DKI Jakarta,2023-09-26,Silver
C20714,Dimas Rahayu,Pria,1993,Balikpapan,Kalimantan Timur,2023-09-08,Basic
C20715,Fitri Wijaya,,1971,Tangerang,Banten,2024-07-15,Basic
C20716,Arif Halim,Wanita,2002,Bogor,Jawa Barat,2023-10-22,Basic
C20717,Rani Pratama,Wanita,1990,Surabaya,Jawa Timur,2023-04-01,Gold
C20718,Agus Hidayat,Wanita,1976,Bandung,Jawa Barat,2023-02-03,Silver
C20719,Anisa Ramadhan,Wanita,1977,surabaya,Jawa Timur,2022-10-25,Silver
C20720,Sari Rahayu,Pria,1977,Bandung,Jawa Barat,2022-04-10,Basic
C20721,Budi Kusuma,Pria,2003,Palembang,Sumatera Selatan,2023-12-12,
C20722,Reza Anggraini,Pria,1971,Jakarta Selatan,DKI Jakarta,2024-08-23,Silver
C20723,Putri Kusuma,Pria,1986,Tangerang,Banten,2023-03-25,Basic
C20724,Rizky Rahayu,Pria,2001,Jakarta Timur,DKI Jakarta,2023-05-27,Silver
C20725,Reza Hidayat,Wanita,1982,Semarang,Jawa Tengah,2022-05-26,Basic
C20726,Fitri Pratama,Wanita,1998,Malang,Jawa Timur,2024-07-05,Basic
C20727,Dimas Halim,Wanita,1999,Depok,Jawa Barat,2022-05-04,Basic
C20728,Ayu Anggraini,Wanita,1971,Bandung,Jawa Barat,2022-07-04,
C20729,Wahyu Ramadhan,Pria,2002,SBY,Jawa Timur,2023-12-13,Basic
C20730,Sari Wijaya,Wanita,1978,Makassar,Sulawesi Selatan,2022-09-18,Silver
C20731,Rizky Kusuma,Wanita,1986,Depok,Jawa Barat,2024-03-31,
C20732,Anisa Ramadhan,Pria,1974,Jakarta Timur,DKI Jakarta,2024-09-05,Basic
C20733,Yoga Ramadhan,Pria,1993,Makassar,Sulawesi Selatan,2024-08-05,Basic
C20734,Ayu Rahayu,Pria,1970,Tangerang Selatan,Banten,2023-11-15,Basic
C20735,Budi Firmansyah,Wanita,1982,SBY,Jawa Timur,2023-07-11,Silver
C20736,Citra Rahayu,Pria,1976,Semarang,Jawa Tengah,2024-02-04,Basic
C20737,Nurul Anggraini,Wanita,1971,Makassar,Sulawesi Selatan,2022-12-08,Silver
C20738,Reza Rahayu,Pria,1986,Palembang,Sumatera Selatan,2024-02-12,Silver
C20739,Wahyu Setiawan,Pria,1992,Surabaya,Jawa Timur,2023-05-20,Basic
C20740,Siti Nugroho,Wanita,1990,Balikpapan,Kalimantan Timur,2024-03-25,Basic
C20741,Fitri Firmansyah,Pria,1986,Palembang,Sumatera Selatan,2022-06-27,Silver
C20742,Wahyu Ramadhan,Pria,1978,Semarang,Jawa Tengah,2023-11-10,Silver
C20743,Dewi Saputra,Pria,1972,Makassar,Sulawesi Selatan,2024-01-17,Basic
C20744,Dimas Setiawan,Wanita,1991,Surabaya,Jawa Timur,2024-07-29,Silver
C20745,Rani Rahayu,Wanita,1971,Bandung,Jawa Barat,2024-08-16,Silver
C20746,Nadia Utami,Wanita,1995,Bandung,Jawa Barat,2022-12-26,Basic
C20747,Fitri Setiawan,Wanita,1985,Tangerang Selatan,Banten,2022-07-16,
C20748,Nurul Hidayat,Pria,1973,Balikpapan,Kalimantan Timur,2023-07-05,Gold
C20749,Fitri Wijaya,Pria,2002,Surabaya ,Jawa Timur,2023-01-04,Basic
C20750,Ayu Saputra,Wanita,1993,Balikpapan,Kalimantan Timur,2024-04-27,Silver
C20751,Ayu Firmansyah,Pria,1970,Tangerang,Banten,2022-05-05,Basic
C20752,Yoga Anggraini,Pria,1996,Jakarta Timur,DKI Jakarta,2022-08-03,Basic
C20753,Vina Firmansyah,Pria,1982,Makassar,Sulawesi Selatan,2024-01-10,Basic
C20754,Sari Firmansyah,Pria,1977,Semarang,Jawa Tengah,2022-12-29,Basic
C20755,Nadia Anggraini,Wanita,1983,Semarang,Jawa Tengah,2022-11-11,Gold
C20756,Arif Ramadhan,Wanita,1996,Surabaya ,Jawa Timur,2022-10-01,Basic
C20757,Budi Setiawan,Wanita,1971,Jakarta Barat,DKI Jakarta,2024-07-22,
C20758,Maya Santoso,Pria,2001,Depok,Jawa Barat,2022-11-27,Basic
C20759,Iqbal Anggraini,Pria,1986,Surabaya,Jawa Timur,2023-03-20,Basic
C20760,Nurul Halim,Pria,2000,Tangerang,Banten,2024-08-16,Silver
C20761,Anisa Nugroho,Wanita,1996,Semarang,Jawa Tengah,2023-11-10,Silver
C20762,Ayu Firmansyah,Wanita,1983,Depok,Jawa Barat,2023-09-13,Basic
C20763,Yoga Setiawan,,1994,Jakarta Selatan,DKI Jakarta,2024-04-10,Basic
C20764,Nurul Permana,Wanita,1989,Jaktim,DKI Jakarta,2024-01-04,Basic
C20765,Siti Nugroho,Wanita,1988,Jakarta selatan,DKI Jakarta,2024-08-25,Basic
C20766,Teguh Setiawan,Wanita,1994,Surabaya,Jawa Timur,2022-04-25,Silver
C20767,Lestari Saputra,Pria,1980,Jogjakarta,DI Yogyakarta,2023-12-24,Basic
C20768,Sari Nugroho,Pria,1996,Makassar,Sulawesi Selatan,2024-05-21,Basic
C20769,Ayu Wijaya,Wanita,1979,Medan,Sumatera Utara,2023-05-17,Silver
C20770,Sari Pratama,Wanita,1994,SBY,Jawa Timur,2023-01-21,Silver
C20771,Dewi Nugroho,Pria,1980,Makassar,Sulawesi Selatan,2023-08-23,Basic
C20772,Andi Santoso,Pria,1983,Bogor,Jawa Barat,2024-06-04,Silver
C20773,Rani Wijaya,Wanita,2000,Tangerang,Banten,2023-02-04,Basic
C20774,Anisa Wijaya,Pria,1988,Palembang,Sumatera Selatan,2022-03-09,Basic
C20775,Yoga Saputra,Wanita,1991,Depok,Jawa Barat,2023-01-14,Silver
C20776,Nadia Ramadhan,Wanita,1992,Bekasi,Jawa Barat,2023-03-07,Basic
C20777,Fitri Saputra,Wanita,1995,Tangerang Selatan,Banten,2022-02-12,Silver
C20778,Reza Firmansyah,Wanita,2001,Jakarta Barat,DKI Jakarta,2023-08-28,Gold
C20779,Arif Halim,Pria,1984,Jakbar,DKI Jakarta,2022-03-29,Basic
C20780,Wahyu Saputra,Wanita,1996,Tangerang Selatan,Banten,2022-08-13,Basic
C20781,Arif Wijaya,Wanita,1988,Malang,Jawa Timur,2022-01-04,Basic
C20782,Agus Setiawan,Wanita,1999,jakarta selatan,DKI Jakarta,2023-12-20,Silver
C20783,Dewi Firmansyah,Pria,1994,Tangerang Selatan,Banten,2023-03-22,Silver
C20784,Maya Saputra,Wanita,1988,JAKARTA SELATAN,DKI Jakarta,2022-10-30,Basic
C20785,Intan Saputra,Pria,1976,Tangerang Selatan,Banten,2024-05-29,
C20786,Fitri Nugroho,Wanita,1973,Denpasar,Bali,2022-09-24,
C20787,Yoga Setiawan,Pria,1990,Surabaya ,Jawa Timur,2022-12-28,Gold
C20788,Iqbal Firmansyah,Wanita,1974,Jakarta Timur,DKI Jakarta,2022-12-05,Basic
C20789,Arif Pratama,Wanita,1976,Jakarta Selatan,DKI Jakarta,2023-12-14,Basic
C20790,Reza Anggraini,Wanita,2002,Bogor,Jawa Barat,2023-07-09,Basic
C20791,Ayu Rahayu,Wanita,2003,Jakarta Barat,DKI Jakarta,2023-10-26,Gold
C20792,Vina Pratama,Pria,1973,Medan,Sumatera Utara,2022-06-24,Silver
C20793,Iqbal Hidayat,Wanita,1983,Bandung,Jawa Barat,2024-04-08,Gold
C20794,Agus Utami,Pria,1993,Malang,Jawa Timur,2022-01-01,
C20795,Arif Halim,Wanita,1987,Yogyakarta,DI Yogyakarta,2023-02-02,Basic
C20796,Putri Rahayu,Pria,2003,Jakarta Selatan,DKI Jakarta,2024-02-24,Silver
C20797,Siti Saputra,Wanita,1987,Jaksel,DKI Jakarta,2024-02-11,Silver
C20798,Budi Saputra,Wanita,1988,Bekasi,Jawa Barat,2023-07-09,Basic
C20799,Reza Halim,Wanita,1973,Semarang,Jawa Tengah,2023-03-29,Silver
C20800,Rizky Hidayat,Wanita,1970,Semarang,Jawa Tengah,2022-12-08,Basic
C20801,Bayu Anggraini,Wanita,1981,Jakarta Timur,DKI Jakarta,2022-09-25,Silver
C20802,Siti Rahayu,Wanita,1984,Denpasar,Bali,2023-08-02,Basic
C20803,Wahyu Saputra,Pria,1972,Tangerang Selatan,Banten,2024-09-11,Basic
C20804,Vina Utami,Wanita,1991,Tangerang Selatan,Banten,2023-07-21,Gold
C20805,Rizky Wijaya,Pria,1988,Bogor,Jawa Barat,2022-12-18,Basic
C20806,Maya Nugroho,Wanita,1970,Surabaya,Jawa Timur,2024-04-14,Silver
C20807,Arif Utami,Wanita,1990,Surabaya,Jawa Timur,2022-01-22,Gold
C20808,Vina Setiawan,Pria,2000,Malang,Jawa Timur,2022-06-12,Basic
C20809,Budi Kusuma,,1980,Makassar,Sulawesi Selatan,2022-02-13,Basic
C20810,Yoga Wijaya,Wanita,1999,Medan,Sumatera Utara,2023-06-09,Basic
C20811,Agus Setiawan,Wanita,1994,Balikpapan,Kalimantan Timur,2024-08-03,Silver
C20812,Bayu Rahayu,Pria,1999,Tangerang Selatan,Banten,2023-11-17,Basic
C20813,Fitri Ramadhan,Wanita,1992,Malang,Jawa Timur,2023-05-20,Basic
C20814,Budi Rahayu,Wanita,1990,Depok,Jawa Barat,2022-07-25,Basic
C20815,Teguh Rahayu,Wanita,2000,Depok,Jawa Barat,2023-01-24,Basic
C20816,Nurul Pratama,Pria,2000,Yogyakarta,DI Yogyakarta,2024-04-06,Silver
C20817,Nurul Permana,Wanita,1976,Makassar,Sulawesi Selatan,2024-08-16,Silver
C20818,Galih Anggraini,Pria,1998,Yogyakarta,DI Yogyakarta,2022-12-31,Basic
C20819,Nadia Hidayat,Wanita,2002,Surabaya ,Jawa Timur,2023-03-29,Basic
C20820,Galih Kusuma,Wanita,1980,Denpasar,Bali,2023-01-24,Basic
C20821,Arif Nugroho,,1981,Jaktim,DKI Jakarta,2022-08-18,Basic
C20822,Putri Saputra,Wanita,1971,Makassar,Sulawesi Selatan,2023-08-14,Silver
C20823,Dimas Saputra,Wanita,1987,Malang,Jawa Timur,2023-03-26,Basic
C20824,Nadia Anggraini,Pria,1978,Jakarta Barat,DKI Jakarta,2023-05-13,Silver
C20825,Nurul Saputra,Wanita,1972,Surabaya,Jawa Timur,2024-04-27,Basic
C20826,Yoga Permana,Pria,1994,Malang,Jawa Timur,2023-03-14,Silver
C20827,Wahyu Santoso,,1976,Tangerang,Banten,2023-09-29,
C20828,Yoga Firmansyah,Pria,1977,Semarang,Jawa Tengah,2023-01-01,Basic
C20829,Anisa Ramadhan,Pria,1984,Semarang,Jawa Tengah,2023-04-02,Basic
C20830,Sari Firmansyah,Pria,1996,Medan,Sumatera Utara,2022-04-16,Basic
C20831,Teguh Firmansyah,Wanita,1986,Tangerang Selatan,Banten,2022-06-11,Silver
C20832,Dimas Saputra,Pria,1970,Bekasi,Jawa Barat,2022-10-25,Basic
C20833,Iqbal Setiawan,Wanita,1987,Surabaya,Jawa Timur,2023-07-26,Basic
C20834,Vina Saputra,Pria,1978,Jakarta Selatan,DKI Jakarta,2023-04-14,
C20835,Putri Anggraini,Pria,1976,TANGSEL,Banten,2023-11-02,Basic
C20836,Citra Wijaya,Wanita,2002,Jakarta Barat,DKI Jakarta,2022-03-10,Silver
C20837,Citra Nugroho,Wanita,1979,Jaktim,DKI Jakarta,2023-08-11,Silver
C20838,Dewi Kusuma,Pria,1980,Surabaya,Jawa Timur,2022-04-08,Basic
C20839,Nurul Permana,,1982,Tangerang,Banten,2024-06-28,Basic
C20840,Rani Rahayu,Pria,1993,Bandung,Jawa Barat,2023-12-18,
C20841,Citra Ramadhan,Pria,1978,Tangsel,Banten,2024-08-20,Silver
C20842,Ayu Halim,Wanita,1977,Malang,Jawa Timur,2022-10-16,Basic
C20843,Maya Setiawan,Wanita,1991,Bandung,Jawa Barat,2023-06-13,Basic
C20844,Galih Utami,Wanita,1998,Jakarta Timur,DKI Jakarta,2022-08-16,
C20845,Fajar Pratama,Pria,1975,Jakbar,DKI Jakarta,2024-06-26,Basic
C20846,Rizky Anggraini,Pria,1997,Depok,Jawa Barat,2023-08-10,Basic
C20847,Intan Saputra,Wanita,1977,Bekasi,Jawa Barat,2024-05-02,Gold
C20848,Fajar Ramadhan,Wanita,1997,JAKARTA SELATAN,DKI Jakarta,2022-07-23,Silver
C20849,Dimas Wijaya,Wanita,2003,Depok,Jawa Barat,2023-12-26,Basic
C20850,Intan Saputra,Pria,1982,Jakarta Selatan,DKI Jakarta,2023-04-16,Silver
C20851,Sari Saputra,Pria,2003,Bandung,Jawa Barat,2023-09-25,Basic
C20852,Arif Saputra,Pria,1986,Jakarta Barat,DKI Jakarta,2022-08-21,Basic
C20853,Reza Ramadhan,Pria,1989,Tangsel,Banten,2023-07-28,Basic
C20854,Sari Wijaya,Pria,1992,Jakarta Timur,DKI Jakarta,2022-11-08,Silver
C20855,Dimas Wijaya,Pria,1982,Jogja,DI Yogyakarta,2023-11-18,Basic
C20856,Sari Firmansyah,Wanita,1999,Tangsel,Banten,2024-08-23,Basic
C20857,Anisa Hidayat,Wanita,1993,Jakarta Selatan,DKI Jakarta,2022-03-03,Silver
C20858,Reza Permana,Wanita,1986,Surabaya,Jawa Timur,2024-01-11,Basic
C20859,Reza Hidayat,Pria,1976,Balikpapan,Kalimantan Timur,2022-02-23,Silver
C20860,Ayu Hidayat,Pria,1998,Bekasi,Jawa Barat,2023-08-10,Basic
C20861,Maya Anggraini,Pria,1976,Jakarta Timur,DKI Jakarta,2023-11-18,Silver
C20862,Putri Rahayu,Pria,1972,Surabaya,Jawa Timur,2023-10-25,Silver
C20863,Galih Halim,Wanita,1980,jakarta timur,DKI Jakarta,2024-09-17,Basic
C20864,Rizky Firmansyah,Pria,1998,JAKARTA SELATAN,DKI Jakarta,2023-09-24,
C20865,Fajar Nugroho,Wanita,1976,Jakarta Selatan,DKI Jakarta,2023-12-15,Silver
C20866,Budi Firmansyah,Pria,1992,Jakarta Timur,DKI Jakarta,2023-06-20,
C20867,Dimas Permana,Pria,1990,Jakarta Barat,DKI Jakarta,2024-04-16,Basic
C20868,Maya Kusuma,Wanita,1977,Semarang,Jawa Tengah,2024-01-27,Basic
C20869,Citra Setiawan,Pria,1995,JAKARTA SELATAN,DKI Jakarta,2024-02-14,Silver
C20870,Fajar Utami,,2000,Jakarta Selatan,DKI Jakarta,2022-02-22,Basic
C20871,Fitri Firmansyah,Pria,1980,Tangerang,Banten,2024-03-24,Silver
C20872,Nadia Rahayu,Pria,1972,Jakbar,DKI Jakarta,2023-11-10,Basic
C20873,Wahyu Santoso,Wanita,1989,Tangerang Selatan,Banten,2023-07-27,Silver
C20874,Fitri Utami,Pria,1975,Medan,Sumatera Utara,2022-03-21,Basic
C20875,Teguh Hidayat,Pria,1979,yogyakarta,DI Yogyakarta,2023-07-22,Gold
C20876,Iqbal Halim,Wanita,1985,Tangerang,Banten,2023-02-15,Basic
C20877,Nurul Permana,Wanita,1992,Jakarta Barat,DKI Jakarta,2023-10-16,Basic
C20878,Fajar Pratama,Wanita,1972,Depok,Jawa Barat,2022-06-05,Basic
C20879,Ayu Wijaya,Wanita,1996,bandung,Jawa Barat,2024-06-14,Basic
C20880,Sari Hidayat,Wanita,1983,Jakarta Selatan,DKI Jakarta,2022-09-05,Basic
C20881,Rani Wijaya,Wanita,1980,Bandung,Jawa Barat,2024-07-11,Basic
C20882,Fitri Firmansyah,Wanita,1988,Jakbar,DKI Jakarta,2022-04-09,Silver
C20883,Budi Utami,,1990,Bandung,Jawa Barat,2023-05-19,Silver
C20884,Citra Santoso,Pria,1974,Malang,Jawa Timur,2022-09-20,Basic
C20885,Putri Wijaya,Wanita,1985,Malang,Jawa Timur,2024-01-11,Basic
C20886,Teguh Hidayat,,1993,Jakarta Selatan,DKI Jakarta,2024-07-04,Basic
C20887,Dewi Ramadhan,Pria,1970,Bekasi,Jawa Barat,2024-05-07,Silver
C20888,Anisa Firmansyah,Wanita,1994,Bandung,Jawa Barat,2022-12-28,Basic
C20889,Maya Santoso,Pria,2002,Jogja,DI Yogyakarta,2022-12-28,Silver
C20890,Galih Firmansyah,Wanita,1994,Malang,Jawa Timur,2022-06-22,Basic
C20891,Rani Rahayu,Wanita,1985,Denpasar,Bali,2022-06-30,Basic
C20892,Sari Pratama,Wanita,1979,Surabaya,Jawa Timur,2023-01-24,Basic
C20893,Vina Pratama,Wanita,1986,Denpasar,Bali,2023-10-02,Basic
C20894,Anisa Utami,Pria,1971,DIY,DI Yogyakarta,2024-08-20,Basic
C20895,Anisa Ramadhan,Pria,1976,Malang,Jawa Timur,2023-10-07,Basic
C20896,Bayu Halim,Pria,1975,Depok,Jawa Barat,2022-09-28,Silver
C20897,Teguh Pratama,Wanita,1999,Medan,Sumatera Utara,2023-12-11,Basic
C20898,Yoga Saputra,Pria,1991,Bogor,Jawa Barat,2023-09-08,Gold
C20899,Bayu Setiawan,Pria,1991,Balikpapan,Kalimantan Timur,2023-10-30,Silver
C20900,Anisa Hidayat,Pria,1978,Depok,Jawa Barat,2023-10-11,
C20901,Fajar Wijaya,Wanita,1973,JAKARTA BARAT,DKI Jakarta,2023-12-07,Basic
C20902,Dimas Firmansyah,Pria,1992,TANGSEL,Banten,2022-09-16,Basic
C20903,Nurul Setiawan,Pria,1980,Bandung,Jawa Barat,2024-04-16,Basic
C20904,Hendra Rahayu,Pria,1977,TANGSEL,Banten,2024-08-27,Basic
C20905,Sari Ramadhan,Pria,1972,Surabaya,Jawa Timur,2023-03-30,Basic
C20906,Rani Firmansyah,Pria,1970,Jakarta Barat,DKI Jakarta,2024-07-16,Basic
C20907,Yoga Ramadhan,Pria,1986,Tangerang,Banten,2023-02-17,Silver
C20908,Dewi Saputra,Wanita,1990,Jakarta Selatan,DKI Jakarta,2022-12-03,Silver
C20909,Intan Ramadhan,Wanita,1998,Balikpapan,Kalimantan Timur,2024-02-27,Silver
C20910,Citra Firmansyah,Pria,1998,jakarta selatan,DKI Jakarta,2023-04-11,Basic
C20911,Rizky Anggraini,Wanita,1992,bandung,Jawa Barat,2024-09-07,Silver
C20912,Agus Kusuma,Pria,1986,Tangerang Selatan,Banten,2024-04-18,Basic
C20913,Ayu Nugroho,Wanita,1990,Depok,Jawa Barat,2022-12-13,Gold
C20914,Andi Setiawan,Wanita,1999,Tangerang Selatan,Banten,2024-01-14,Silver
C20915,Teguh Pratama,Pria,1987,Semarang,Jawa Tengah,2022-12-01,Basic
C20916,Ayu Utami,Wanita,1997,Bandung,Jawa Barat,2023-05-30,Silver
C20917,Nadia Santoso,Wanita,1988,surabaya,Jawa Timur,2024-09-12,Basic
C20918,Galih Anggraini,Pria,1995,Tangerang,Banten,2022-08-05,Gold
C20919,Sari Saputra,Wanita,1994,tangerang selatan,Banten,2022-11-02,Basic
C20920,Reza Rahayu,Pria,1984,JAKARTA SELATAN,DKI Jakarta,2022-07-12,Silver
C20921,Dewi Santoso,Pria,1981,Tangerang,Banten,2023-12-05,Silver
C20922,Ayu Hidayat,Wanita,1988,Surabaya,Jawa Timur,2022-11-20,Basic
C20923,Andi Anggraini,Pria,1987,Bandung,Jawa Barat,2024-09-02,Basic
C20924,Maya Setiawan,Wanita,1997,Jakarta Selatan,DKI Jakarta,2022-08-09,Basic
C20925,Rizky Kusuma,,1988,Jaktim,DKI Jakarta,2022-10-27,Basic
C20926,Reza Utami,Wanita,1994,Semarang,Jawa Tengah,2023-11-21,Basic
C20927,Lestari Firmansyah,,1972,Makassar,Sulawesi Selatan,2023-01-12,Basic
C20928,Intan Nugroho,,1980,Surabaya ,Jawa Timur,2023-02-21,Silver
C20929,Vina Nugroho,Wanita,1984,Jakbar,DKI Jakarta,2022-07-11,Silver
C20930,Budi Halim,Pria,1996,Bandung,Jawa Barat,2024-01-29,Silver
C20931,Teguh Rahayu,Wanita,1995,Jakarta Barat,DKI Jakarta,2023-09-18,Basic
C20932,Nadia Halim,Pria,1972,Makassar,Sulawesi Selatan,2022-01-28,Silver
C20933,Fajar Anggraini,Wanita,2002,Tangerang,Banten,2023-11-19,Basic
C20934,Putri Ramadhan,Pria,1982, Bandung,Jawa Barat,2022-09-15,Silver
C20935,Nurul Santoso,Wanita,1972,Bogor,Jawa Barat,2022-04-26,
C20936,Arif Kusuma,Pria,1999,Tangerang,Banten,2023-07-17,Basic
C20937,Agus Wijaya,Pria,1976,Tangerang Selatan,Banten,2022-08-21,Silver
C20938,Lestari Ramadhan,Pria,1978,Makassar,Sulawesi Selatan,2023-06-21,Silver
C20939,Siti Halim,Wanita,1971,Malang,Jawa Timur,2023-05-06,Basic
C20940,Ayu Santoso,,1993,Tangerang Selatan,Banten,2024-02-07,Basic
C20941,Vina Santoso,Wanita,1988,jakarta barat,DKI Jakarta,2022-11-09,Silver
C20942,Maya Halim,Pria,1975,Bekasi,Jawa Barat,2023-10-31,Basic
C20943,Vina Santoso,Wanita,1978,Malang,Jawa Timur,2022-01-28,Basic
C20944,Citra Santoso,Pria,1978,Jaksel,DKI Jakarta,2023-02-22,Gold
C20945,Fajar Kusuma,Pria,2002,Depok,Jawa Barat,2022-05-19,Basic
C20946,Putri Kusuma,Wanita,1973,surabaya,Jawa Timur,2023-02-24,Basic
C20947,Maya Anggraini,Wanita,2001,Bekasi,Jawa Barat,2022-12-01,Silver
C20948,Rizky Santoso,Wanita,2001,tangerang selatan,Banten,2024-03-17,Basic
C20949,Intan Firmansyah,Wanita,1979,Jakarta Selatan,DKI Jakarta,2024-09-26,Basic
C20950,Citra Pratama,Wanita,2001,Tangerang Selatan,Banten,2022-04-06,Gold
C20951,Intan Nugroho,Wanita,1992,Tangerang Selatan,Banten,2023-06-11,Gold
C20952,Fajar Ramadhan,Pria,1970,bandung,Jawa Barat,2024-07-02,Silver
C20953,Agus Ramadhan,Pria,2000,Medan,Sumatera Utara,2022-03-03,Basic
C20954,Rizky Kusuma,Wanita,1989, Bandung,Jawa Barat,2022-05-23,Basic
C20955,Intan Ramadhan,Wanita,1996,Bekasi,Jawa Barat,2022-10-02,Basic
C20956,Fitri Firmansyah,Pria,1999,Depok,Jawa Barat,2023-01-21,Basic
C20957,Siti Hidayat,Wanita,1973,Jakarta Timur,DKI Jakarta,2023-02-19,Silver
C20958,Fajar Saputra,Wanita,1972,Tangerang Selatan,Banten,2024-01-11,Silver
C20959,Vina Permana,Pria,2001,Semarang,Jawa Tengah,2022-05-22,Silver
C20960,Yoga Hidayat,Pria,1975,Bekasi,Jawa Barat,2022-09-28,Basic
C20961,Fitri Halim,Pria,1993,Tangerang Selatan,Banten,2024-01-29,Basic
C20962,Wahyu Santoso,Pria,1980,Malang,Jawa Timur,2024-06-05,Basic
C20963,Nurul Ramadhan,Wanita,1989,Depok,Jawa Barat,2022-08-18,Basic
C20964,Fajar Rahayu,Pria,2001,Tangerang,Banten,2024-02-15,Silver
C20965,Bayu Pratama,Wanita,2002,Jakarta Barat,DKI Jakarta,2023-10-21,Silver
C20966,Wahyu Wijaya,Pria,1977,Jakarta Barat,DKI Jakarta,2023-07-28,Basic
C20967,Sari Wijaya,Wanita,1990,Bekasi,Jawa Barat,2023-09-05,Basic
C20968,Intan Permana,Wanita,1988,Jakarta Barat,DKI Jakarta,2023-08-09,Basic
C20969,Rani Kusuma,Wanita,2001,Jakarta Timur,DKI Jakarta,2023-11-03,Silver
C20970,Fitri Nugroho,Wanita,1976,Makassar,Sulawesi Selatan,2023-09-07,Gold
C20971,Wahyu Pratama,Pria,1983,Bekasi,Jawa Barat,2022-11-15,Basic
C20972,Budi Anggraini,Pria,2000,Palembang,Sumatera Selatan,2022-11-12,Basic
C20973,Intan Hidayat,Pria,1989,surabaya,Jawa Timur,2024-09-14,Gold
C20974,Rani Wijaya,Wanita,1982,Bandung,Jawa Barat,2024-04-28,Basic
C20975,Dimas Ramadhan,Wanita,1970,Makassar,Sulawesi Selatan,2024-06-13,Basic
C20976,Bayu Anggraini,Wanita,2002,Medan,Sumatera Utara,2022-07-29,Basic
C20977,Teguh Rahayu,Pria,1993,jakarta timur,DKI Jakarta,2022-03-21,Basic
C20978,Citra Ramadhan,Wanita,1988,Depok,Jawa Barat,2022-08-02,Basic
C20979,Citra Rahayu,Wanita,1999,Jakbar,DKI Jakarta,2023-02-05,Gold
C20980,Vina Permana,Pria,1980,Tangerang,Banten,2024-03-27,Basic
C20981,Iqbal Halim,,1978,Tangerang,Banten,2023-08-14,Basic
C20982,Iqbal Setiawan,Pria,1994,Tangerang Selatan,Banten,2023-07-14,
C20983,Bayu Kusuma,Wanita,1990,Medan,Sumatera Utara,2023-12-14,Basic
C20984,Lestari Permana,Wanita,1979,Depok,Jawa Barat,2022-07-12,Basic
C20985,Agus Santoso,Pria,1981,surabaya,Jawa Timur,2024-09-05,Silver
C20986,Sari Saputra,Pria,1987,Jakarta Selatan,DKI Jakarta,2024-02-22,Silver
C20987,Fitri Hidayat,Wanita,1980, Bandung,Jawa Barat,2024-07-21,
C20988,Bayu Anggraini,Wanita,1974,SBY,Jawa Timur,2023-03-20,Basic
C20989,Rizky Setiawan,Wanita,1971, Bandung,Jawa Barat,2024-01-09,Basic
C20990,Reza Kusuma,Pria,1981,Jakarta Barat,DKI Jakarta,2022-12-12,Basic
C20991,Rani Halim,Pria,1999,Depok,Jawa Barat,2023-02-11,Silver
C20992,Anisa Setiawan,Wanita,1985,Tangerang,Banten,2023-05-23,Basic
C20993,Dimas Pratama,Wanita,1975,Jakarta Barat,DKI Jakarta,2023-12-16,
C20994,Putri Halim,Pria,2000,Medan,Sumatera Utara,2023-09-06,Silver
C20995,Yoga Setiawan,Pria,1979,Malang,Jawa Timur,2023-08-22,
C20996,Ayu Hidayat,Wanita,1996,Depok,Jawa Barat,2023-05-08,Basic
C20997,Dimas Halim,Pria,1998,jakarta barat,DKI Jakarta,2023-03-08,Basic
C20998,Fitri Hidayat,,1993,Denpasar,Bali,2023-03-06,Gold
C20999,Vina Wijaya,Wanita,1991,Semarang,Jawa Tengah,2023-08-17,Basic
C21000,Bayu Ramadhan,Wanita,1977,Denpasar,Bali,2023-11-01,Basic
C21001,Nadia Pratama,Wanita,1990,Bogor,Jawa Barat,2024-03-20,Basic
C21002,Sari Permana,Pria,1984,surabaya,Jawa Timur,2024-09-17,Silver
C21003,Nurul Firmansyah,Pria,2003,Bekasi,Jawa Barat,2023-06-10,Gold
C21004,Anisa Kusuma,Wanita,1976,jakarta barat,DKI Jakarta,2024-04-04,Basic
C21005,Dimas Saputra,Wanita,2003,Bekasi,Jawa Barat,2024-05-14,Basic
C21006,Sari Santoso,Wanita,1977,Tangsel,Banten,2023-03-17,Basic
C21007,Anisa Utami,Wanita,1971,Jakarta Timur,DKI Jakarta,2022-01-18,Basic
C21008,Rizky Setiawan,Wanita,2003,Jakarta Selatan,DKI Jakarta,2024-07-22,Gold
C21009,Iqbal Anggraini,Wanita,1997,Surabaya,Jawa Timur,2022-12-18,Silver
C21010,Siti Anggraini,Wanita,2002,Bekasi,Jawa Barat,2023-07-29,Basic
C21011,Teguh Anggraini,Pria,1990,Medan,Sumatera Utara,2024-06-16,Basic
C21012,Galih Anggraini,Wanita,2001,Malang,Jawa Timur,2023-11-09,Basic
C21013,Intan Ramadhan,Wanita,2000,jakarta selatan,DKI Jakarta,2024-09-23,Basic
C21014,Hendra Nugroho,Pria,1971,Malang,Jawa Timur,2024-09-09,Basic
C21015,Dewi Saputra,Wanita,1987,Jaktim,DKI Jakarta,2024-03-20,Basic
C21016,Bayu Firmansyah,Wanita,1985,Bekasi,Jawa Barat,2023-12-01,Basic
C21017,Budi Utami,Wanita,1987,Surabaya,Jawa Timur,2022-12-08,Basic
C21018,Nurul Saputra,Pria,1971,Yogyakarta,DI Yogyakarta,2024-01-13,Basic
C21019,Putri Anggraini,Pria,2002,JAKARTA BARAT,DKI Jakarta,2022-06-06,Basic
C21020,Anisa Nugroho,Pria,2003,Bogor,Jawa Barat,2024-02-29,Basic
C21021,Anisa Hidayat,,1986,Medan,Sumatera Utara,2023-05-05,Silver
C21022,Teguh Rahayu,Wanita,1999,Semarang,Jawa Tengah,2022-06-11,Silver
C21023,Yoga Santoso,Wanita,1998,Balikpapan,Kalimantan Timur,2024-08-11,Basic
C21024,Anisa Firmansyah,Wanita,1984,Bekasi,Jawa Barat,2023-06-20,Basic
C21025,Yoga Saputra,Wanita,1999,Jakarta Selatan,DKI Jakarta,2022-01-30,Gold
C21026,Bayu Hidayat,Wanita,1986,Jakbar,DKI Jakarta,2022-09-18,Silver
C21027,Fitri Firmansyah,Wanita,1996, Bandung,Jawa Barat,2024-04-12,Basic
C21028,Dewi Saputra,Pria,1984,Bandung,Jawa Barat,2023-03-04,Basic
C21029,Nadia Rahayu,Wanita,1975,Bekasi,Jawa Barat,2023-10-14,Silver
C21030,Galih Pratama,Wanita,1974,Medan,Sumatera Utara,2022-12-27,Silver
C21031,Anisa Pratama,Pria,1984,Bogor,Jawa Barat,2023-06-11,Basic
C21032,Reza Firmansyah,Wanita,1998,Bekasi,Jawa Barat,2022-07-02,Basic
C21033,Reza Wijaya,Wanita,1984,Surabaya ,Jawa Timur,2022-01-30,Basic
C21034,Teguh Utami,Wanita,1970,Denpasar,Bali,2022-06-02,Gold
C21035,Iqbal Halim,Wanita,1994,Depok,Jawa Barat,2023-11-15,
C21036,Dewi Saputra,Wanita,1982,Bandung,Jawa Barat,2024-07-25,Basic
C21037,Maya Halim,Pria,1988,yogyakarta,DI Yogyakarta,2024-07-17,Basic
C21038,Reza Wijaya,Pria,1985,Denpasar,Bali,2023-02-26,Basic
C21039,Andi Utami,Wanita,1980,Malang,Jawa Timur,2022-05-10,Basic
C21040,Galih Kusuma,Pria,1974,Bekasi,Jawa Barat,2022-05-11,Silver
C21041,Reza Saputra,Wanita,1999,Semarang,Jawa Tengah,2023-07-15,Silver
C21042,Iqbal Setiawan,Pria,2003,Balikpapan,Kalimantan Timur,2023-06-14,Basic
C21043,Andi Ramadhan,Pria,1984,Jakarta Timur,DKI Jakarta,2022-12-07,Silver
C21044,Rizky Setiawan,Wanita,1993,Jakarta Selatan,DKI Jakarta,2023-07-22,Silver
C21045,Anisa Setiawan,Wanita,1973,Palembang,Sumatera Selatan,2023-09-18,Silver
C21046,Hendra Setiawan,Wanita,1995,Jakarta Selatan,DKI Jakarta,2022-01-25,
C21047,Bayu Setiawan,Wanita,1992,Bandung,Jawa Barat,2023-03-04,Silver
C21048,Dewi Utami,,1980,Surabaya,Jawa Timur,2022-07-12,Basic
C21049,Arif Kusuma,Wanita,1981,Makassar,Sulawesi Selatan,2022-10-03,Basic
C21050,Agus Saputra,Wanita,1970,Depok,Jawa Barat,2023-02-03,Silver
C21051,Citra Rahayu,Wanita,1988,Tangerang,Banten,2022-07-26,Basic
C21052,Bayu Utami,Wanita,1992,Jakarta Timur,DKI Jakarta,2022-01-05,Basic
C21053,Fitri Pratama,Wanita,1976,Depok,Jawa Barat,2023-12-24,Silver
C21054,Nurul Utami,Wanita,2003,Tangerang,Banten,2024-08-23,Basic
C21055,Dewi Rahayu,Pria,1984,Tangerang,Banten,2024-01-11,Basic
C21056,Galih Pratama,Pria,1990,Tangerang Selatan,Banten,2023-11-23,
C21057,Citra Setiawan,Pria,1975,Bekasi,Jawa Barat,2022-11-21,Basic
C21058,Dewi Utami,Wanita,1982,Jakarta Selatan,DKI Jakarta,2022-11-10,Basic
C21059,Bayu Saputra,Pria,1997,Medan,Sumatera Utara,2022-07-08,Silver
C21060,Sari Setiawan,,1979,Jogjakarta,DI Yogyakarta,2023-06-20,Gold
C21061,Bayu Wijaya,Pria,2000,Surabaya ,Jawa Timur,2024-04-18,Basic
C21062,Wahyu Santoso,Wanita,1996,jakarta selatan,DKI Jakarta,2023-12-26,Silver
C21063,Lestari Utami,Wanita,1996,Jakarta Barat,DKI Jakarta,2022-07-02,Basic
C21064,Budi Wijaya,Pria,1989,Tangerang Selatan,Banten,2023-02-13,Basic
C21065,Dimas Pratama,Pria,2002,Jakarta Timur,DKI Jakarta,2023-12-18,Silver
C21066,Nadia Setiawan,Pria,1985,Jakarta Timur,DKI Jakarta,2024-03-08,Basic
C21067,Rizky Santoso,Pria,1983,DIY,DI Yogyakarta,2022-02-09,Gold
C21068,Lestari Nugroho,Wanita,1989,Jakarta Selatan,DKI Jakarta,2024-09-09,Basic
C21069,Sari Halim,Pria,1988,surabaya,Jawa Timur,2023-06-13,Basic
C21070,Lestari Santoso,Pria,1987,Medan,Sumatera Utara,2022-02-01,
C21071,Dimas Hidayat,Wanita,1970,Medan,Sumatera Utara,2023-11-20,Basic
C21072,Citra Anggraini,Wanita,1976,Depok,Jawa Barat,2022-01-17,Silver
C21073,Dewi Anggraini,Wanita,1971,Semarang,Jawa Tengah,2022-10-15,Silver
C21074,Putri Rahayu,Pria,1993,Medan,Sumatera Utara,2022-04-22,Basic
C21075,Reza Utami,Wanita,1987,Tangerang,Banten,2024-09-02,Basic
C21076,Rani Hidayat,,1978,Tangerang Selatan,Banten,2024-07-06,Basic
C21077,Fajar Firmansyah,Pria,2003,Bekasi,Jawa Barat,2022-06-13,Basic
C21078,Nadia Firmansyah,Wanita,2002,Jakarta Timur,DKI Jakarta,2024-05-20,Basic
C21079,Arif Anggraini,,1984,Semarang,Jawa Tengah,2022-10-02,Basic
C21080,Iqbal Nugroho,Pria,1986,Malang,Jawa Timur,2024-08-21,Basic
C21081,Sari Setiawan,Pria,1970,Bandung,Jawa Barat,2022-09-16,Basic
C21082,Galih Rahayu,Wanita,1995,Makassar,Sulawesi Selatan,2024-07-26,Basic
C21083,Fitri Ramadhan,Pria,1996,Jakarta Selatan,DKI Jakarta,2024-09-25,Silver
C21084,Maya Saputra,Pria,1995,Semarang,Jawa Tengah,2023-01-17,Basic
C21085,Nurul Nugroho,Pria,1994,JAKARTA SELATAN,DKI Jakarta,2022-06-27,Basic
C21086,Vina Nugroho,Wanita,1991,Jakarta Selatan,DKI Jakarta,2022-09-25,Basic
C21087,Nurul Halim,Wanita,1977,Semarang,Jawa Tengah,2022-03-04,Basic
C21088,Intan Kusuma,Wanita,1970,Medan,Sumatera Utara,2024-04-22,Silver
C21089,Maya Utami,Wanita,1976,JAKARTA SELATAN,DKI Jakarta,2023-07-23,
C21090,Dewi Kusuma,Wanita,1983,Depok,Jawa Barat,2024-07-11,Basic
C21091,Lestari Utami,Pria,1998,Malang,Jawa Timur,2024-01-23,Basic
C21092,Lestari Santoso,,1996,surabaya,Jawa Timur,2023-07-17,Basic
C21093,Arif Permana,Wanita,1972,Makassar,Sulawesi Selatan,2023-11-09,Basic
C21094,Fitri Kusuma,Wanita,1995,Bogor,Jawa Barat,2023-12-14,Basic
C21095,Wahyu Setiawan,Pria,2003,Depok,Jawa Barat,2024-04-11,Basic
C21096,Maya Rahayu,Pria,1985,Bogor,Jawa Barat,2023-03-15,Silver
C21097,Teguh Kusuma,Wanita,1981,jakarta timur,DKI Jakarta,2022-03-19,Silver
C21098,Putri Ramadhan,Pria,1997,Medan,Sumatera Utara,2024-03-19,Basic
C21099,Reza Wijaya,Wanita,1983,Bekasi,Jawa Barat,2023-05-08,Silver
C21100,Teguh Ramadhan,Wanita,1987,Jakarta Selatan,DKI Jakarta,2022-10-17,Basic
C21101,Fajar Halim,Wanita,1984,Bekasi,Jawa Barat,2023-04-09,Basic
C21102,Dimas Halim,Pria,1970,Surabaya,Jawa Timur,2023-03-12,Basic
C21103,Vina Halim,Wanita,1982,Makassar,Sulawesi Selatan,2024-02-16,Silver
C21104,Andi Firmansyah,Wanita,1994,Jakarta Selatan,DKI Jakarta,2023-10-11,Gold
C21105,Fajar Firmansyah,Wanita,1989,Tangerang Selatan,Banten,2023-09-25,Basic
C21106,Rizky Firmansyah,Wanita,1992,Tangerang Selatan,Banten,2022-07-31,Basic
C21107,Yoga Utami,Wanita,1985,Semarang,Jawa Tengah,2022-02-21,Silver
C21108,Maya Santoso,Pria,1997,surabaya,Jawa Timur,2024-02-07,Basic
C21109,Intan Utami,Wanita,1993,Surabaya ,Jawa Timur,2024-08-15,Silver
C21110,Maya Firmansyah,Wanita,2001,Jakarta Barat,DKI Jakarta,2024-06-13,Basic
C21111,Lestari Santoso,Wanita,2000,Medan,Sumatera Utara,2023-03-13,
C21112,Fitri Hidayat,Wanita,2000,Malang,Jawa Timur,2023-12-02,Silver
C21113,Andi Nugroho,Wanita,1971,Depok,Jawa Barat,2023-12-10,Silver
C21114,Reza Firmansyah,Pria,1975,Surabaya,Jawa Timur,2022-07-04,Basic
C21115,Wahyu Nugroho,Pria,2002,Jakarta Selatan,DKI Jakarta,2022-01-06,
C21116,Wahyu Anggraini,Wanita,1979,Tangerang,Banten,2022-08-08,Basic
C21117,Dimas Pratama,Pria,1971,Medan,Sumatera Utara,2022-03-11,Silver
C21118,Intan Santoso,Wanita,1970,Tangerang Selatan,Banten,2022-05-24,Silver
C21119,Galih Permana,Pria,1985,Tangerang,Banten,2024-04-08,
C21120,Dewi Permana,Pria,1988,Yogyakarta,DI Yogyakarta,2022-08-07,Basic
C21121,Nadia Rahayu,Wanita,1990,Surabaya,Jawa Timur,2023-05-17,Basic
C21122,Lestari Santoso,Wanita,1975,Semarang,Jawa Tengah,2023-06-21,Silver
C21123,Yoga Nugroho,,1992,Jakarta Barat,DKI Jakarta,2024-01-15,Basic
C21124,Yoga Pratama,,1987,Bandung,Jawa Barat,2022-11-23,Silver
C21125,Teguh Utami,Pria,2003,Bekasi,Jawa Barat,2022-04-16,Basic
C21126,Teguh Firmansyah,Wanita,1992,Bandung,Jawa Barat,2024-01-15,Basic
C21127,Teguh Halim,Pria,1988,Depok,Jawa Barat,2024-04-05,Basic
C21128,Putri Rahayu,Wanita,1982,Palembang,Sumatera Selatan,2023-09-01,Basic
C21129,Anisa Halim,Wanita,1999,Tangerang,Banten,2023-12-18,Basic
C21130,Putri Rahayu,Pria,1978,Jakarta Selatan,DKI Jakarta,2022-10-26,Silver
C21131,Maya Wijaya,Pria,1998,jakarta selatan,DKI Jakarta,2023-04-30,Silver
C21132,Fitri Saputra,Wanita,1981,Tangsel,Banten,2023-12-05,Basic
C21133,Ayu Santoso,Pria,1998,Denpasar,Bali,2022-11-21,Silver
C21134,Wahyu Ramadhan,Wanita,1989,Jakarta Barat,DKI Jakarta,2022-02-05,
C21135,Nurul Ramadhan,Wanita,1984,Yogyakarta,DI Yogyakarta,2022-08-19,Basic
C21136,Arif Wijaya,Wanita,1984,Jakarta Barat,DKI Jakarta,2024-03-21,Basic
C21137,Dewi Nugroho,Wanita,1994,Jaksel,DKI Jakarta,2022-02-14,Silver
C21138,Budi Hidayat,Wanita,1975,Bandung,Jawa Barat,2023-02-15,Basic
C21139,Fitri Wijaya,Wanita,1992,Tangerang Selatan,Banten,2022-04-22,Basic
C21140,Galih Nugroho,Wanita,1974,Jakarta Selatan,DKI Jakarta,2023-05-29,Basic
C21141,Budi Firmansyah,Pria,1978,Bekasi,Jawa Barat,2024-08-08,Silver
C21142,Hendra Firmansyah,Pria,2001,Jakarta Barat,DKI Jakarta,2024-03-10,Gold
C21143,Nadia Kusuma,Pria,1974,Denpasar,Bali,2022-11-27,Basic
C21144,Wahyu Anggraini,Wanita,1977,Jakbar,DKI Jakarta,2023-04-15,Basic
C21145,Putri Saputra,Pria,1985,Makassar,Sulawesi Selatan,2023-09-07,Basic
C21146,Yoga Ramadhan,Wanita,1980,Semarang,Jawa Tengah,2023-05-17,Basic
C21147,Nadia Wijaya,Pria,2000,BANDUNG,Jawa Barat,2024-09-16,Basic
C21148,Fajar Firmansyah,Pria,1985,Medan,Sumatera Utara,2023-09-03,Silver
C21149,Rani Utami,Wanita,2001,Palembang,Sumatera Selatan,2022-11-30,Basic
C21150,Rizky Hidayat,,1989,Semarang,Jawa Tengah,2022-06-28,Silver
C21151,Siti Kusuma,Wanita,1992,Bekasi,Jawa Barat,2022-02-13,Silver
C21152,Nadia Nugroho,Pria,1970,Bogor,Jawa Barat,2024-07-21,Basic
C21153,Budi Firmansyah,Wanita,1973,Bekasi,Jawa Barat,2023-11-12,Basic
C21154,Andi Nugroho,Wanita,1984,Jakarta Selatan,DKI Jakarta,2023-11-10,Gold
C21155,Dewi Nugroho,Wanita,1988,Yogyakarta,DI Yogyakarta,2023-07-06,Silver
C21156,Galih Nugroho,Wanita,1995,Tangerang,Banten,2023-07-16,Silver
C21157,Budi Firmansyah,Pria,1978,Medan,Sumatera Utara,2022-06-05,Gold
C21158,Wahyu Santoso,,1978,Depok,Jawa Barat,2024-09-16,Basic
C21159,Galih Santoso,Wanita,1999,Surabaya,Jawa Timur,2024-04-05,Basic
C21160,Dimas Rahayu,Wanita,2000,Denpasar,Bali,2024-05-23,Basic
C21161,Maya Utami,Wanita,1996,Jakarta Timur,DKI Jakarta,2024-01-12,Basic
C21162,Bayu Rahayu,Pria,1987,Surabaya,Jawa Timur,2022-03-29,Gold
C21163,Agus Santoso,Wanita,1980,Bekasi,Jawa Barat,2022-07-16,Silver
C21164,Reza Nugroho,Wanita,1985,Denpasar,Bali,2024-05-11,Silver
C21165,Fitri Wijaya,Wanita,2001,Denpasar,Bali,2024-04-16,Basic
C21166,Nadia Ramadhan,Wanita,1990,Bekasi,Jawa Barat,2023-07-01,Basic
C21167,Budi Kusuma,Pria,1993,Semarang,Jawa Tengah,2022-01-07,Basic
C21168,Reza Wijaya,Wanita,1983,Jakarta Timur,DKI Jakarta,2023-05-25,Basic
C21169,Fajar Halim,Wanita,2003,Depok,Jawa Barat,2024-05-08,Silver
C21170,Citra Hidayat,Wanita,1992,SBY,Jawa Timur,2022-09-02,Silver
C21171,Anisa Nugroho,Wanita,1991,Jakarta Selatan,DKI Jakarta,2023-11-30,Basic
C21172,Rizky Ramadhan,Pria,1988,Medan,Sumatera Utara,2023-03-15,Basic
C21173,Nurul Saputra,Pria,1994,Jakarta Selatan,DKI Jakarta,2022-08-24,
C21174,Arif Firmansyah,Pria,1980,Bogor,Jawa Barat,2022-05-08,Gold
C21175,Nurul Utami,Wanita,1990,Medan,Sumatera Utara,2023-10-23,Gold
C21176,Vina Halim,Wanita,1980,Surabaya,Jawa Timur,2022-06-01,Basic
C21177,Iqbal Kusuma,Pria,1973,Tangerang Selatan,Banten,2024-06-21,Basic
C21178,Sari Hidayat,Pria,1980,Balikpapan,Kalimantan Timur,2022-02-05,Basic
C21179,Vina Rahayu,Pria,2001,Jakbar,DKI Jakarta,2022-05-30,Gold
C21180,Dimas Setiawan,Pria,1993,Tangerang Selatan,Banten,2024-02-06,Basic
C21181,Rani Rahayu,Wanita,1985,Depok,Jawa Barat,2022-07-24,Silver
C21182,Fajar Wijaya,Wanita,1980,Balikpapan,Kalimantan Timur,2022-08-21,Basic
C21183,Rizky Hidayat,Pria,1986,Bandung,Jawa Barat,2024-06-14,Silver
C21184,Putri Pratama,Wanita,1987,Jakarta Selatan,DKI Jakarta,2023-12-20,Silver
C21185,Fajar Anggraini,Wanita,2000,Surabaya,Jawa Timur,2022-03-03,Basic
C21186,Budi Rahayu,Wanita,1995,Surabaya,Jawa Timur,2024-08-13,Basic
C21187,Nadia Utami,,1988,jakarta timur,DKI Jakarta,2022-06-12,Silver
C21188,Budi Permana,Pria,1975,Depok,Jawa Barat,2022-12-25,Silver
C21189,Wahyu Hidayat,Pria,1977,Palembang,Sumatera Selatan,2024-06-16,Silver
C21190,Vina Saputra,Wanita,1978,Bekasi,Jawa Barat,2023-05-06,Silver
C21191,Arif Halim,Wanita,1971,Balikpapan,Kalimantan Timur,2024-08-27,Silver
C21192,Fajar Nugroho,Wanita,1981,Jaktim,DKI Jakarta,2023-12-22,Silver
C21193,Maya Permana,Wanita,1993,Jakarta Barat,DKI Jakarta,2023-07-14,
C21194,Fajar Setiawan,Wanita,1987,Jakarta Selatan,DKI Jakarta,2022-07-07,Basic
C21195,Fajar Wijaya,Wanita,1993,Tangerang,Banten,2023-08-31,Basic
C21196,Hendra Santoso,Wanita,1989,Tangerang Selatan,Banten,2024-03-31,Basic
C21197,Lestari Setiawan,,1970,Tangerang,Banten,2024-02-02,Basic
C21198,Vina Setiawan,Pria,1972,Depok,Jawa Barat,2023-11-01,Silver
C21199,Nurul Hidayat,Wanita,1991,Yogyakarta,DI Yogyakarta,2022-09-03,Gold
C21200,Galih Saputra,Wanita,1997, Bandung,Jawa Barat,2023-01-10,Basic
C21201,Ayu Permana,Wanita,1984,Makassar,Sulawesi Selatan,2023-03-13,Basic
C21202,Arif Kusuma,Wanita,1983,Bekasi,Jawa Barat,2024-04-25,Basic
C21203,Andi Rahayu,Wanita,1975,Yogyakarta,DI Yogyakarta,2022-07-31,Gold
C21204,Andi Saputra,Pria,1982,Jakarta Barat,DKI Jakarta,2024-05-02,Basic
C21205,Rizky Kusuma,Wanita,1993,Surabaya,Jawa Timur,2023-09-12,Basic
C21206,Maya Saputra,Pria,1982,Jakarta Timur,DKI Jakarta,2023-10-16,Silver
C21207,Yoga Utami,Wanita,1974,Jakarta Selatan,DKI Jakarta,2023-08-02,Basic
C21208,Andi Hidayat,Pria,2002,Jakarta Timur,DKI Jakarta,2022-08-17,Basic
C21209,Fitri Hidayat,Pria,2003,surabaya,Jawa Timur,2023-11-24,Basic
C21210,Vina Anggraini,Wanita,1985,Jakarta Barat,DKI Jakarta,2023-08-16,Basic
C21211,Nurul Kusuma,Pria,1977,Makassar,Sulawesi Selatan,2022-12-15,Basic
C21212,Dimas Setiawan,Pria,1997,Jakarta Selatan,DKI Jakarta,2022-08-04,Basic
C21213,Dimas Ramadhan,Wanita,2002,Tangerang Selatan,Banten,2023-03-27,
C21214,Siti Anggraini,Pria,1974,Bogor,Jawa Barat,2022-05-17,Basic
C21215,Sari Saputra,Wanita,1980,Tangerang Selatan,Banten,2024-07-06,Silver
C21216,Fajar Firmansyah,Pria,1980,Bekasi,Jawa Barat,2022-03-31,Basic
C21217,Siti Santoso,Pria,1980,Surabaya ,Jawa Timur,2024-05-20,Basic
C21218,Galih Permana,Pria,2001,Jakarta Barat,DKI Jakarta,2023-01-02,Silver
C21219,Arif Halim,Pria,1979,Jakarta Barat,DKI Jakarta,2023-08-27,Basic
C21220,Arif Saputra,Wanita,1988,Jakarta Timur,DKI Jakarta,2024-02-28,Basic
C21221,Budi Pratama,Wanita,1990,Yogyakarta,DI Yogyakarta,2022-09-14,Silver
C21222,Dewi Permana,Pria,1992,Jakbar,DKI Jakarta,2022-09-12,Basic
C21223,Hendra Setiawan,Wanita,1991,surabaya,Jawa Timur,2022-03-04,Basic
C21224,Citra Firmansyah,Wanita,1984,Bekasi,Jawa Barat,2022-05-08,
C21225,Fajar Rahayu,Pria,1995,Semarang,Jawa Tengah,2022-09-20,Silver
C21226,Siti Pratama,Wanita,1977,Tangerang,Banten,2022-04-11,Basic
C21227,Andi Nugroho,Pria,1978,Medan,Sumatera Utara,2023-11-14,Gold
C21228,Bayu Kusuma,Pria,2002,Yogyakarta,DI Yogyakarta,2024-05-27,Basic
C21229,Budi Rahayu,Wanita,1978,jakarta selatan,DKI Jakarta,2022-09-16,Basic
C21230,Iqbal Nugroho,Pria,1998,Tangerang,Banten,2024-09-17,Silver
C21231,Maya Firmansyah,Wanita,2001,Jakarta selatan,DKI Jakarta,2023-05-10,Basic
C21232,Citra Nugroho,Pria,1972,Depok,Jawa Barat,2023-10-22,Silver
C21233,Fitri Anggraini,Pria,2002,Tangerang,Banten,2024-05-14,Basic
C21234,Andi Firmansyah,Wanita,1987,Surabaya,Jawa Timur,2022-07-01,Basic
C21235,Siti Rahayu,Pria,1990,Balikpapan,Kalimantan Timur,2024-08-25,Silver
C21236,Dimas Pratama,Pria,1983,Tangerang,Banten,2022-12-04,Basic
C21237,Wahyu Pratama,Wanita,2002,Surabaya,Jawa Timur,2022-01-29,Silver
C21238,Wahyu Utami,Wanita,1987,Depok,Jawa Barat,2022-11-11,Silver
C21239,Rani Hidayat,Pria,1980,Tangerang Selatan,Banten,2022-11-10,Silver
C21240,Agus Saputra,Pria,1973,Bogor,Jawa Barat,2024-02-05,Basic
C21241,Nadia Utami,Wanita,1984,Jakarta selatan,DKI Jakarta,2024-05-18,Silver
C21242,Wahyu Saputra,Wanita,1999,jakarta selatan,DKI Jakarta,2023-09-22,Basic
C21243,Dimas Kusuma,Wanita,2000,Bekasi,Jawa Barat,2022-05-22,Silver
C21244,Teguh Utami,Pria,1995,Jakarta Selatan,DKI Jakarta,2022-06-11,Basic
C21245,Galih Saputra,Pria,2003,Malang,Jawa Timur,2023-06-03,Basic
C21246,Budi Setiawan,Pria,1985,Semarang,Jawa Tengah,2023-10-15,Basic
C21247,Putri Utami,Pria,1978,Bekasi,Jawa Barat,2023-08-28,Basic
C21248,Bayu Anggraini,Wanita,1974,Bekasi,Jawa Barat,2023-05-18,Basic
C21249,Yoga Kusuma,Wanita,1992,Bekasi,Jawa Barat,2024-06-17,Silver
C21250,Intan Permana,Pria,1982,Jakarta Selatan,DKI Jakarta,2023-05-26,Silver
C21251,Galih Hidayat,Wanita,1996,Depok,Jawa Barat,2022-12-06,Silver
C21252,Putri Halim,Wanita,2003,Jakarta Selatan,DKI Jakarta,2024-03-08,Basic
C21253,Siti Kusuma,Wanita,1981,Tangerang,Banten,2024-07-28,Silver
C21254,Andi Rahayu,Pria,1983,Palembang,Sumatera Selatan,2022-11-30,Basic
C21255,Agus Saputra,Pria,1993,Yogyakarta,DI Yogyakarta,2023-09-15,Basic
C21256,Lestari Hidayat,Pria,1977,Makassar,Sulawesi Selatan,2023-05-05,Silver
C21257,Ayu Pratama,Wanita,1986,Palembang,Sumatera Selatan,2023-08-09,Basic
C21258,Maya Pratama,Wanita,1977,tangerang selatan,Banten,2022-02-05,Silver
C21259,Hendra Firmansyah,Wanita,1973,DIY,DI Yogyakarta,2024-05-11,Basic
C21260,Anisa Ramadhan,Wanita,1981,Jakarta Selatan,DKI Jakarta,2023-07-29,Basic
C21261,Citra Santoso,Pria,1998,Jakarta Barat,DKI Jakarta,2022-11-29,Basic
C21262,Nadia Santoso,Wanita,2003,Malang,Jawa Timur,2023-11-02,Basic
C21263,Maya Setiawan,Pria,1977,Surabaya,Jawa Timur,2023-07-10,Basic
C21264,Iqbal Permana,Pria,1975,Denpasar,Bali,2024-06-26,Basic
C21265,Andi Rahayu,Pria,1982,Jakarta Selatan,DKI Jakarta,2023-05-04,Basic
C21266,Vina Santoso,Pria,1986,Semarang,Jawa Tengah,2024-08-26,Basic
C21267,Fitri Halim,Pria,1978,JAKARTA BARAT,DKI Jakarta,2023-08-14,Basic
C21268,Intan Permana,Wanita,1972,Jakarta Timur,DKI Jakarta,2022-08-07,Basic
C21269,Rizky Utami,Pria,1979,JAKARTA SELATAN,DKI Jakarta,2023-03-05,Basic
C21270,Reza Halim,Pria,1995,Makassar,Sulawesi Selatan,2024-09-26,Silver
C21271,Wahyu Pratama,Pria,1980,Denpasar,Bali,2022-09-02,Basic
C21272,Lestari Pratama,Pria,1973,Bandung,Jawa Barat,2023-12-19,Basic
C21273,Budi Rahayu,Pria,1974,Bandung,Jawa Barat,2023-11-13,Silver
C21274,Putri Anggraini,Wanita,1990,Palembang,Sumatera Selatan,2024-09-02,Silver
C21275,Dimas Anggraini,Wanita,1996,Depok,Jawa Barat,2023-05-04,Silver
C21276,Yoga Firmansyah,Pria,1976,Tangerang Selatan,Banten,2024-01-13,Silver
C21277,Vina Saputra,Pria,2001,Bekasi,Jawa Barat,2023-03-25,Basic
C21278,Vina Kusuma,Wanita,2003,Yogyakarta,DI Yogyakarta,2023-10-08,Silver
C21279,Ayu Kusuma,Pria,1986,Bekasi,Jawa Barat,2024-07-06,Basic
C21280,Ayu Permana,Pria,1976,Depok,Jawa Barat,2022-10-02,Basic
C21281,Putri Anggraini,Wanita,1992,Jakarta Selatan,DKI Jakarta,2023-08-15,Basic
C21282,Andi Nugroho,Pria,1976,Denpasar,Bali,2023-12-14,Silver
C21283,Andi Kusuma,Pria,1970,Jakarta Selatan,DKI Jakarta,2023-06-06,Silver
C21284,Fitri Wijaya,Pria,1979,Makassar,Sulawesi Selatan,2023-06-14,Gold
C21285,Budi Halim,Wanita,1976,Tangerang,Banten,2024-02-26,
C21286,Andi Ramadhan,Wanita,1991,Bogor,Jawa Barat,2024-01-13,Basic
C21287,Anisa Permana,Wanita,1975,Jaktim,DKI Jakarta,2023-02-10,Basic
C21288,Dewi Firmansyah,Pria,1991,Medan,Sumatera Utara,2023-07-12,Silver
C21289,Dewi Nugroho,Pria,1981,Medan,Sumatera Utara,2022-08-12,Silver
C21290,Reza Permana,,1999,Surabaya,Jawa Timur,2022-04-24,Basic
C21291,Reza Pratama,Wanita,1998,Makassar,Sulawesi Selatan,2022-10-15,Silver
C21292,Fajar Setiawan,Pria,1989,Bogor,Jawa Barat,2022-12-21,Silver
C21293,Fajar Firmansyah,Wanita,1993,Bogor,Jawa Barat,2022-08-04,Silver
C21294,Andi Kusuma,Wanita,2002,Denpasar,Bali,2023-03-27,Basic
C21295,Putri Pratama,Wanita,2002,Bekasi,Jawa Barat,2023-02-04,Basic
C21296,Teguh Halim,Pria,1986,Tangerang,Banten,2022-03-01,Basic
C21297,Rizky Kusuma,,1996,Medan,Sumatera Utara,2023-05-03,Gold
C21298,Intan Santoso,,2001,Jakarta Timur,DKI Jakarta,2022-04-03,Gold
C21299,Fitri Permana,Wanita,2003,Jakarta Selatan,DKI Jakarta,2023-10-24,Basic
C21300,Anisa Firmansyah,Pria,1983,Malang,Jawa Timur,2023-12-06,Basic
C21301,Putri Permana,Pria,1983,Jakarta Barat,DKI Jakarta,2022-11-08,
C21302,Anisa Permana,Wanita,1978,Surabaya,Jawa Timur,2024-06-09,Basic
C21303,Yoga Nugroho,Pria,1987,Surabaya,Jawa Timur,2022-09-10,Silver
C21304,Nadia Hidayat,Wanita,2002,Medan,Sumatera Utara,2023-09-10,Basic
C21305,Galih Ramadhan,Pria,1992,Bekasi,Jawa Barat,2022-01-12,Basic
C21306,Dimas Utami,Wanita,1995,tangerang selatan,Banten,2022-01-07,Basic
C21307,Galih Kusuma,Wanita,1979,Tangerang Selatan,Banten,2022-08-07,Basic
C21308,Budi Kusuma,Wanita,1995,Depok,Jawa Barat,2022-10-27,Silver
C21309,Rani Ramadhan,Pria,2000,Bogor,Jawa Barat,2022-08-24,Gold
C21310,Teguh Santoso,Wanita,1993,Tangsel,Banten,2022-03-28,
C21311,Teguh Halim,Wanita,1993,Medan,Sumatera Utara,2023-07-12,Basic
C21312,Bayu Wijaya,Wanita,1994,Semarang,Jawa Tengah,2022-03-24,Basic
C21313,Bayu Ramadhan,Pria,1988,Medan,Sumatera Utara,2023-10-22,Gold
C21314,Dimas Nugroho,Pria,1993,Bogor,Jawa Barat,2024-08-11,Basic
C21315,Budi Utami,Pria,1996,Bekasi,Jawa Barat,2024-06-16,Basic
C21316,Vina Rahayu,Wanita,1973,Jakarta Barat,DKI Jakarta,2022-02-15,Basic
C21317,Nurul Wijaya,Pria,1985,Balikpapan,Kalimantan Timur,2023-08-30,Basic
C21318,Arif Hidayat,Wanita,1972,Tangerang,Banten,2023-03-24,Basic
C21319,Galih Ramadhan,Pria,1994,Bogor,Jawa Barat,2022-12-07,Gold
C21320,Arif Saputra,Pria,1993,Balikpapan,Kalimantan Timur,2024-02-09,Basic
C21321,Andi Utami,Pria,2001,Bandung,Jawa Barat,2024-07-18,Gold
C21322,Fajar Setiawan,Wanita,1972,Jakarta Timur,DKI Jakarta,2022-08-02,Silver
C21323,Bayu Anggraini,Pria,1975,Balikpapan,Kalimantan Timur,2023-10-19,Basic
C21324,Maya Saputra,Wanita,1994,surabaya,Jawa Timur,2022-12-03,Silver
C21325,Hendra Pratama,Pria,1972,Surabaya,Jawa Timur,2022-01-29,Silver
C21326,Putri Ramadhan,Pria,1989,Bekasi,Jawa Barat,2023-11-13,
C21327,Nurul Anggraini,Wanita,1971,Jakarta Barat,DKI Jakarta,2023-03-27,Basic
C21328,Dimas Nugroho,Wanita,1975,Denpasar,Bali,2024-09-02,Silver
C21329,Andi Halim,Wanita,1979,Jakbar,DKI Jakarta,2023-03-11,Basic
C21330,Fajar Ramadhan,,1988,Yogyakarta,DI Yogyakarta,2024-03-14,Basic
C21331,Reza Anggraini,Pria,2002,Tangerang,Banten,2023-10-17,Basic
C21332,Yoga Santoso,Wanita,1980,Bandung,Jawa Barat,2024-04-04,Silver
C21333,Lestari Hidayat,Wanita,1977,Surabaya,Jawa Timur,2022-05-07,Basic
C21334,Lestari Rahayu,Wanita,1971,Makassar,Sulawesi Selatan,2023-03-13,Basic
C21335,Andi Anggraini,,1981,Bekasi,Jawa Barat,2022-06-11,Silver
C21336,Intan Saputra,Wanita,2000,Tangerang Selatan,Banten,2023-06-01,Silver
C21337,Iqbal Setiawan,Pria,1979,Jakarta Timur,DKI Jakarta,2024-01-23,Basic
C21338,Agus Anggraini,Pria,1996,Surabaya,Jawa Timur,2022-02-20,Basic
C21339,Vina Rahayu,,1975,Balikpapan,Kalimantan Timur,2022-01-16,Basic
C21340,Rani Saputra,Pria,1989,Jakbar,DKI Jakarta,2024-07-19,Silver
C21341,Teguh Firmansyah,Wanita,1990,Tangerang,Banten,2022-10-30,Basic
C21342,Sari Rahayu,Pria,1983,Tangerang,Banten,2022-05-03,Basic
C21343,Galih Nugroho,Pria,1973,Makassar,Sulawesi Selatan,2024-08-05,Basic
C21344,Andi Rahayu,Pria,1972,Bekasi,Jawa Barat,2022-09-02,Basic
C21345,Wahyu Ramadhan,Wanita,1974,Bogor,Jawa Barat,2023-04-19,Basic
C21346,Fajar Rahayu,Wanita,1986,Jakarta Barat,DKI Jakarta,2022-09-17,Basic
C21347,Reza Ramadhan,Pria,1972,Medan,Sumatera Utara,2023-08-03,Gold
C21348,Yoga Utami,Pria,1983,Bogor,Jawa Barat,2023-05-10,Basic
C21349,Fajar Permana,Wanita,1999,Denpasar,Bali,2023-09-21,Basic
C21350,Sari Permana,Wanita,2001,Jakarta Barat,DKI Jakarta,2022-01-15,Basic
C21351,Ayu Kusuma,Wanita,1997,Jakarta Timur,DKI Jakarta,2022-12-28,Gold
C21352,Maya Anggraini,Wanita,1985,Semarang,Jawa Tengah,2023-08-19,Silver
C21353,Arif Rahayu,Pria,1981,Semarang,Jawa Tengah,2022-08-25,Basic
C21354,Intan Wijaya,Wanita,1973,Surabaya,Jawa Timur,2023-12-06,Basic
C21355,Wahyu Rahayu,Wanita,1975, Bandung,Jawa Barat,2022-09-11,Basic
C21356,Arif Pratama,Wanita,1975,Balikpapan,Kalimantan Timur,2022-07-29,Gold
C21357,Ayu Rahayu,Wanita,1996,Jakarta Barat,DKI Jakarta,2023-12-02,Silver
C21358,Wahyu Nugroho,Pria,1987,Jakarta Barat,DKI Jakarta,2023-12-07,Basic
C21359,Nadia Kusuma,Pria,1992,Bekasi,Jawa Barat,2022-07-08,Silver
C21360,Ayu Setiawan,Wanita,1993,Jakarta Barat,DKI Jakarta,2024-03-19,Basic
C21361,Rizky Santoso,Wanita,1985,Jakarta Selatan,DKI Jakarta,2023-07-29,Basic
C21362,Rizky Pratama,Wanita,1978,Bogor,Jawa Barat,2022-03-28,Silver
C21363,Dewi Saputra,Wanita,1979,Tangerang,Banten,2022-01-08,Basic
C21364,Dewi Santoso,Pria,1991,Bekasi,Jawa Barat,2022-04-07,Basic
C21365,Andi Halim,Wanita,1989,Jakarta Barat,DKI Jakarta,2022-01-07,Basic
C21366,Galih Firmansyah,Pria,1978,Jakarta Selatan,DKI Jakarta,2022-05-08,Basic
C21367,Rizky Ramadhan,Wanita,1973,Bandung,Jawa Barat,2023-10-01,Gold
C21368,Citra Rahayu,Wanita,2001,TANGSEL,Banten,2024-02-18,Silver
C21369,Citra Utami,Pria,1993,Jakarta Timur,DKI Jakarta,2024-09-03,Basic
C21370,Siti Halim,Wanita,1990,Medan,Sumatera Utara,2022-03-28,Basic
C21371,Siti Setiawan,Pria,2000,Bogor,Jawa Barat,2024-02-12,Basic
C21372,Yoga Firmansyah,Pria,1998,Tangerang,Banten,2024-09-18,Silver
C21373,Andi Anggraini,Wanita,1994,Bogor,Jawa Barat,2022-10-16,Basic
C21374,Citra Rahayu,Pria,1985,Jakarta Selatan,DKI Jakarta,2022-11-01,Basic
C21375,Iqbal Nugroho,Pria,1973,Depok,Jawa Barat,2022-10-25,Basic
C21376,Lestari Utami,Wanita,1987,Malang,Jawa Timur,2024-08-20,Silver
C21377,Intan Permana,Wanita,2003,Tangerang Selatan,Banten,2024-05-12,Gold
C21378,Sari Rahayu,Wanita,1994,Depok,Jawa Barat,2022-01-17,Basic
C21379,Ayu Firmansyah,Wanita,1999,Jakarta Selatan,DKI Jakarta,2024-08-02,Basic
C21380,Hendra Ramadhan,Wanita,1999,Palembang,Sumatera Selatan,2023-12-15,Silver
C21381,Dewi Santoso,Pria,1976,Jakarta Barat,DKI Jakarta,2023-02-28,Silver
C21382,Rizky Anggraini,Pria,1983,Yogyakarta,DI Yogyakarta,2022-05-11,Basic
C21383,Iqbal Wijaya,Wanita,1995,Yogyakarta,DI Yogyakarta,2023-12-08,Silver
C21384,Sari Utami,Wanita,2003,Semarang,Jawa Tengah,2023-05-15,Silver
C21385,Nurul Halim,,1979,Medan,Sumatera Utara,2022-09-03,Silver
C21386,Vina Halim,Pria,1972,Bekasi,Jawa Barat,2023-05-02,Silver
C21387,Arif Setiawan,Wanita,1975,Denpasar,Bali,2024-01-20,Silver
C21388,Galih Wijaya,Wanita,1988,Jakarta Timur,DKI Jakarta,2024-09-17,Silver
C21389,Ayu Nugroho,Wanita,1977,Makassar,Sulawesi Selatan,2023-08-11,Silver
C21390,Ayu Utami,,1970,Bekasi,Jawa Barat,2023-01-29,Basic
C21391,Agus Setiawan,Wanita,1980,Depok,Jawa Barat,2023-10-20,Silver
C21392,Putri Rahayu,Wanita,1973,Jakarta selatan,DKI Jakarta,2023-08-29,Basic
C21393,Bayu Nugroho,,1986,JAKARTA BARAT,DKI Jakarta,2023-09-06,Basic
C21394,Arif Hidayat,Pria,1984,Tangerang,Banten,2023-08-25,Basic
C21395,Lestari Santoso,Pria,1978,Tangerang,Banten,2024-08-24,Silver
C21396,Teguh Kusuma,Pria,1995,SBY,Jawa Timur,2022-05-19,Basic
C21397,Reza Santoso,Wanita,1970,Balikpapan,Kalimantan Timur,2024-06-13,Basic
C21398,Citra Anggraini,Wanita,1989,Makassar,Sulawesi Selatan,2023-01-12,Basic
C21399,Maya Setiawan,Wanita,1977,Jakarta Timur,DKI Jakarta,2022-05-19,Basic
C21400,Hendra Kusuma,Wanita,1971, Bandung,Jawa Barat,2022-07-31,Basic
C21401,Arif Rahayu,Wanita,1984,Malang,Jawa Timur,2023-01-15,Basic
C21402,Citra Utami,Wanita,1998,Bogor,Jawa Barat,2023-07-02,Basic
C21403,Nadia Wijaya,Pria,1976,Semarang,Jawa Tengah,2023-10-03,Basic
C21404,Intan Halim,Wanita,1983,Palembang,Sumatera Selatan,2022-01-21,Basic
C21405,Nadia Ramadhan,Pria,1974,bandung,Jawa Barat,2024-06-01,Basic
C21406,Nadia Pratama,Pria,1977,Medan,Sumatera Utara,2023-10-13,Basic
C21407,Dewi Kusuma,Wanita,1999,Semarang,Jawa Tengah,2023-11-19,Gold
C21408,Yoga Rahayu,Wanita,1988,Jakarta Selatan,DKI Jakarta,2022-07-05,Basic
C21409,Teguh Halim,,1972,TANGSEL,Banten,2024-09-06,
C21410,Putri Halim,,1976,Palembang,Sumatera Selatan,2023-03-21,Basic
C21411,Budi Hidayat,Wanita,1971,Bogor,Jawa Barat,2023-04-04,Basic
C21412,Agus Halim,Wanita,1983,Medan,Sumatera Utara,2023-10-03,Basic
C21413,Budi Pratama,Wanita,1977,Jakarta Barat,DKI Jakarta,2023-06-06,Basic
C21414,Wahyu Wijaya,Wanita,1986,Tangerang,Banten,2022-08-16,Silver
C21415,Galih Santoso,Pria,1974,Surabaya,Jawa Timur,2023-06-11,Silver
C21416,Galih Nugroho,Pria,1973,Tangerang Selatan,Banten,2022-04-18,Basic
C21417,Rizky Wijaya,Wanita,1972,Depok,Jawa Barat,2023-11-22,Silver
C21418,Anisa Firmansyah,Pria,1986,Jakarta Barat,DKI Jakarta,2024-04-17,Basic
C21419,Rizky Setiawan,,1988,Jakarta Barat,DKI Jakarta,2023-06-25,Basic
C21420,Putri Santoso,Pria,2003,Jakarta Barat,DKI Jakarta,2022-02-06,Basic
C21421,Siti Wijaya,Wanita,2001,Yogyakarta,DI Yogyakarta,2024-07-24,Silver
C21422,Budi Kusuma,Pria,1991,Depok,Jawa Barat,2024-02-14,Basic
C21423,Iqbal Wijaya,Wanita,1974,Yogyakarta,DI Yogyakarta,2023-12-14,Basic
C21424,Anisa Halim,Pria,1993,Semarang,Jawa Tengah,2023-05-04,Basic
C21425,Ayu Halim,Pria,1985,Bandung,Jawa Barat,2022-02-02,Basic
C21426,Rani Nugroho,Wanita,1988,Medan,Sumatera Utara,2024-07-02,Silver
C21427,Bayu Saputra,Wanita,1974,Surabaya,Jawa Timur,2023-02-01,Basic
C21428,Anisa Saputra,Wanita,2003,Bekasi,Jawa Barat,2023-02-04,
C21429,Iqbal Pratama,Wanita,1972,Tangerang Selatan,Banten,2023-12-22,Basic
C21430,Rizky Pratama,Pria,1983,Denpasar,Bali,2022-06-26,Basic
C21431,Siti Utami,Pria,2003,Medan,Sumatera Utara,2022-07-13,Silver
C21432,Agus Wijaya,Pria,2001,Surabaya,Jawa Timur,2023-04-16,Gold
C21433,Teguh Saputra,Pria,1984,Depok,Jawa Barat,2023-06-16,
C21434,Hendra Ramadhan,Wanita,1977,Denpasar,Bali,2022-10-11,Basic
C21435,Wahyu Santoso,Pria,1979,Malang,Jawa Timur,2022-10-10,Basic
C21436,Wahyu Santoso,Wanita,1989,Medan,Sumatera Utara,2022-05-07,Basic
C21437,Dimas Wijaya,Pria,1983,Denpasar,Bali,2022-09-04,Basic
C21438,Yoga Nugroho,Pria,2002,Bekasi,Jawa Barat,2022-01-12,Gold
C21439,Dewi Utami,Wanita,1985,Tangerang Selatan,Banten,2022-08-06,Gold
C21440,Sari Kusuma,Wanita,1980,Yogyakarta,DI Yogyakarta,2024-02-16,Basic
C21441,Wahyu Setiawan,Wanita,1978,Tangerang Selatan,Banten,2024-03-04,Silver
C21442,Budi Saputra,Wanita,1987,Surabaya,Jawa Timur,2023-12-08,Basic
C21443,Nurul Wijaya,Pria,1998,Jakarta Barat,DKI Jakarta,2022-12-14,Basic
C21444,Reza Firmansyah,Pria,1987,Medan,Sumatera Utara,2023-12-22,Basic
C21445,Anisa Utami,Wanita,2001,Jakarta Selatan,DKI Jakarta,2023-02-02,
C21446,Bayu Ramadhan,Wanita,1973,Bandung,Jawa Barat,2023-02-08,Basic
C21447,Reza Saputra,Wanita,1982,Tangerang,Banten,2022-03-13,Basic
C21448,Siti Pratama,Pria,1973,Medan,Sumatera Utara,2023-08-22,Gold
C21449,Fitri Permana,Wanita,1972,Jaktim,DKI Jakarta,2023-04-21,Basic
C21450,Yoga Nugroho,Pria,1987,Surabaya,Jawa Timur,2022-11-11,Silver
C21451,Hendra Santoso,Wanita,1984,Tangerang Selatan,Banten,2024-02-05,Basic
C21452,Rizky Halim,Wanita,1994,Depok,Jawa Barat,2023-10-26,Basic
C21453,Intan Utami,Pria,1995,Makassar,Sulawesi Selatan,2022-02-27,Silver
C21454,Nurul Kusuma,Wanita,1979,TANGSEL,Banten,2022-11-07,Basic
C21455,Arif Halim,Pria,1977,Jakarta Barat,DKI Jakarta,2023-07-06,Basic
C21456,Fitri Halim,Pria,1976,Denpasar,Bali,2022-12-17,Basic
C21457,Intan Wijaya,Pria,1985,Jogjakarta,DI Yogyakarta,2023-11-01,Basic
C21458,Fajar Nugroho,Pria,1976,Jakarta Timur,DKI Jakarta,2024-08-05,Basic
C21459,Yoga Ramadhan,Pria,2001,Palembang,Sumatera Selatan,2024-06-26,Basic
C21460,Putri Rahayu,Pria,1988,Tangerang Selatan,Banten,2024-03-15,Basic
C21461,Ayu Kusuma,Pria,1998,Makassar,Sulawesi Selatan,2022-02-27,Basic
C21462,Maya Saputra,Pria,1980,Jakarta Selatan,DKI Jakarta,2022-08-14,Basic
C21463,Putri Setiawan,Pria,2002,Depok,Jawa Barat,2023-02-12,Silver
C21464,Dimas Hidayat,Pria,1977,Makassar,Sulawesi Selatan,2022-04-13,Basic
C21465,Dimas Saputra,Wanita,1973,Bandung,Jawa Barat,2022-01-03,Silver
C21466,Budi Permana,Pria,1995,JAKARTA BARAT,DKI Jakarta,2022-04-24,Basic
C21467,Galih Kusuma,Pria,1974,Depok,Jawa Barat,2022-05-15,Basic
C21468,Rani Saputra,,1990,Tangerang,Banten,2024-02-23,Gold
C21469,Dimas Kusuma,Wanita,1975,Bekasi,Jawa Barat,2023-08-15,
C21470,Budi Setiawan,Wanita,1989,JAKARTA SELATAN,DKI Jakarta,2022-09-15,Silver
C21471,Intan Nugroho,Pria,1983,Tangerang Selatan,Banten,2022-10-12,Basic
C21472,Sari Santoso,Pria,1977,Bekasi,Jawa Barat,2024-05-19,Gold
C21473,Dimas Hidayat,Pria,1986,Tangerang Selatan,Banten,2023-01-05,Basic
C21474,Agus Pratama,Pria,1993,Bekasi,Jawa Barat,2022-06-10,Basic
C21475,Rizky Ramadhan,Wanita,1983,Jakarta Barat,DKI Jakarta,2024-04-11,Silver
C21476,Andi Wijaya,Wanita,1986,Jaktim,DKI Jakarta,2022-09-06,Basic
C21477,Yoga Utami,Pria,1984,Semarang,Jawa Tengah,2023-10-22,Basic
C21478,Galih Santoso,Wanita,1996,Surabaya,Jawa Timur,2022-09-11,Basic
C21479,Anisa Saputra,Wanita,1985,Jogjakarta,DI Yogyakarta,2023-09-23,Silver
C21480,Lestari Halim,Wanita,1999,Balikpapan,Kalimantan Timur,2022-02-18,Basic
C21481,Arif Firmansyah,Wanita,1970,Semarang,Jawa Tengah,2022-01-26,Silver
C21482,Citra Nugroho,Pria,1982,Tangerang Selatan,Banten,2023-11-04,Basic
C21483,Galih Nugroho,Pria,1987,Jakarta Selatan,DKI Jakarta,2023-08-10,Basic
C21484,Fajar Nugroho,Pria,1999,Jogja,DI Yogyakarta,2024-01-05,Basic
C21485,Andi Ramadhan,Pria,1971,Medan,Sumatera Utara,2022-12-02,Basic
C21486,Anisa Setiawan,Wanita,1995,jakarta selatan,DKI Jakarta,2024-06-18,Gold
C21487,Bayu Pratama,,2002,Tangerang Selatan,Banten,2023-02-07,Silver
C21488,Fitri Halim,Wanita,1983,Bekasi,Jawa Barat,2022-01-07,Basic
C21489,Vina Kusuma,Wanita,1977,Surabaya ,Jawa Timur,2023-09-23,Silver
C21490,Andi Santoso,Wanita,1971,Bogor,Jawa Barat,2023-09-28,Basic
C21491,Intan Pratama,Wanita,1991,JAKARTA SELATAN,DKI Jakarta,2022-09-25,Silver
C21492,Galih Pratama,Pria,1983,Surabaya,Jawa Timur,2023-08-31,Basic
C21493,Reza Setiawan,,1979,Jakarta Selatan,DKI Jakarta,2023-01-25,Basic
C21494,Teguh Santoso,Wanita,1999,Jakarta Selatan,DKI Jakarta,2022-06-16,Basic
C21495,Yoga Nugroho,Wanita,2000,Bekasi,Jawa Barat,2022-01-03,Basic
C21496,Dewi Rahayu,Pria,1999,Jakarta Selatan,DKI Jakarta,2024-06-24,Basic
C21497,Fajar Pratama,Wanita,1974,Jaktim,DKI Jakarta,2023-04-20,Basic
C21498,Bayu Firmansyah,Pria,1999,Tangerang,Banten,2022-08-28,Gold
C21499,Sari Nugroho,Pria,1982,Surabaya,Jawa Timur,2024-05-28,
C21500,Galih Utami,Pria,1981,Balikpapan,Kalimantan Timur,2024-01-14,Gold
C21501,Putri Santoso,Wanita,1973,Jakarta Barat,DKI Jakarta,2023-08-30,Silver
C21502,Rani Nugroho,Wanita,1986,Bogor,Jawa Barat,2022-11-05,Basic
C21503,Anisa Halim,Pria,2002,Tangerang,Banten,2024-02-13,Basic
C21504,Teguh Utami,Pria,1975,Jakarta Barat,DKI Jakarta,2024-08-27,Basic
C21505,Putri Santoso,Wanita,1984,Malang,Jawa Timur,2022-05-01,Basic
C21506,Ayu Permana,Wanita,2002,Palembang,Sumatera Selatan,2022-02-12,
C21507,Hendra Setiawan,Wanita,2002,Bekasi,Jawa Barat,2023-04-03,Basic
C21508,Bayu Permana,Wanita,1990,Denpasar,Bali,2023-02-17,Basic
C21509,Putri Wijaya,Pria,1982,Yogyakarta,DI Yogyakarta,2022-10-12,Basic
C21510,Bayu Setiawan,Pria,1993,Balikpapan,Kalimantan Timur,2023-08-11,Gold
C21511,Vina Santoso,Pria,1984,Bandung,Jawa Barat,2022-11-03,Basic
C21512,Siti Pratama,Wanita,1991,Jakarta Barat,DKI Jakarta,2022-08-25,Silver
C21513,Budi Wijaya,Wanita,1970,Jakarta Barat,DKI Jakarta,2022-03-14,Silver
C21514,Arif Pratama,Pria,2003,Denpasar,Bali,2023-12-17,Basic
C21515,Nurul Ramadhan,Wanita,1972,Jogjakarta,DI Yogyakarta,2023-02-01,Basic
C21516,Siti Wijaya,Pria,1987,Bogor,Jawa Barat,2023-03-01,Basic
C21517,Iqbal Setiawan,Wanita,1971,Semarang,Jawa Tengah,2024-09-05,Basic
C21518,Anisa Hidayat,Pria,1972,TANGSEL,Banten,2024-01-05,Basic
C21519,Rizky Rahayu,Wanita,1998,Tangerang,Banten,2022-04-02,Silver
C21520,Ayu Wijaya,Pria,1976,Jakarta Timur,DKI Jakarta,2024-04-06,Basic
C21521,Dimas Pratama,Wanita,1977,Jaktim,DKI Jakarta,2022-09-06,Basic
C21522,Rani Utami,Wanita,1986,Balikpapan,Kalimantan Timur,2023-11-16,Basic
C21523,Nurul Wijaya,Pria,1972,SBY,Jawa Timur,2022-05-24,Silver
C21524,Galih Santoso,Wanita,1991,Denpasar,Bali,2024-05-29,Basic
C21525,Rani Saputra,Wanita,1972,Tangerang,Banten,2023-09-03,Silver
C21526,Iqbal Hidayat,Pria,1983,Jakarta Selatan,DKI Jakarta,2024-02-06,Silver
C21527,Iqbal Permana,Wanita,1980,Bekasi,Jawa Barat,2023-10-07,Basic
C21528,Fajar Ramadhan,Pria,1992,JAKARTA SELATAN,DKI Jakarta,2022-06-25,Basic
C21529,Dimas Pratama,Pria,1986,Semarang,Jawa Tengah,2023-07-21,Basic
C21530,Dewi Halim,Wanita,1988,Denpasar,Bali,2022-04-25,Basic
C21531,Citra Setiawan,Wanita,2002,Depok,Jawa Barat,2024-04-07,Basic
C21532,Wahyu Setiawan,Wanita,1999,Jakarta Timur,DKI Jakarta,2022-02-28,Basic
C21533,Teguh Hidayat,Wanita,1994,Jakarta Barat,DKI Jakarta,2022-12-25,Basic
C21534,Wahyu Setiawan,Wanita,1977,Bogor,Jawa Barat,2022-02-11,Basic
C21535,Fitri Firmansyah,,1998,Surabaya,Jawa Timur,2022-12-23,Silver
C21536,Bayu Nugroho,Pria,1974,Bandung,Jawa Barat,2023-07-13,Basic
C21537,Andi Setiawan,Wanita,2000,Jakarta Timur,DKI Jakarta,2023-03-26,Basic
C21538,Rizky Halim,Pria,2003,Jakbar,DKI Jakarta,2023-06-29,Silver
C21539,Dimas Hidayat,Pria,1991,Surabaya,Jawa Timur,2022-01-16,Gold
C21540,Andi Pratama,Pria,1981,JAKARTA BARAT,DKI Jakarta,2022-07-30,Basic
C21541,Anisa Kusuma,Pria,1995,tangerang selatan,Banten,2022-06-26,Basic
C21542,Dimas Wijaya,Pria,1999,jakarta selatan,DKI Jakarta,2024-06-21,Silver
C21543,Citra Utami,Wanita,1987,Tangerang Selatan,Banten,2024-04-23,Basic
C21544,Sari Nugroho,Wanita,1999,Denpasar,Bali,2024-07-23,Basic
C21545,Ayu Anggraini,Wanita,1974,Tangerang,Banten,2022-10-18,Gold
C21546,Fitri Anggraini,Pria,1990,Jakarta Timur,DKI Jakarta,2022-07-07,Silver
C21547,Vina Halim,Pria,1974,Yogyakarta,DI Yogyakarta,2022-11-13,Silver
C21548,Lestari Santoso,Wanita,1970,Surabaya,Jawa Timur,2023-04-01,Silver
C21549,Andi Nugroho,Wanita,1970,Semarang,Jawa Tengah,2023-02-19,Basic
C21550,Reza Kusuma,Wanita,1976,Yogyakarta,DI Yogyakarta,2023-03-14,Basic
C21551,Andi Saputra,Pria,1972,Yogyakarta,DI Yogyakarta,2024-01-26,Silver
C21552,Hendra Wijaya,Wanita,2002,Semarang,Jawa Tengah,2024-03-24,Basic
C21553,Dimas Rahayu,Pria,1977,Jakarta Barat,DKI Jakarta,2023-06-22,Silver
C21554,Anisa Firmansyah,Wanita,1979,Yogyakarta,DI Yogyakarta,2022-02-19,Basic
C21555,Vina Nugroho,Pria,1990,Tangerang,Banten,2022-01-21,Basic
C21556,Reza Utami,Pria,1979,Makassar,Sulawesi Selatan,2024-05-27,Basic
C21557,Nadia Saputra,Pria,1976,Bogor,Jawa Barat,2023-01-12,Basic
C21558,Citra Wijaya,Pria,1977,Tangerang Selatan,Banten,2024-04-23,Basic
C21559,Yoga Pratama,Wanita,1999,Palembang,Sumatera Selatan,2023-10-15,Basic
C21560,Iqbal Hidayat,Pria,1995,Surabaya,Jawa Timur,2022-04-22,Silver
C21561,Wahyu Halim,Pria,1981,Bekasi,Jawa Barat,2023-06-07,Basic
C21562,Rani Wijaya,Pria,2001,Jakarta Barat,DKI Jakarta,2023-09-04,
C21563,Nurul Saputra,Pria,1997,Depok,Jawa Barat,2022-10-24,Basic
C21564,Rani Pratama,Wanita,1989,Surabaya,Jawa Timur,2024-01-09,Silver
C21565,Bayu Permana,Pria,1980,Semarang,Jawa Tengah,2022-07-11,Basic
C21566,Fitri Utami,Pria,1981,Depok,Jawa Barat,2023-02-27,Basic
C21567,Dewi Pratama,Pria,1981,Depok,Jawa Barat,2023-05-12,Gold
C21568,Sari Permana,Pria,1971,Yogyakarta,DI Yogyakarta,2023-08-30,Gold
C21569,Reza Permana,Wanita,1983,Surabaya,Jawa Timur,2023-11-28,Silver
C21570,Nurul Santoso,Pria,1992,jakarta selatan,DKI Jakarta,2023-10-15,Basic
C21571,Ayu Setiawan,Wanita,1990,Tangerang,Banten,2022-05-20,Silver
C21572,Citra Halim,Pria,1982,Semarang,Jawa Tengah,2022-03-18,Basic
C21573,Intan Rahayu,Pria,1972,Yogyakarta,DI Yogyakarta,2023-07-27,Silver
C21574,Ayu Nugroho,Pria,1975,Jakarta Selatan,DKI Jakarta,2023-08-04,Basic
C21575,Dimas Kusuma,Wanita,1974,Medan,Sumatera Utara,2023-01-27,Basic
C21576,Andi Santoso,Wanita,1986,Bogor,Jawa Barat,2024-09-11,Silver
C21577,Arif Pratama,Pria,1978,Bandung,Jawa Barat,2022-07-08,Silver
C21578,Bayu Anggraini,Pria,1996,Jakarta Selatan,DKI Jakarta,2022-01-12,Basic
C21579,Bayu Kusuma,Wanita,1985,Malang,Jawa Timur,2023-05-26,Basic
C21580,Lestari Ramadhan,Wanita,1977,Yogyakarta,DI Yogyakarta,2023-08-08,Basic
C21581,Maya Utami,Wanita,1974,Denpasar,Bali,2022-04-21,Basic
C21582,Dewi Setiawan,Pria,1980,Jaktim,DKI Jakarta,2023-09-16,Basic
C21583,Rani Saputra,Pria,1974,Makassar,Sulawesi Selatan,2022-12-21,
C21584,Wahyu Pratama,Wanita,1990,Bekasi,Jawa Barat,2023-06-11,Basic
C21585,Vina Utami,Pria,1971,Bekasi,Jawa Barat,2024-07-24,Basic
C21586,Bayu Firmansyah,Wanita,1988,Malang,Jawa Timur,2022-05-13,Silver
C21587,Fajar Santoso,,2001,Yogyakarta,DI Yogyakarta,2024-08-12,Basic
C21588,Yoga Santoso,Wanita,1977,Tangerang Selatan,Banten,2024-03-15,Silver
C21589,Agus Ramadhan,Pria,1999,Medan,Sumatera Utara,2023-12-10,Basic
C21590,Sari Nugroho,Pria,1982,Palembang,Sumatera Selatan,2023-07-22,Silver
C21591,Fitri Wijaya,,1984,SBY,Jawa Timur,2024-05-13,Basic
C21592,Arif Firmansyah,Wanita,1974,Semarang,Jawa Tengah,2024-09-02,Basic
C21593,Ayu Nugroho,Pria,1970,Jakarta Selatan,DKI Jakarta,2022-06-18,Gold
C21594,Vina Nugroho,Wanita,1983,Bogor,Jawa Barat,2024-08-03,Gold
C21595,Andi Firmansyah,,1985,Jakarta Barat,DKI Jakarta,2023-02-25,Basic
C21596,Putri Setiawan,Wanita,2000,Makassar,Sulawesi Selatan,2023-10-10,Basic
C21597,Putri Setiawan,Pria,1981,Semarang,Jawa Tengah,2022-08-24,Basic
C21598,Hendra Pratama,Pria,1986,Bandung,Jawa Barat,2024-09-02,Gold
C21599,Intan Permana,Wanita,1986,Makassar,Sulawesi Selatan,2024-09-24,Silver
C21600,Agus Anggraini,Wanita,1971,Malang,Jawa Timur,2023-02-13,Silver
C21601,Maya Anggraini,Wanita,2002,Depok,Jawa Barat,2022-08-19,Basic
C21602,Rizky Firmansyah,Wanita,1997,jakarta timur,DKI Jakarta,2023-04-15,
C21603,Rani Pratama,Wanita,1991,Depok,Jawa Barat,2022-09-05,Basic
C21604,Sari Halim,Pria,1987,Denpasar,Bali,2022-05-21,Basic
C21605,Andi Pratama,Wanita,1997,Jakarta Barat,DKI Jakarta,2022-10-09,Basic
C21606,Vina Santoso,Wanita,1987,Jakarta Selatan,DKI Jakarta,2024-07-04,Silver
C21607,Maya Rahayu,Wanita,1982,Medan,Sumatera Utara,2024-05-12,Basic
C21608,Siti Nugroho,Wanita,1979,Jakarta Timur,DKI Jakarta,2022-03-08,
C21609,Putri Utami,Pria,1983,Jakarta Timur,DKI Jakarta,2024-04-17,Basic
C21610,Iqbal Ramadhan,Pria,1977,Bekasi,Jawa Barat,2024-04-02,Basic
C21611,Sari Nugroho,Pria,1970,Palembang,Sumatera Selatan,2022-11-04,Silver
C21612,Putri Hidayat,Wanita,1977,Jogja,DI Yogyakarta,2024-07-03,Basic
C21613,Maya Wijaya,Wanita,2000,Jakarta Timur,DKI Jakarta,2023-08-19,Basic
C21614,Maya Saputra,Pria,1975,Palembang,Sumatera Selatan,2022-04-23,Basic
C21615,Vina Nugroho,Pria,1985,Depok,Jawa Barat,2023-08-19,Silver
C21616,Dimas Wijaya,Pria,1989,Semarang,Jawa Tengah,2022-06-11,Basic
C21617,Hendra Firmansyah,Pria,1973,Bogor,Jawa Barat,2022-12-08,Gold
C21618,Rani Permana,Wanita,1992,Palembang,Sumatera Selatan,2023-09-24,Gold
C21619,Reza Nugroho,Wanita,1974,Bandung,Jawa Barat,2023-07-23,Silver
C21620,Siti Permana,Wanita,1984,Palembang,Sumatera Selatan,2023-12-03,Basic
C21621,Intan Utami,Wanita,1973,Medan,Sumatera Utara,2024-06-29,Basic
C21622,Hendra Hidayat,Wanita,1996,jakarta barat,DKI Jakarta,2022-04-11,Silver
C21623,Nurul Pratama,Wanita,1993,jakarta selatan,DKI Jakarta,2023-07-26,Basic
C21624,Hendra Ramadhan,Pria,1997,Tangerang Selatan,Banten,2024-03-14,Basic
C21625,Arif Hidayat,Wanita,1997,Makassar,Sulawesi Selatan,2023-09-18,Basic
C21626,Rani Halim,Wanita,1985,Jakarta Timur,DKI Jakarta,2023-11-24,Gold
C21627,Yoga Nugroho,Wanita,1970,Medan,Sumatera Utara,2022-11-21,Basic
C21628,Putri Utami,Pria,1998,Bekasi,Jawa Barat,2024-09-02,Basic
C21629,Intan Santoso,Pria,1980,Semarang,Jawa Tengah,2024-03-27,Basic
C21630,Iqbal Hidayat,Pria,2003,Bekasi,Jawa Barat,2023-04-12,Basic
C21631,Galih Nugroho,Pria,2002,jakarta barat,DKI Jakarta,2024-03-11,Basic
C21632,Nurul Wijaya,Wanita,2001,Makassar,Sulawesi Selatan,2022-10-10,Basic
C21633,Iqbal Saputra,Wanita,2003,BANDUNG,Jawa Barat,2024-04-17,Basic
C21634,Dimas Santoso,Wanita,1971,Depok,Jawa Barat,2022-12-17,Basic
C21635,Fitri Santoso,Pria,1975,Surabaya,Jawa Timur,2022-10-04,Silver
C21636,Sari Setiawan,Pria,1975,Bekasi,Jawa Barat,2022-03-20,Basic
C21637,Siti Halim,Pria,1980,Denpasar,Bali,2023-09-01,Basic
C21638,Andi Saputra,Wanita,1988,Jakarta Barat,DKI Jakarta,2023-12-17,
C21639,Dimas Ramadhan,Wanita,1972,Semarang,Jawa Tengah,2022-10-11,Basic
C21640,Galih Santoso,Pria,1978,Depok,Jawa Barat,2023-08-07,Basic
C21641,Nadia Santoso,Wanita,1974,Bogor,Jawa Barat,2022-06-11,Basic
C21642,Hendra Pratama,Wanita,1999,Tangerang,Banten,2022-07-28,Silver
C21643,Nurul Rahayu,Wanita,2002,surabaya,Jawa Timur,2024-04-23,Basic
C21644,Siti Rahayu,Pria,1989,Semarang,Jawa Tengah,2022-04-20,
C21645,Dewi Halim,Pria,1970,Bogor,Jawa Barat,2023-04-01,Gold
C21646,Putri Permana,Wanita,1983,Bekasi,Jawa Barat,2024-02-17,Silver
C21647,Reza Halim,Pria,1972,Jakarta Barat,DKI Jakarta,2023-08-24,Basic
C21648,Budi Permana,,1981,Jakarta Timur,DKI Jakarta,2024-06-28,Basic
C21649,Iqbal Nugroho,Wanita,1971,Depok,Jawa Barat,2022-03-10,Silver
C21650,Rizky Halim,Wanita,1990,Tangsel,Banten,2023-12-29,Basic
C21651,Dewi Nugroho,Wanita,1992,Depok,Jawa Barat,2023-07-22,Basic
C21652,Lestari Setiawan,Pria,1997,Jakarta Timur,DKI Jakarta,2023-04-18,Basic
C21653,Budi Setiawan,Wanita,1990,BANDUNG,Jawa Barat,2024-02-07,Basic
C21654,Intan Kusuma,Pria,1990,Bandung,Jawa Barat,2022-08-24,Basic
C21655,Vina Wijaya,Pria,1985,Jakarta Timur,DKI Jakarta,2023-07-03,Basic
C21656,Maya Pratama,Wanita,1997,Bogor,Jawa Barat,2024-08-19,
C21657,Siti Santoso,Pria,1993,jakarta barat,DKI Jakarta,2022-08-13,Basic
C21658,Fajar Nugroho,Pria,1987,Tangerang,Banten,2022-11-03,Silver
C21659,Maya Setiawan,,1990,Malang,Jawa Timur,2024-02-01,Gold
C21660,Fitri Rahayu,Wanita,1985,TANGSEL,Banten,2024-01-25,Gold
C21661,Anisa Saputra,Pria,1994,Jakarta Selatan,DKI Jakarta,2024-02-19,Silver
C21662,Arif Santoso,Wanita,1999,Medan,Sumatera Utara,2024-01-20,Basic
C21663,Dewi Kusuma,Wanita,1999,Jogjakarta,DI Yogyakarta,2024-06-03,Gold
C21664,Agus Firmansyah,Wanita,1999,Bekasi,Jawa Barat,2024-02-28,Basic
C21665,Intan Kusuma,Pria,1979,surabaya,Jawa Timur,2022-06-15,Gold
C21666,Andi Firmansyah,Pria,1980,Jakarta Barat,DKI Jakarta,2023-09-20,Basic
C21667,Iqbal Rahayu,,2001,Bandung,Jawa Barat,2024-03-09,Silver
C21668,Dimas Nugroho,Wanita,1974,Jakarta Selatan,DKI Jakarta,2023-10-06,Basic
C21669,Iqbal Firmansyah,Wanita,1974,Jaksel,DKI Jakarta,2024-09-07,Basic
C21670,Lestari Rahayu,Wanita,1970,Jakarta Selatan,DKI Jakarta,2022-01-13,Gold
C21671,Fajar Saputra,Pria,1985,Bekasi,Jawa Barat,2023-11-28,Basic
C21672,Yoga Anggraini,Wanita,1976,Depok,Jawa Barat,2023-03-13,Basic
C21673,Wahyu Wijaya,Wanita,1999,Bekasi,Jawa Barat,2023-10-30,Basic
C21674,Teguh Halim,Wanita,1978,Depok,Jawa Barat,2024-05-04,
C21675,Sari Utami,Wanita,1984,jakarta barat,DKI Jakarta,2024-05-04,Basic
C21676,Dimas Halim,Wanita,1989,TANGSEL,Banten,2022-05-03,Gold
C21677,Wahyu Kusuma,Wanita,1990,Surabaya,Jawa Timur,2023-05-27,Gold
C21678,Dewi Nugroho,Wanita,1990,tangerang selatan,Banten,2024-01-25,Silver
C21679,Vina Firmansyah,Pria,2002,Surabaya,Jawa Timur,2022-12-20,Basic
C21680,Maya Wijaya,Pria,1970,Jogjakarta,DI Yogyakarta,2023-11-02,Basic
C21681,Wahyu Utami,Wanita,1987,Depok,Jawa Barat,2022-09-23,Gold
C21682,Hendra Setiawan,Wanita,1975,Jakarta Timur,DKI Jakarta,2023-05-15,Basic
C21683,Rizky Halim,Wanita,1987,Jakarta Barat,DKI Jakarta,2023-11-29,Basic
C21684,Sari Rahayu,Pria,1999,Bogor,Jawa Barat,2023-04-18,Silver
C21685,Rizky Hidayat,Wanita,2002,Jakarta Selatan,DKI Jakarta,2024-08-01,Basic
C21686,Citra Setiawan,Wanita,2003,Medan,Sumatera Utara,2022-05-23,Basic
C21687,Yoga Nugroho,Wanita,1991,Balikpapan,Kalimantan Timur,2022-10-29,Basic
C21688,Arif Ramadhan,Wanita,1993,Jakarta Barat,DKI Jakarta,2023-02-06,
C21689,Andi Pratama,Wanita,1980, Bandung,Jawa Barat,2022-01-03,Basic
C21690,Dimas Saputra,Pria,1985,Bekasi,Jawa Barat,2023-04-02,Basic
C21691,Citra Santoso,Wanita,1974,Malang,Jawa Timur,2022-07-19,Gold
C21692,Ayu Nugroho,Pria,1982,Semarang,Jawa Tengah,2023-01-10,Basic
C21693,Reza Setiawan,Wanita,1975,Semarang,Jawa Tengah,2024-01-19,Basic
C21694,Intan Nugroho,Wanita,2000,Makassar,Sulawesi Selatan,2023-07-19,Basic
C21695,Teguh Santoso,Wanita,1995,Balikpapan,Kalimantan Timur,2024-04-04,Basic
C21696,Putri Ramadhan,Pria,2000,Semarang,Jawa Tengah,2024-09-04,Basic
C21697,Wahyu Hidayat,Wanita,1997,Tangerang Selatan,Banten,2022-03-21,Silver
C21698,Intan Anggraini,Wanita,1979,Tangerang,Banten,2022-08-31,Basic
C21699,Rizky Pratama,Wanita,1971,Bandung,Jawa Barat,2022-10-03,Basic
C21700,Intan Hidayat,Pria,1974,surabaya,Jawa Timur,2024-08-11,Silver
C21701,Nadia Kusuma,Wanita,1982,Malang,Jawa Timur,2023-02-27,Silver
C21702,Bayu Santoso,Wanita,1986,Tangerang Selatan,Banten,2023-01-09,Silver
C21703,Dimas Firmansyah,Wanita,2001,Tangerang Selatan,Banten,2022-09-25,
C21704,Maya Saputra,Wanita,1995,Jakarta Barat,DKI Jakarta,2024-02-13,Basic
C21705,Yoga Saputra,Wanita,1980,Denpasar,Bali,2022-08-05,Silver
C21706,Yoga Wijaya,Pria,1972,Medan,Sumatera Utara,2023-09-28,Basic
C21707,Intan Santoso,Wanita,1983,Balikpapan,Kalimantan Timur,2024-05-13,Basic
C21708,Citra Santoso,Wanita,1978,Bekasi,Jawa Barat,2022-07-13,Basic
C21709,Galih Rahayu,Wanita,1981,Jakarta Timur,DKI Jakarta,2023-09-12,Basic
C21710,Putri Ramadhan,,1990,Medan,Sumatera Utara,2022-08-23,Basic
C21711,Citra Setiawan,Pria,1974,Jogjakarta,DI Yogyakarta,2022-11-06,Basic
C21712,Budi Rahayu,Wanita,1984,Medan,Sumatera Utara,2022-11-10,Basic
C21713,Ayu Nugroho,Wanita,1997,Malang,Jawa Timur,2022-03-07,Basic
C21714,Nurul Halim,Pria,1979,jakarta selatan,DKI Jakarta,2022-11-15,Basic
C21715,Vina Rahayu,Wanita,1971,Tangerang,Banten,2023-05-21,Basic
C21716,Agus Hidayat,Pria,1996,Jakarta Selatan,DKI Jakarta,2023-03-09,Basic
C21717,Dimas Anggraini,Wanita,1974,Balikpapan,Kalimantan Timur,2023-03-27,Basic
C21718,Intan Anggraini,Wanita,2001,Bogor,Jawa Barat,2024-08-14,Gold
C21719,Budi Santoso,Pria,1991,bandung,Jawa Barat,2022-12-30,Silver
C21720,Fajar Permana,Wanita,1974,TANGSEL,Banten,2022-12-17,Silver
C21721,Fitri Hidayat,Pria,1971,Denpasar,Bali,2022-02-23,Basic
C21722,Agus Nugroho,Pria,1976,jakarta barat,DKI Jakarta,2024-05-17,Basic
C21723,Rizky Permana,Wanita,1998,Denpasar,Bali,2023-06-30,Basic
C21724,Dimas Setiawan,Wanita,1989,JAKARTA SELATAN,DKI Jakarta,2024-08-23,Basic
C21725,Arif Permana,Wanita,1971,Depok,Jawa Barat,2023-12-16,Gold
C21726,Dimas Rahayu,Pria,1989,Jakarta Barat,DKI Jakarta,2022-02-20,Basic
C21727,Bayu Firmansyah,Wanita,1994,Medan,Sumatera Utara,2024-01-14,Basic
C21728,Anisa Saputra,Wanita,1995,Medan,Sumatera Utara,2023-12-18,Basic
C21729,Dewi Firmansyah,Wanita,1988,jakarta timur,DKI Jakarta,2023-01-16,Gold
C21730,Vina Wijaya,Pria,2001,Jakarta Timur,DKI Jakarta,2024-06-15,Basic
C21731,Fitri Saputra,Wanita,1975,TANGSEL,Banten,2024-04-10,Basic
C21732,Nadia Saputra,,1979,Tangerang Selatan,Banten,2024-03-04,Basic
C21733,Yoga Firmansyah,Wanita,1997,Jakarta Selatan,DKI Jakarta,2023-09-02,Basic
C21734,Agus Kusuma,Wanita,2002,Makassar,Sulawesi Selatan,2022-05-03,Basic
C21735,Ayu Anggraini,Pria,1994,Bandung,Jawa Barat,2023-07-21,Silver
C21736,Maya Kusuma,Pria,1991,jakarta selatan,DKI Jakarta,2022-10-22,Silver
C21737,Intan Utami,Wanita,1993,Bekasi,Jawa Barat,2024-07-05,Silver
C21738,Maya Santoso,Pria,1971,Medan,Sumatera Utara,2023-02-06,Gold
C21739,Citra Nugroho,Pria,1995,Bekasi,Jawa Barat,2024-06-01,Gold
C21740,Yoga Pratama,Wanita,1974,Jakarta Barat,DKI Jakarta,2022-01-26,Basic
C21741,Putri Hidayat,Wanita,1998,Medan,Sumatera Utara,2022-04-26,Gold
C21742,Arif Rahayu,Wanita,1973,Balikpapan,Kalimantan Timur,2024-04-03,Basic
C21743,Anisa Anggraini,,1999,Surabaya,Jawa Timur,2024-04-11,Basic
C21744,Putri Kusuma,Wanita,2003,Bogor,Jawa Barat,2024-02-29,Basic
C21745,Nadia Rahayu,Wanita,1979,Depok,Jawa Barat,2024-06-04,Basic
C21746,Wahyu Utami,Wanita,2002,jakarta selatan,DKI Jakarta,2022-07-28,Basic
C21747,Putri Hidayat,Wanita,1992,Bandung,Jawa Barat,2023-10-26,Basic
C21748,Reza Anggraini,Wanita,2003,Jakarta Timur,DKI Jakarta,2022-03-23,Basic
C21749,Fajar Nugroho,Pria,1996,Surabaya,Jawa Timur,2024-04-21,Silver
C21750,Reza Saputra,Pria,1995,Tangerang Selatan,Banten,2023-06-02,Silver
C21751,Nadia Pratama,Wanita,1981,Bekasi,Jawa Barat,2024-01-22,Silver
C21752,Citra Rahayu,Pria,1977,Jaktim,DKI Jakarta,2024-03-04,Basic
C21753,Vina Anggraini,Wanita,2000,Jakbar,DKI Jakarta,2023-10-01,Basic
C21754,Ayu Ramadhan,Pria,2002,Surabaya,Jawa Timur,2023-06-02,Basic
C21755,Putri Permana,Wanita,1989,Makassar,Sulawesi Selatan,2024-02-24,Basic
C21756,Reza Pratama,Wanita,1999,Depok,Jawa Barat,2023-12-15,Basic
C21757,Budi Anggraini,Pria,1995,Makassar,Sulawesi Selatan,2022-01-03,Basic
C21758,Reza Ramadhan,Wanita,1976,Jakarta Barat,DKI Jakarta,2022-05-25,Silver
C21759,Agus Kusuma,Pria,1972,Balikpapan,Kalimantan Timur,2022-06-05,Silver
C21760,Maya Rahayu,Wanita,1988,Bekasi,Jawa Barat,2023-09-06,Silver
C21761,Citra Halim,Wanita,2003,Depok,Jawa Barat,2023-10-04,Basic
C21762,Siti Kusuma,Wanita,1985,Jakarta Selatan,DKI Jakarta,2023-03-22,Basic
C21763,Fitri Setiawan,Pria,1985,Semarang,Jawa Tengah,2024-06-25,Silver
C21764,Citra Nugroho,Pria,1978,Semarang,Jawa Tengah,2022-07-14,Gold
C21765,Fajar Firmansyah,Wanita,1983,Jaktim,DKI Jakarta,2024-02-21,Basic
C21766,Vina Permana,Pria,1978,Tangerang,Banten,2022-08-08,Basic
C21767,Agus Ramadhan,Pria,1994,Bekasi,Jawa Barat,2023-02-25,Silver
C21768,Reza Ramadhan,Wanita,1987,Makassar,Sulawesi Selatan,2023-06-15,Silver
C21769,Budi Setiawan,Pria,2002,Jakarta Selatan,DKI Jakarta,2023-10-03,Basic
C21770,Fitri Santoso,Pria,1992,Jakarta Barat,DKI Jakarta,2024-09-02,Gold
C21771,Lestari Santoso,Wanita,1990,Jakarta Timur,DKI Jakarta,2022-11-30,Basic
C21772,Andi Halim,Wanita,1993,Bekasi,Jawa Barat,2022-09-15,Silver
C21773,Putri Saputra,Pria,1987,Jakarta Selatan,DKI Jakarta,2022-05-27,Basic
C21774,Rani Kusuma,Wanita,1993,Semarang,Jawa Tengah,2024-08-17,Silver
C21775,Reza Nugroho,Wanita,1974,Jakarta Timur,DKI Jakarta,2024-09-22,Basic
C21776,Lestari Ramadhan,Wanita,1993,Malang,Jawa Timur,2022-01-09,Basic
C21777,Wahyu Setiawan,,1973,Medan,Sumatera Utara,2022-03-04,Basic
C21778,Agus Kusuma,Pria,1971,Tangsel,Banten,2024-01-25,Basic
C21779,Vina Pratama,Wanita,1970,Bekasi,Jawa Barat,2022-01-15,Silver
C21780,Intan Rahayu,Pria,1975,Tangerang,Banten,2024-09-19,Basic
C21781,Nurul Pratama,Wanita,2002,surabaya,Jawa Timur,2023-02-14,Basic
C21782,Iqbal Santoso,Wanita,1981,Tangerang Selatan,Banten,2023-06-18,Basic
C21783,Fitri Permana,Pria,1980,Palembang,Sumatera Selatan,2024-05-12,Basic
C21784,Rani Utami,Wanita,1974,Jakarta Selatan,DKI Jakarta,2023-03-02,Silver
C21785,Rizky Pratama,Wanita,1986,jakarta selatan,DKI Jakarta,2022-12-18,Silver
C21786,Nadia Saputra,,1970,Bandung,Jawa Barat,2023-05-17,Basic
C21787,Vina Firmansyah,Wanita,1997,Yogyakarta,DI Yogyakarta,2023-02-11,Basic
C21788,Citra Pratama,Pria,1988,Bandung,Jawa Barat,2022-04-12,Basic
C21789,Nurul Setiawan,Pria,1979,Jakarta Selatan,DKI Jakarta,2024-04-08,Basic
C21790,Budi Rahayu,Wanita,1998,Malang,Jawa Timur,2023-10-29,Silver
C21791,Arif Wijaya,Pria,2000,Bandung,Jawa Barat,2023-08-16,Silver
C21792,Hendra Nugroho,Wanita,1979,Bekasi,Jawa Barat,2023-03-02,Silver
C21793,Agus Kusuma,Wanita,2001,Semarang,Jawa Tengah,2022-04-29,Basic
C21794,Putri Ramadhan,Wanita,1994,Tangerang Selatan,Banten,2024-07-01,Basic
C21795,Andi Firmansyah,Wanita,1975,JAKARTA BARAT,DKI Jakarta,2023-06-09,Silver
C21796,Galih Wijaya,Pria,1980,Jaktim,DKI Jakarta,2022-12-01,Basic
C21797,Arif Ramadhan,Wanita,1972,Palembang,Sumatera Selatan,2023-09-13,Basic
C21798,Wahyu Santoso,Wanita,1995,Tangerang,Banten,2023-08-16,Basic
C21799,Dewi Pratama,Wanita,1985,Depok,Jawa Barat,2022-11-19,Basic
C21800,Wahyu Anggraini,Wanita,1971,Jakarta Timur,DKI Jakarta,2024-03-01,Gold
C21801,Hendra Wijaya,Pria,1971,Jakarta Barat,DKI Jakarta,2022-05-07,Gold
C21802,Siti Firmansyah,Wanita,1971,Jakarta Selatan,DKI Jakarta,2024-04-10,Basic
C21803,Reza Kusuma,Pria,1973,Depok,Jawa Barat,2022-03-23,Basic
C21804,Dimas Hidayat,Pria,1985,bandung,Jawa Barat,2023-01-24,Basic
C21805,Andi Wijaya,Pria,1990,Jakarta Barat,DKI Jakarta,2023-05-12,Basic
C21806,Andi Anggraini,Pria,1981,Denpasar,Bali,2022-01-19,Basic
C21807,Arif Saputra,Wanita,1987,Bekasi,Jawa Barat,2023-08-17,Silver
C21808,Budi Pratama,Pria,1997,Bekasi,Jawa Barat,2023-12-25,Basic
C21809,Yoga Utami,Wanita,1985,Depok,Jawa Barat,2023-01-30,Basic
C21810,Iqbal Anggraini,Pria,1970,Jakarta Timur,DKI Jakarta,2024-07-26,Basic
C21811,Maya Halim,Wanita,2003,Surabaya,Jawa Timur,2023-10-13,Basic
C21812,Nadia Anggraini,Pria,1977,Surabaya,Jawa Timur,2024-09-20,Basic
C21813,Fajar Nugroho,Pria,1985,Jaksel,DKI Jakarta,2023-04-13,Silver
C21814,Bayu Anggraini,Pria,1994,Surabaya,Jawa Timur,2022-06-08,Basic
C21815,Nurul Rahayu,Pria,1975,Makassar,Sulawesi Selatan,2023-01-03,Basic
C21816,Iqbal Halim,Pria,1980,Bandung,Jawa Barat,2022-09-04,Gold
C21817,Sari Saputra,Pria,1994,Yogyakarta,DI Yogyakarta,2023-01-22,Silver
C21818,Hendra Ramadhan,Pria,1994,yogyakarta,DI Yogyakarta,2023-09-10,Basic
C21819,Arif Halim,Pria,1981,Jakarta Barat,DKI Jakarta,2022-11-16,Silver
C21820,Bayu Setiawan,Pria,1970,Semarang,Jawa Tengah,2024-08-07,Silver
C21821,Reza Ramadhan,Wanita,1981,Palembang,Sumatera Selatan,2024-02-29,Basic
C21822,Intan Hidayat,Pria,2001,Surabaya,Jawa Timur,2023-07-04,Basic
C21823,Nadia Utami,Wanita,1989,Balikpapan,Kalimantan Timur,2023-12-09,Gold
C21824,Anisa Rahayu,Wanita,1987,Bandung,Jawa Barat,2022-05-31,Basic
C21825,Citra Wijaya,Wanita,1990,Jaksel,DKI Jakarta,2022-10-19,Basic
C21826,Reza Halim,Wanita,1974,Palembang,Sumatera Selatan,2022-08-31,Gold
C21827,Citra Ramadhan,Pria,1987,Bandung,Jawa Barat,2022-06-24,Basic
C21828,Galih Saputra,Wanita,1989,Depok,Jawa Barat,2024-01-25,Basic
C21829,Vina Wijaya,Wanita,1989,Palembang,Sumatera Selatan,2022-06-19,Silver
C21830,Rizky Wijaya,Pria,1986,Surabaya,Jawa Timur,2024-07-25,Basic
C21831,Fitri Saputra,Pria,1995,Tangerang Selatan,Banten,2024-05-07,Basic
C21832,Bayu Anggraini,Pria,1989,Depok,Jawa Barat,2024-08-12,Silver
C21833,Arif Halim,Pria,1987,Malang,Jawa Timur,2022-08-05,Basic
C21834,Dewi Nugroho,Wanita,1985,Bogor,Jawa Barat,2024-09-17,Basic
C21835,Rani Setiawan,Wanita,1978,Balikpapan,Kalimantan Timur,2024-02-21,Basic
C21836,Reza Hidayat,Wanita,1981,Makassar,Sulawesi Selatan,2022-02-24,Basic
C21837,Dewi Anggraini,Pria,1982,Makassar,Sulawesi Selatan,2023-08-27,Silver
C21838,Budi Rahayu,,1977,surabaya,Jawa Timur,2022-03-10,
C21839,Lestari Wijaya,Wanita,1999,Jakarta Barat,DKI Jakarta,2023-03-18,Basic
C21840,Arif Hidayat,Pria,1986,Tangerang,Banten,2022-10-05,Silver
C21841,Nadia Anggraini,,1980,Jakarta Timur,DKI Jakarta,2022-09-20,Silver
C21842,Maya Firmansyah,Wanita,1979,Yogyakarta,DI Yogyakarta,2024-04-01,Silver
C21843,Agus Pratama,Wanita,1980,Makassar,Sulawesi Selatan,2022-12-26,Silver
C21844,Fajar Pratama,Pria,1975,Bekasi,Jawa Barat,2023-11-28,Basic
C21845,Agus Utami,Pria,1972,Bekasi,Jawa Barat,2023-02-22,Basic
C21846,Dimas Kusuma,Pria,1970,Bekasi,Jawa Barat,2022-07-27,Basic
C21847,Lestari Ramadhan,Wanita,1980,Yogyakarta,DI Yogyakarta,2024-07-27,Silver
C21848,Dewi Ramadhan,Pria,1991,Bandung,Jawa Barat,2024-06-12,Silver
C21849,Dimas Setiawan,Pria,1977,Medan,Sumatera Utara,2023-12-29,Basic
C21850,Fitri Kusuma,,1982,Jakarta Barat,DKI Jakarta,2022-02-19,Silver
C21851,Arif Kusuma,Wanita,1988,Depok,Jawa Barat,2023-09-13,
C21852,Wahyu Utami,,1993,Bandung,Jawa Barat,2024-03-10,Basic
C21853,Maya Wijaya,Wanita,1981,Medan,Sumatera Utara,2022-05-12,Basic
C21854,Sari Utami,Wanita,1981,Palembang,Sumatera Selatan,2022-10-10,Basic
C21855,Dewi Saputra,Pria,1990,Surabaya,Jawa Timur,2023-01-09,Silver
C21856,Lestari Wijaya,Pria,1982,Yogyakarta,DI Yogyakarta,2022-01-06,Basic
C21857,Andi Rahayu,Wanita,1971,Bekasi,Jawa Barat,2022-10-09,
C21858,Arif Santoso,Pria,1994,Tangerang,Banten,2023-02-02,Gold
C21859,Nurul Saputra,,1990,Medan,Sumatera Utara,2023-01-05,Silver
C21860,Dewi Anggraini,Wanita,1983,Malang,Jawa Timur,2023-09-01,Basic
C21861,Vina Hidayat,Pria,1990,Bogor,Jawa Barat,2024-01-25,Basic
C21862,Bayu Ramadhan,Wanita,1995,Tangerang Selatan,Banten,2023-10-25,Gold
C21863,Anisa Ramadhan,,1978,Malang,Jawa Timur,2024-08-09,Basic
C21864,Reza Nugroho,Pria,1979,Bekasi,Jawa Barat,2023-10-07,Silver
C21865,Yoga Firmansyah,Pria,1980,Bekasi,Jawa Barat,2024-01-13,Silver
C21866,Fajar Firmansyah,Pria,1993,Bekasi,Jawa Barat,2024-05-11,Gold
C21867,Wahyu Setiawan,Wanita,1995,Denpasar,Bali,2023-02-23,Basic
C21868,Reza Utami,Pria,1992,Palembang,Sumatera Selatan,2023-06-17,Basic
C21869,Yoga Hidayat,Pria,1997,Malang,Jawa Timur,2022-08-25,Gold
C21870,Maya Permana,Pria,1997,jakarta selatan,DKI Jakarta,2022-09-01,Basic
C21871,Yoga Nugroho,Wanita,1983,Yogyakarta,DI Yogyakarta,2023-11-02,Silver
C21872,Lestari Wijaya,Wanita,1998,Bekasi,Jawa Barat,2024-06-25,Basic
C21873,Bayu Rahayu,Wanita,1974,Denpasar,Bali,2024-08-30,Silver
C21874,Maya Pratama,Wanita,1976,tangerang selatan,Banten,2024-09-23,Gold
C21875,Nadia Nugroho,Wanita,1972,Jakarta Barat,DKI Jakarta,2024-04-29,Gold
C21876,Sari Saputra,Wanita,1992,Bogor,Jawa Barat,2023-02-22,Basic
C21877,Wahyu Firmansyah,Wanita,1999,Denpasar,Bali,2024-05-06,Basic
C21878,Fitri Saputra,Wanita,1970,surabaya,Jawa Timur,2023-04-01,Basic
C21879,Nurul Rahayu,Wanita,1997,Jakbar,DKI Jakarta,2024-05-27,Silver
C21880,Sari Saputra,Wanita,1977,Jakarta Selatan,DKI Jakarta,2023-03-16,Silver
C21881,Lestari Halim,Pria,1996,Bogor,Jawa Barat,2022-08-07,Silver
C21882,Agus Setiawan,Wanita,1972,Bandung,Jawa Barat,2023-09-14,Silver
C21883,Rani Anggraini,Wanita,1973,Malang,Jawa Timur,2023-03-22,Basic
C21884,Reza Santoso,Pria,1994,Tangerang Selatan,Banten,2023-09-30,Silver
C21885,Citra Kusuma,Wanita,1976,Medan,Sumatera Utara,2022-04-30,Silver
C21886,Dewi Anggraini,,1994,Bekasi,Jawa Barat,2022-05-18,Basic
C21887,Arif Anggraini,Wanita,1986,Medan,Sumatera Utara,2024-01-05,Silver
C21888,Bayu Ramadhan,Wanita,1981,Jakarta selatan,DKI Jakarta,2023-03-04,Silver
C21889,Vina Rahayu,Wanita,1986,Jakarta Barat,DKI Jakarta,2022-05-01,Silver
C21890,Dimas Setiawan,Pria,1978,Bandung,Jawa Barat,2022-08-10,Basic
C21891,Nurul Utami,Wanita,1975,Jakbar,DKI Jakarta,2022-03-16,Silver
C21892,Reza Rahayu,Pria,1999,Makassar,Sulawesi Selatan,2023-02-26,Basic
C21893,Dewi Permana,Pria,1987,Depok,Jawa Barat,2022-04-09,Basic
C21894,Arif Saputra,Pria,1975,Semarang,Jawa Tengah,2022-12-26,Basic
C21895,Bayu Halim,Wanita,1990,Jakarta Barat,DKI Jakarta,2023-08-12,Silver
C21896,Yoga Pratama,Wanita,1987,Bekasi,Jawa Barat,2024-03-25,Basic
C21897,Reza Ramadhan,,1987,Bandung,Jawa Barat,2023-05-05,Basic
C21898,Budi Setiawan,Pria,1986,Jakarta Barat,DKI Jakarta,2024-04-06,Basic
C21899,Hendra Ramadhan,Wanita,1998,Medan,Sumatera Utara,2024-04-20,Gold
C21900,Teguh Firmansyah,Wanita,1999,Tangerang Selatan,Banten,2024-01-20,Silver
C21901,Vina Setiawan,Wanita,1981,Balikpapan,Kalimantan Timur,2023-08-28,Silver
C21902,Teguh Kusuma,Pria,1974,yogyakarta,DI Yogyakarta,2022-07-24,Basic
C21903,Anisa Kusuma,Wanita,1999,Bandung,Jawa Barat,2022-01-26,Silver
C21904,Putri Anggraini,Pria,1985,Semarang,Jawa Tengah,2022-04-06,Gold
C21905,Wahyu Rahayu,Pria,1971,Jakarta Selatan,DKI Jakarta,2023-04-18,Basic
C21906,Ayu Santoso,Pria,1998,Tangerang,Banten,2022-10-09,Basic
C21907,Rizky Hidayat,Wanita,1986,Bekasi,Jawa Barat,2022-05-11,Silver
C21908,Anisa Permana,Pria,1991,Semarang,Jawa Tengah,2022-12-28,
C21909,Rizky Anggraini,Wanita,1970,Jakarta Selatan,DKI Jakarta,2023-02-28,Silver
C21910,Budi Nugroho,Pria,1990,Jakarta Timur,DKI Jakarta,2023-06-09,Silver
C21911,Yoga Utami,Wanita,1995,Tangerang Selatan,Banten,2022-08-17,Basic
C21912,Teguh Wijaya,Pria,1975,Malang,Jawa Timur,2023-02-20,Silver
C21913,Dewi Setiawan,Wanita,1995,Tangerang,Banten,2024-07-13,Basic
C21914,Rizky Kusuma,Pria,1995,Semarang,Jawa Tengah,2022-07-08,Silver
C21915,Bayu Wijaya,Pria,2002,Semarang,Jawa Tengah,2023-04-02,Gold
C21916,Fitri Santoso,Wanita,1987,Medan,Sumatera Utara,2023-01-13,Basic
C21917,Teguh Santoso,Pria,1978,Jakarta Selatan,DKI Jakarta,2022-12-13,Basic
C21918,Teguh Saputra,Pria,2001,Bekasi,Jawa Barat,2023-05-09,Silver
C21919,Dimas Nugroho,Pria,1984,surabaya,Jawa Timur,2022-02-02,Silver
C21920,Vina Ramadhan,Wanita,1989,Surabaya,Jawa Timur,2024-07-10,Silver
C21921,Maya Rahayu,Wanita,1976,Bandung,Jawa Barat,2023-10-20,Basic
C21922,Yoga Rahayu,Wanita,1978,Makassar,Sulawesi Selatan,2022-12-23,Basic
C21923,Budi Firmansyah,Wanita,1992,Palembang,Sumatera Selatan,2022-08-31,Basic
C21924,Maya Permana,Pria,1985,Bogor,Jawa Barat,2023-09-09,Gold
C21925,Wahyu Pratama,Wanita,2000,Tangerang Selatan,Banten,2023-07-16,Basic
C21926,Vina Ramadhan,Wanita,1979,Bandung,Jawa Barat,2023-07-17,Basic
C21927,Fajar Hidayat,,1979,Denpasar,Bali,2023-01-22,
C21928,Bayu Permana,Pria,1977,Bogor,Jawa Barat,2022-08-27,Basic
C21929,Bayu Kusuma,Wanita,2002,Jakarta Timur,DKI Jakarta,2023-05-31,Gold
C21930,Galih Wijaya,Pria,1987,Jaktim,DKI Jakarta,2022-10-20,Gold
C21931,Andi Saputra,Wanita,1998,Jakarta Selatan,DKI Jakarta,2023-08-12,Basic
C21932,Intan Utami,Pria,1991,Semarang,Jawa Tengah,2024-05-30,Gold
C21933,Putri Pratama,Wanita,2003,Bekasi,Jawa Barat,2023-02-09,Basic
C21934,Arif Utami,Wanita,1985,Depok,Jawa Barat,2022-11-19,Basic
C21935,Putri Saputra,Pria,1989,Bandung,Jawa Barat,2022-07-17,Basic
C21936,Rizky Utami,Wanita,1993,Jakarta Selatan,DKI Jakarta,2022-05-24,Gold
C21937,Fajar Pratama,Pria,1985,Bekasi,Jawa Barat,2023-01-27,Basic
C21938,Anisa Kusuma,Wanita,1996,Palembang,Sumatera Selatan,2024-02-06,
C21939,Teguh Anggraini,Pria,1971,Surabaya,Jawa Timur,2022-07-06,Silver
C21940,Rani Firmansyah,Wanita,1997,Semarang,Jawa Tengah,2023-04-05,Basic
C21941,Siti Saputra,Wanita,1995,Depok,Jawa Barat,2024-04-05,Silver
C21942,Nurul Kusuma,,1989,Semarang,Jawa Tengah,2022-04-27,Silver
C21943,Intan Ramadhan,,1993,Semarang,Jawa Tengah,2022-11-04,Basic
C21944,Iqbal Anggraini,Wanita,1972,Depok,Jawa Barat,2023-12-11,Basic
C21945,Reza Utami,Pria,1985,Jakarta Timur,DKI Jakarta,2023-11-11,Basic
C21946,Citra Setiawan,,1983,Makassar,Sulawesi Selatan,2022-02-10,Basic
C21947,Andi Permana,Pria,1971,Surabaya,Jawa Timur,2023-06-21,Basic
C21948,Anisa Hidayat,Pria,1975,Jakarta Timur,DKI Jakarta,2023-08-30,Basic
C21949,Rizky Wijaya,Wanita,1993,JAKARTA SELATAN,DKI Jakarta,2022-12-03,Silver
C21950,Ayu Anggraini,Pria,1995,Depok,Jawa Barat,2022-08-12,Basic
C21951,Hendra Rahayu,Wanita,1974,Bekasi,Jawa Barat,2023-10-16,Gold
C21952,Andi Kusuma,Pria,1977,jakarta barat,DKI Jakarta,2024-04-05,Basic
C21953,Bayu Ramadhan,Pria,1976,Jakarta Timur,DKI Jakarta,2022-07-22,Basic
C21954,Nadia Halim,Pria,1978,jakarta timur,DKI Jakarta,2023-03-24,Silver
C21955,Maya Rahayu,Wanita,1994,Malang,Jawa Timur,2024-02-19,Basic
C21956,Rizky Permana,Wanita,1989,jakarta selatan,DKI Jakarta,2024-07-23,Basic
C21957,Maya Utami,Pria,1997,Palembang,Sumatera Selatan,2023-03-13,Silver
C21958,Yoga Santoso,Wanita,1997,Depok,Jawa Barat,2024-05-06,Silver
C21959,Vina Rahayu,,1984,Tangerang,Banten,2024-05-03,Basic
C21960,Nurul Ramadhan,Wanita,1975,Semarang,Jawa Tengah,2023-08-04,Silver
C21961,Maya Hidayat,Pria,1974,Bogor,Jawa Barat,2023-05-25,Basic
C21962,Citra Saputra,Pria,1980,Tangerang,Banten,2022-10-28,Basic
C21963,Andi Kusuma,Wanita,1979,Bogor,Jawa Barat,2024-06-21,Silver
C21964,Agus Saputra,Pria,1980,Surabaya,Jawa Timur,2023-05-22,Basic
C21965,Iqbal Anggraini,Pria,1996,Palembang,Sumatera Selatan,2023-01-25,Silver
C21966,Iqbal Firmansyah,Wanita,2001,Balikpapan,Kalimantan Timur,2023-07-09,Silver
C21967,Rani Saputra,Pria,1985,Jakarta Barat,DKI Jakarta,2023-04-08,Silver
C21968,Bayu Permana,Wanita,1989,Malang,Jawa Timur,2024-05-02,Silver
C21969,Arif Saputra,Wanita,1987,Bekasi,Jawa Barat,2022-08-26,Silver
C21970,Wahyu Setiawan,Wanita,1985,Malang,Jawa Timur,2023-06-22,Basic
C21971,Agus Permana,Pria,1990,Yogyakarta,DI Yogyakarta,2022-04-07,Basic
C21972,Anisa Firmansyah,,1984,Jakarta Selatan,DKI Jakarta,2023-07-29,Basic
C21973,Dimas Rahayu,Wanita,1985,jakarta barat,DKI Jakarta,2024-04-22,Basic
C21974,Andi Rahayu,Wanita,1971,Tangerang Selatan,Banten,2022-06-21,
C21975,Teguh Wijaya,Wanita,2001,Bogor,Jawa Barat,2022-04-10,Basic
C21976,Intan Hidayat,Pria,1975,Medan,Sumatera Utara,2024-09-15,Basic
C21977,Siti Rahayu,Pria,1996,Bogor,Jawa Barat,2024-03-15,Basic
C21978,Arif Santoso,Pria,1989,Malang,Jawa Timur,2023-07-30,Basic
C21979,Reza Firmansyah,Wanita,1979,Medan,Sumatera Utara,2022-10-19,Basic
C21980,Ayu Ramadhan,Pria,1987,Jakarta Selatan,DKI Jakarta,2022-01-17,Silver
C21981,Wahyu Santoso,Pria,1997,Bandung,Jawa Barat,2024-08-13,Silver
C21982,Galih Utami,Pria,1981,Tangerang,Banten,2023-09-23,Basic
C21983,Dimas Wijaya,Wanita,1980,yogyakarta,DI Yogyakarta,2023-09-26,Basic
C21984,Rizky Setiawan,Wanita,1997,Bekasi,Jawa Barat,2023-07-06,Basic
C21985,Dewi Anggraini,Pria,1977,Bekasi,Jawa Barat,2022-06-01,Silver
C21986,Reza Nugroho,Wanita,1984,Tangerang,Banten,2024-06-16,Basic
C21987,Fajar Permana,Pria,1983,Jakarta Selatan,DKI Jakarta,2023-08-13,
C21988,Reza Hidayat,Wanita,1990,Depok,Jawa Barat,2022-06-19,Basic
C21989,Budi Permana,Pria,1986,jakarta timur,DKI Jakarta,2023-02-10,Basic
C21990,Sari Santoso,Pria,1988,Tangerang Selatan,Banten,2023-07-27,Basic
C21991,Ayu Ramadhan,Wanita,1975,BANDUNG,Jawa Barat,2022-11-30,Silver
C21992,Galih Hidayat,Pria,1977,Jakbar,DKI Jakarta,2022-12-12,Silver
C21993,Citra Anggraini,Wanita,1977,JAKARTA SELATAN,DKI Jakarta,2023-09-30,Basic
C21994,Vina Wijaya,Wanita,1983,Depok,Jawa Barat,2024-01-14,Gold
C21995,Teguh Kusuma,Pria,1997,Bandung,Jawa Barat,2024-06-10,Silver
C21996,Reza Setiawan,Pria,1988,Semarang,Jawa Tengah,2024-07-29,Basic
C21997,Putri Halim,Wanita,1990,Malang,Jawa Timur,2023-10-09,Silver
C21998,Ayu Hidayat,Wanita,2003,JAKARTA SELATAN,DKI Jakarta,2022-07-07,Silver
C21999,Fajar Ramadhan,Pria,1983,TANGSEL,Banten,2022-10-17,Basic
C22000,Arif Setiawan,,1977,Bekasi,Jawa Barat,2022-01-21,Basic
C22001,Reza Nugroho,Wanita,1977,Depok,Jawa Barat,2024-06-28,Silver
C22002,Anisa Ramadhan,Pria,2000,Jakarta Selatan,DKI Jakarta,2024-08-07,Basic
C22003,Fitri Hidayat,Wanita,1975,Bekasi,Jawa Barat,2024-04-10,Basic
C22004,Dimas Utami,Pria,1974,tangerang selatan,Banten,2024-07-28,
C22005,Vina Kusuma,Wanita,1983,Jaksel,DKI Jakarta,2024-06-07,Basic
C22006,Fitri Pratama,Pria,2000,Medan,Sumatera Utara,2022-08-18,Basic
C22007,Sari Hidayat,Pria,2000,Bekasi,Jawa Barat,2023-07-14,Silver
C22008,Intan Pratama,Wanita,1988,Depok,Jawa Barat,2022-11-18,Basic
C22009,Nadia Halim,Wanita,1979,Jakarta selatan,DKI Jakarta,2023-09-07,Basic
C22010,Maya Nugroho,Pria,1989,Palembang,Sumatera Selatan,2022-10-26,Gold
C22011,Rizky Ramadhan,Wanita,1989,Bekasi,Jawa Barat,2024-07-19,Basic
C22012,Budi Utami,Pria,1983,Jakarta Barat,DKI Jakarta,2022-06-25,Silver
C22013,Yoga Rahayu,Wanita,1999,Denpasar,Bali,2023-03-11,Basic
C22014,Reza Anggraini,Pria,1994,Jakarta Selatan,DKI Jakarta,2022-02-24,Basic
C22015,Yoga Kusuma,Wanita,1972,Depok,Jawa Barat,2022-08-24,Basic
C22016,Rani Halim,Pria,1975,Palembang,Sumatera Selatan,2023-08-18,Basic
C22017,Nadia Anggraini,Wanita,1983,Bandung,Jawa Barat,2023-02-14,Basic
C22018,Agus Permana,Pria,1985,Malang,Jawa Timur,2023-09-08,Basic
C22019,Nurul Pratama,Wanita,1999,Bogor,Jawa Barat,2022-07-28,Basic
C22020,Nurul Firmansyah,Pria,1985,jakarta selatan,DKI Jakarta,2022-11-25,Basic
C22021,Sari Firmansyah,Pria,1979,Denpasar,Bali,2022-06-05,Basic
C22022,Agus Firmansyah,Wanita,2003,Jakarta Timur,DKI Jakarta,2022-05-17,Basic
C22023,Agus Setiawan,Wanita,1975,Semarang,Jawa Tengah,2023-02-21,Basic
C22024,Rizky Permana,Wanita,1998,Balikpapan,Kalimantan Timur,2022-08-15,Gold
C22025,Nadia Permana,Wanita,1988,Semarang,Jawa Tengah,2022-04-04,Basic
C22026,Sari Wijaya,,1986,Malang,Jawa Timur,2023-09-01,Gold
C22027,Arif Utami,Wanita,1994,Tangerang Selatan,Banten,2022-10-07,Basic
C22028,Arif Hidayat,Wanita,1971,Denpasar,Bali,2022-03-16,Silver
C22029,Arif Permana,Pria,1997,JAKARTA BARAT,DKI Jakarta,2024-03-11,Silver
C22030,Lestari Kusuma,Wanita,2003,Surabaya ,Jawa Timur,2022-06-14,Basic
C22031,Rani Hidayat,,2003,jakarta timur,DKI Jakarta,2023-09-01,Silver
C22032,Yoga Pratama,Wanita,1998,Medan,Sumatera Utara,2023-10-08,Gold
C22033,Vina Santoso,Pria,1979,Medan,Sumatera Utara,2024-07-24,Gold
C22034,Iqbal Halim,,1998,Tangerang Selatan,Banten,2024-08-14,Basic
C22035,Bayu Rahayu,Wanita,1980,Medan,Sumatera Utara,2023-09-10,Basic
C22036,Nadia Wijaya,Wanita,1997,Bekasi,Jawa Barat,2023-02-06,Basic
C22037,Dewi Firmansyah,,1995,Tangerang,Banten,2023-01-28,Basic
C22038,Wahyu Permana,Pria,1985,Depok,Jawa Barat,2024-04-24,Silver
C22039,Nurul Ramadhan,Pria,1989,Jakbar,DKI Jakarta,2022-11-01,Basic
C22040,Andi Santoso,Wanita,1993,Tangerang Selatan,Banten,2024-08-01,Basic
C22041,Intan Utami,Wanita,2002,Medan,Sumatera Utara,2022-04-29,Basic
C22042,Arif Firmansyah,Wanita,1997,Semarang,Jawa Tengah,2024-07-19,Basic
C22043,Yoga Setiawan,Pria,1971,Bekasi,Jawa Barat,2022-07-27,Basic
C22044,Intan Nugroho,Pria,2001,Denpasar,Bali,2024-09-25,Basic
C22045,Dimas Ramadhan,Pria,1982,Surabaya,Jawa Timur,2023-08-30,Basic
C22046,Nurul Ramadhan,Pria,1975,Surabaya,Jawa Timur,2023-03-31,Gold
C22047,Galih Santoso,Pria,1992,jakarta timur,DKI Jakarta,2022-12-19,Silver
C22048,Anisa Santoso,Wanita,1999,Malang,Jawa Timur,2023-02-20,Basic
C22049,Ayu Firmansyah,Wanita,2001,Bogor,Jawa Barat,2023-01-12,Basic
C22050,Yoga Ramadhan,Wanita,1988,JAKARTA SELATAN,DKI Jakarta,2022-01-18,Basic
C22051,Yoga Santoso,Pria,1993,Malang,Jawa Timur,2023-01-24,Basic
C22052,Hendra Rahayu,Wanita,2003,Bekasi,Jawa Barat,2023-06-07,Basic
C22053,Ayu Santoso,Wanita,1976,Medan,Sumatera Utara,2022-11-02,Silver
C22054,Hendra Rahayu,Wanita,1993,Jakarta Barat,DKI Jakarta,2024-05-09,Silver
C22055,Anisa Rahayu,Wanita,2001,Jakarta Timur,DKI Jakarta,2022-01-03,Gold
C22056,Nurul Hidayat,Pria,1997,Jogja,DI Yogyakarta,2022-07-06,Basic
C22057,Arif Firmansyah,Wanita,1993,Jakarta Barat,DKI Jakarta,2024-05-28,Gold
C22058,Anisa Saputra,Wanita,1973,Jakarta Selatan,DKI Jakarta,2022-05-08,Basic
C22059,Andi Saputra,Wanita,1994,Semarang,Jawa Tengah,2022-09-07,Basic
C22060,Ayu Ramadhan,Pria,2001,Jakarta Timur,DKI Jakarta,2023-07-20,Basic
C22061,Dimas Utami,Wanita,1970,Jakarta Selatan,DKI Jakarta,2022-06-20,Basic
C22062,Yoga Santoso,Pria,1997,Bandung,Jawa Barat,2022-06-08,Basic
C22063,Fajar Kusuma,Pria,1989,Jakarta Selatan,DKI Jakarta,2024-05-26,Basic
C22064,Yoga Halim,Pria,1994,Medan,Sumatera Utara,2023-08-30,Basic
C22065,Galih Saputra,Wanita,1994,Bogor,Jawa Barat,2023-12-04,Basic
C22066,Anisa Permana,Wanita,1997,Medan,Sumatera Utara,2022-10-23,Basic
C22067,Arif Firmansyah,Pria,1978,Tangerang Selatan,Banten,2022-11-05,Basic
C22068,Rizky Kusuma,Wanita,1982,Bandung,Jawa Barat,2024-02-08,Basic
C22069,Reza Saputra,Wanita,2003,Bandung,Jawa Barat,2022-03-26,Basic
C22070,Wahyu Santoso,Wanita,1985,Balikpapan,Kalimantan Timur,2023-08-25,Basic
C22071,Vina Permana,Wanita,2003,Jakarta Timur,DKI Jakarta,2023-06-03,Basic
C22072,Arif Hidayat,Pria,1991,Tangsel,Banten,2022-03-31,Basic
C22073,Ayu Santoso,Wanita,1980,Balikpapan,Kalimantan Timur,2023-07-22,Basic
C22074,Putri Kusuma,Wanita,1973,Medan,Sumatera Utara,2024-09-26,
C22075,Lestari Kusuma,Pria,1993,Palembang,Sumatera Selatan,2024-09-20,Basic
C22076,Reza Hidayat,Pria,2000,Makassar,Sulawesi Selatan,2024-08-14,Silver
C22077,Andi Pratama,Wanita,1976,Palembang,Sumatera Selatan,2022-05-21,Silver
C22078,Andi Anggraini,Wanita,1997,Jaksel,DKI Jakarta,2024-03-25,Silver
C22079,Yoga Pratama,Wanita,1978,Tangerang Selatan,Banten,2022-01-09,Basic
C22080,Hendra Setiawan,Pria,1972,Jakarta Timur,DKI Jakarta,2023-02-19,Gold
C22081,Arif Nugroho,Pria,1971,Tangerang Selatan,Banten,2022-04-14,Gold
C22082,Yoga Ramadhan,Wanita,1975,Jakarta Selatan,DKI Jakarta,2022-07-27,Gold
C22083,Teguh Rahayu,Wanita,1994,Medan,Sumatera Utara,2023-12-13,Basic
C22084,Intan Setiawan,Wanita,2003,Yogyakarta,DI Yogyakarta,2024-08-26,Basic
C22085,Teguh Pratama,Pria,1983,Denpasar,Bali,2024-01-01,Silver
C22086,Wahyu Anggraini,Pria,1997,Makassar,Sulawesi Selatan,2022-12-14,Basic
C22087,Rani Setiawan,,1985,Surabaya,Jawa Timur,2024-09-22,Basic
C22088,Citra Pratama,Pria,2001,Medan,Sumatera Utara,2023-03-20,Basic
C22089,Vina Setiawan,Wanita,1977,Surabaya,Jawa Timur,2023-05-07,Basic
C22090,Siti Anggraini,Wanita,1996,Semarang,Jawa Tengah,2022-02-20,Silver
C22091,Teguh Saputra,,1995,Palembang,Sumatera Selatan,2024-03-17,Silver
C22092,Nadia Ramadhan,Wanita,1998,Bandung,Jawa Barat,2022-05-20,Basic
C22093,Maya Nugroho,Wanita,1992,Jakarta Selatan,DKI Jakarta,2023-10-12,Basic
C22094,Galih Utami,Wanita,1994,Denpasar,Bali,2022-11-24,Basic
C22095,Maya Halim,Pria,1979,Bogor,Jawa Barat,2024-04-01,Basic
C22096,Vina Hidayat,Pria,2002,Bogor,Jawa Barat,2024-05-26,Basic
C22097,Putri Permana,Pria,1993,Surabaya,Jawa Timur,2024-08-07,Silver
C22098,Ayu Setiawan,Pria,1978,Jakarta Selatan,DKI Jakarta,2024-04-25,
C22099,Sari Hidayat,Wanita,1987,Bandung,Jawa Barat,2023-09-23,Basic
C22100,Budi Firmansyah,Wanita,1995,Tangerang,Banten,2022-09-01,Silver
C22101,Rani Santoso,Wanita,1987,Jakarta Selatan,DKI Jakarta,2022-11-20,Silver
C22102,Wahyu Permana,Pria,1985,Tangerang Selatan,Banten,2022-03-06,Basic
C22103,Nadia Setiawan,Pria,1991,Tangerang Selatan,Banten,2022-03-08,Basic
C22104,Wahyu Utami,Pria,1998,Denpasar,Bali,2024-01-09,Basic
C22105,Fitri Setiawan,Wanita,1975,Bekasi,Jawa Barat,2024-04-04,Silver
C22106,Lestari Nugroho,Wanita,1986,JAKARTA SELATAN,DKI Jakarta,2024-09-12,Basic
C22107,Yoga Nugroho,Pria,1970,Jakarta Barat,DKI Jakarta,2022-07-04,Silver
C22108,Bayu Halim,Pria,1981,Jakarta Barat,DKI Jakarta,2023-01-28,Silver
C22109,Citra Pratama,Wanita,1970,Jakarta Selatan,DKI Jakarta,2022-08-20,Silver
C22110,Anisa Permana,Pria,1972,Medan,Sumatera Utara,2023-09-26,Basic
C22111,Nurul Anggraini,Wanita,1982,Jakarta Barat,DKI Jakarta,2022-12-08,Silver
C22112,Lestari Utami,Wanita,1994,Bekasi,Jawa Barat,2022-06-15,Basic
C22113,Teguh Pratama,Pria,1995,Surabaya,Jawa Timur,2023-11-29,Basic
C22114,Hendra Firmansyah,Wanita,1986,Medan,Sumatera Utara,2022-02-05,Silver
C22115,Iqbal Pratama,Wanita,1973,surabaya,Jawa Timur,2022-05-04,Basic
C22116,Citra Wijaya,Pria,1990,Bandung,Jawa Barat,2023-07-10,Basic
C22117,Siti Hidayat,Pria,2001,Depok,Jawa Barat,2022-01-04,Basic
C22118,Reza Anggraini,Wanita,1994,Surabaya,Jawa Timur,2023-11-02,Basic
C22119,Putri Pratama,Pria,1990,Tangerang,Banten,2022-05-23,Basic
C22120,Nadia Santoso,Wanita,1997,Surabaya,Jawa Timur,2022-11-03,Basic
C22121,Yoga Setiawan,Pria,1977,Balikpapan,Kalimantan Timur,2022-04-18,Silver
C22122,Agus Wijaya,Pria,1997,Makassar,Sulawesi Selatan,2022-12-15,Basic
C22123,Ayu Nugroho,Wanita,2001,Bogor,Jawa Barat,2023-12-31,Basic
C22124,Andi Utami,Pria,1990,Denpasar,Bali,2023-09-20,Basic
C22125,Andi Nugroho,Pria,2002,Makassar,Sulawesi Selatan,2022-12-08,Basic
C22126,Ayu Santoso,Pria,1979,Surabaya,Jawa Timur,2023-02-10,Basic
C22127,Citra Kusuma,Pria,1984,Depok,Jawa Barat,2022-02-14,Basic
C22128,Fajar Rahayu,Wanita,1996,Jakarta Timur,DKI Jakarta,2022-01-07,Basic
C22129,Siti Anggraini,Pria,1986,Tangerang,Banten,2022-09-16,Silver
C22130,Budi Santoso,Pria,1978,Bekasi,Jawa Barat,2024-03-28,Silver
C22131,Dimas Nugroho,Wanita,1981,Makassar,Sulawesi Selatan,2023-08-03,Basic
C22132,Vina Kusuma,Wanita,1994,Medan,Sumatera Utara,2022-09-11,Silver
C22133,Reza Anggraini,Wanita,1997,Depok,Jawa Barat,2023-08-09,Basic
C22134,Rizky Firmansyah,Wanita,1970,Denpasar,Bali,2023-08-05,Basic
C22135,Rani Kusuma,,2000,Bogor,Jawa Barat,2023-07-04,Basic
C22136,Maya Ramadhan,Wanita,1981,Jakarta Selatan,DKI Jakarta,2024-01-13,Silver
C22137,Reza Hidayat,,1992,Medan,Sumatera Utara,2023-08-04,Basic
C22138,Arif Pratama,Pria,1981,Tangerang,Banten,2024-01-19,Basic
C22139,Rizky Utami,Pria,1998,Jakarta Barat,DKI Jakarta,2024-03-23,Basic
C22140,Galih Halim,,1999,Medan,Sumatera Utara,2022-08-30,Gold
C22141,Sari Anggraini,Wanita,1994,Makassar,Sulawesi Selatan,2022-08-13,Basic
C22142,Hendra Wijaya,Wanita,1992,Depok,Jawa Barat,2023-04-04,Basic
C22143,Arif Rahayu,Wanita,1976, Bandung,Jawa Barat,2022-01-20,Silver
C22144,Fajar Pratama,Pria,1980,Jakarta Timur,DKI Jakarta,2022-06-18,Gold
C22145,Dewi Utami,,1988,Malang,Jawa Timur,2022-01-04,Basic
C22146,Fitri Rahayu,Pria,1990,JAKARTA BARAT,DKI Jakarta,2023-01-22,Basic
C22147,Reza Saputra,Wanita,1972,Semarang,Jawa Tengah,2024-06-26,Silver
C22148,Lestari Halim,Pria,2000,Makassar,Sulawesi Selatan,2023-03-18,Gold
C22149,Rani Utami,Pria,1985,Bandung,Jawa Barat,2022-01-19,Basic
C22150,Arif Nugroho,Wanita,1982,surabaya,Jawa Timur,2022-06-01,Basic
C22151,Anisa Anggraini,Pria,1992,Malang,Jawa Timur,2024-01-22,Basic
C22152,Vina Halim,Pria,1971,Surabaya,Jawa Timur,2022-08-07,Silver
C22153,Vina Hidayat,Wanita,1992, Bandung,Jawa Barat,2023-11-04,Basic
C22154,Arif Saputra,Wanita,2000,Depok,Jawa Barat,2022-07-11,Basic
C22155,Bayu Setiawan,Wanita,1995,Malang,Jawa Timur,2022-12-29,Silver
C22156,Yoga Hidayat,Wanita,1996,Jakarta Timur,DKI Jakarta,2024-02-04,Basic
C22157,Vina Utami,Wanita,1975,Tangerang,Banten,2023-03-13,Basic
C22158,Teguh Kusuma,,1994,Jakarta Timur,DKI Jakarta,2023-04-27,Basic
C22159,Intan Setiawan,Wanita,1992,Jakarta Barat,DKI Jakarta,2023-09-10,Gold
C22160,Andi Hidayat,Wanita,1979,Depok,Jawa Barat,2023-01-09,
C22161,Siti Hidayat,Pria,1995,yogyakarta,DI Yogyakarta,2023-01-04,Basic
C22162,Hendra Halim,Pria,1998,jakarta selatan,DKI Jakarta,2023-05-03,Silver
C22163,Rani Nugroho,Wanita,2001,Bekasi,Jawa Barat,2024-09-20,Basic
C22164,Sari Setiawan,Pria,1974,Denpasar,Bali,2023-07-26,Basic
C22165,Yoga Halim,Pria,1982,Jakarta Selatan,DKI Jakarta,2024-06-17,Basic
C22166,Yoga Rahayu,Wanita,1994,Jakarta Barat,DKI Jakarta,2024-04-09,Basic
C22167,Wahyu Utami,Wanita,2001,Tangerang Selatan,Banten,2023-03-24,Silver
C22168,Anisa Permana,Pria,1993,Bogor,Jawa Barat,2024-02-12,Silver
C22169,Siti Utami,Pria,1979,Denpasar,Bali,2023-03-22,Basic
C22170,Wahyu Anggraini,Wanita,1975,Jakarta Timur,DKI Jakarta,2024-02-09,Basic
C22171,Citra Nugroho,Pria,1993,Jakarta Timur,DKI Jakarta,2022-02-21,Basic
C22172,Andi Utami,Wanita,1996,Bogor,Jawa Barat,2024-03-21,Basic
C22173,Nadia Halim,Wanita,1998,Depok,Jawa Barat,2024-08-18,Basic
C22174,Agus Nugroho,Wanita,1975,Palembang,Sumatera Selatan,2024-03-09,
C22175,Agus Hidayat,Pria,1994,Balikpapan,Kalimantan Timur,2024-04-29,Silver
C22176,Fajar Nugroho,Wanita,1971,Bekasi,Jawa Barat,2023-04-27,Basic
C22177,Siti Wijaya,Pria,1971,Bekasi,Jawa Barat,2022-05-27,Gold
C22178,Arif Kusuma,Pria,1976,Tangerang Selatan,Banten,2023-09-15,Basic
C22179,Agus Permana,Wanita,1981,Surabaya,Jawa Timur,2023-03-03,Silver
C22180,Siti Setiawan,Wanita,1999,Jaktim,DKI Jakarta,2024-04-27,Silver
C22181,Intan Halim,Wanita,1981,Balikpapan,Kalimantan Timur,2023-11-02,Basic
C22182,Dewi Hidayat,Wanita,1975,Bekasi,Jawa Barat,2022-12-18,Basic
C22183,Arif Permana,Pria,1970,Malang,Jawa Timur,2022-01-14,Basic
C22184,Citra Anggraini,Wanita,1990,Jakarta Selatan,DKI Jakarta,2024-08-07,Basic
C22185,Arif Rahayu,Wanita,2000,Denpasar,Bali,2022-08-07,Silver
C22186,Maya Saputra,Pria,1978,Tangerang Selatan,Banten,2022-05-16,Basic
C22187,Budi Wijaya,Wanita,2002,Surabaya,Jawa Timur,2023-05-15,Silver
C22188,Yoga Nugroho,Pria,1986,Jakarta Timur,DKI Jakarta,2023-01-01,Gold
C22189,Fajar Nugroho,Wanita,1977,Jakarta Selatan,DKI Jakarta,2022-09-11,Basic
C22190,Dimas Hidayat,Wanita,2001,Medan,Sumatera Utara,2022-04-05,Silver
C22191,Wahyu Anggraini,Pria,1990,Depok,Jawa Barat,2023-02-02,Silver
C22192,Lestari Firmansyah,Wanita,1978,Jakarta Barat,DKI Jakarta,2023-10-28,Silver
C22193,Putri Setiawan,Pria,1993,Surabaya,Jawa Timur,2023-09-23,Silver
C22194,Nurul Setiawan,Wanita,2003,Medan,Sumatera Utara,2023-02-04,Basic
C22195,Intan Halim,Pria,1993,Bekasi,Jawa Barat,2023-04-04,Silver
C22196,Wahyu Santoso,Pria,1983,jakarta timur,DKI Jakarta,2023-01-24,Gold
C22197,Wahyu Firmansyah,Wanita,1983,Bekasi,Jawa Barat,2024-07-09,Gold
C22198,Hendra Rahayu,Pria,1985,jakarta selatan,DKI Jakarta,2023-03-29,Silver
C22199,Fajar Ramadhan,Pria,1982,Bandung,Jawa Barat,2024-07-04,Basic
C22200,Dimas Wijaya,Wanita,1985,Jakarta Selatan,DKI Jakarta,2023-04-04,Silver
C22201,Dewi Hidayat,Wanita,1971,Bandung,Jawa Barat,2024-06-20,Basic
C22202,Wahyu Utami,Pria,2002,Surabaya ,Jawa Timur,2023-10-19,Basic
C22203,Nurul Permana,Wanita,1996,SBY,Jawa Timur,2022-01-12,Basic
C22204,Teguh Hidayat,Pria,1977, Bandung,Jawa Barat,2024-08-05,Basic
C22205,Nadia Ramadhan,Pria,1992,Jakarta Timur,DKI Jakarta,2023-09-12,
C22206,Wahyu Hidayat,Wanita,1996,Bekasi,Jawa Barat,2024-02-14,Basic
C22207,Rani Firmansyah,Wanita,1989,Tangerang,Banten,2022-03-14,Silver
C22208,Bayu Santoso,Wanita,1979,Jakarta Selatan,DKI Jakarta,2024-06-11,Basic
C22209,Anisa Anggraini,Wanita,1974,Medan,Sumatera Utara,2024-09-10,Silver
C22210,Rani Permana,Pria,1989,jakarta timur,DKI Jakarta,2023-08-17,Silver
C22211,Siti Nugroho,Wanita,2002,Jakarta Barat,DKI Jakarta,2023-03-09,Basic
C22212,Dimas Halim,Wanita,1997,Denpasar,Bali,2024-08-20,Gold
C22213,Fajar Ramadhan,Wanita,1980,Medan,Sumatera Utara,2023-09-22,Silver
C22214,Wahyu Permana,Wanita,1993,Palembang,Sumatera Selatan,2022-03-14,Basic
C22215,Agus Saputra,Wanita,1980,Bekasi,Jawa Barat,2024-07-31,Basic
C22216,Maya Wijaya,Wanita,1999,Jakarta Selatan,DKI Jakarta,2023-06-26,Basic
C22217,Reza Saputra,Wanita,1999,Makassar,Sulawesi Selatan,2022-02-25,Basic
C22218,Vina Wijaya,Wanita,1973,JAKARTA SELATAN,DKI Jakarta,2023-03-20,Basic
C22219,Teguh Saputra,Wanita,1996,Jakarta Barat,DKI Jakarta,2023-02-03,Basic
C22220,Anisa Firmansyah,Pria,1990,bandung,Jawa Barat,2022-11-09,Basic
C22221,Fajar Rahayu,Wanita,2001,Medan,Sumatera Utara,2022-09-18,Silver
C22222,Agus Wijaya,Pria,1979,yogyakarta,DI Yogyakarta,2022-04-25,Silver
C22223,Vina Pratama,Wanita,1987,Malang,Jawa Timur,2023-09-11,Silver
C22224,Agus Utami,Pria,1991,Bekasi,Jawa Barat,2022-08-22,Silver
C22225,Dewi Wijaya,Wanita,1974,Bandung,Jawa Barat,2024-03-10,Basic
C22226,Anisa Rahayu,Wanita,1991,Yogyakarta,DI Yogyakarta,2024-06-04,Basic
C22227,Rizky Nugroho,Wanita,1998,Makassar,Sulawesi Selatan,2023-06-15,Basic
C22228,Budi Permana,Pria,1997,Jaksel,DKI Jakarta,2024-01-21,Basic
C22229,Teguh Rahayu,Wanita,1987,Semarang,Jawa Tengah,2023-11-09,Basic
C22230,Fitri Ramadhan,Wanita,1999,Jakarta Barat,DKI Jakarta,2023-04-18,
C22231,Reza Halim,Wanita,1976,Palembang,Sumatera Selatan,2023-02-20,Basic
C22232,Budi Setiawan,Wanita,1978,Bandung,Jawa Barat,2022-12-29,Basic
C22233,Sari Ramadhan,Pria,1988,Medan,Sumatera Utara,2024-04-16,Gold
C22234,Iqbal Rahayu,Pria,2001,Denpasar,Bali,2023-01-16,Silver
C22235,Arif Hidayat,Wanita,1997,Bogor,Jawa Barat,2022-01-20,Silver
C22236,Lestari Nugroho,Wanita,1978,Palembang,Sumatera Selatan,2022-09-16,Basic
C22237,Nurul Wijaya,Wanita,1976,Tangerang,Banten,2023-12-12,
C22238,Fajar Anggraini,Pria,1989,Bandung,Jawa Barat,2023-08-13,Basic
C22239,Reza Pratama,Pria,1992,SBY,Jawa Timur,2022-12-30,Basic
C22240,Intan Wijaya,Wanita,1993,Tangerang,Banten,2024-08-05,Basic
C22241,Rizky Halim,Pria,2001,Surabaya ,Jawa Timur,2023-06-02,Silver
C22242,Vina Nugroho,Pria,1986,Medan,Sumatera Utara,2024-09-05,Basic
C22243,Intan Saputra,Wanita,1972,Bogor,Jawa Barat,2022-12-23,Basic
C22244,Wahyu Saputra,Wanita,1997,jakarta timur,DKI Jakarta,2023-12-01,Silver
C22245,Hendra Kusuma,Wanita,1976,Depok,Jawa Barat,2023-10-21,Silver
C22246,Wahyu Halim,Pria,1998,Depok,Jawa Barat,2024-07-31,Basic
C22247,Budi Wijaya,Wanita,1978,Jakarta Timur,DKI Jakarta,2024-07-04,
C22248,Teguh Pratama,Pria,2001,Balikpapan,Kalimantan Timur,2024-07-02,Silver
C22249,Intan Permana,Wanita,2000,Malang,Jawa Timur,2022-10-26,Basic
C22250,Nadia Utami,Pria,2003,Surabaya,Jawa Timur,2022-07-26,Basic
C22251,Iqbal Hidayat,Wanita,1971,Medan,Sumatera Utara,2022-03-06,Silver
C22252,Galih Kusuma,Pria,1985,Jakarta Selatan,DKI Jakarta,2022-10-20,Basic
C22253,Anisa Halim,Wanita,1987,Jakarta Barat,DKI Jakarta,2023-03-15,Basic
C22254,Hendra Pratama,Pria,1983,Jakarta Barat,DKI Jakarta,2023-07-01,Basic
C22255,Vina Hidayat,Pria,1994,Palembang,Sumatera Selatan,2022-05-12,Basic
C22256,Siti Halim,Wanita,1979,Jakarta Timur,DKI Jakarta,2022-05-22,Gold
C22257,Agus Firmansyah,Wanita,1990,Jakarta selatan,DKI Jakarta,2023-12-25,Basic
C22258,Agus Saputra,Wanita,1977,SBY,Jawa Timur,2023-02-01,Silver
C22259,Vina Firmansyah,Pria,1996,Bandung,Jawa Barat,2024-07-28,Basic
C22260,Wahyu Saputra,Wanita,2001,Jakarta Selatan,DKI Jakarta,2024-07-31,Silver
C22261,Maya Wijaya,Wanita,1990,Tangsel,Banten,2022-12-05,Silver
C22262,Ayu Pratama,Pria,1992,Bekasi,Jawa Barat,2023-02-09,Silver
C22263,Bayu Utami,Wanita,1983,Jakarta Timur,DKI Jakarta,2022-07-20,Gold
C22264,Intan Hidayat,Wanita,1973,Yogyakarta,DI Yogyakarta,2022-06-07,Basic
C22265,Maya Hidayat,Pria,1990,Jakarta Barat,DKI Jakarta,2022-09-12,Silver
C22266,Agus Ramadhan,Wanita,1977,Surabaya,Jawa Timur,2023-06-11,Silver
C22267,Nadia Rahayu,Wanita,1991,Tangerang Selatan,Banten,2023-01-09,Silver
C22268,Andi Wijaya,Pria,1996,Depok,Jawa Barat,2022-02-05,Silver
C22269,Bayu Halim,Wanita,1988,Surabaya,Jawa Timur,2023-08-22,
C22270,Nadia Nugroho,Pria,1977,Tangerang,Banten,2022-05-31,Silver
C22271,Lestari Setiawan,Wanita,1997,Surabaya,Jawa Timur,2023-11-02,Basic
C22272,Iqbal Halim,,1974,Bandung,Jawa Barat,2022-02-17,Basic
C22273,Vina Santoso,Pria,2001,Surabaya,Jawa Timur,2022-08-25,Basic
C22274,Galih Halim,Pria,1990,TANGSEL,Banten,2023-08-09,Silver
C22275,Siti Wijaya,Pria,1979,Malang,Jawa Timur,2024-06-05,Basic
C22276,Intan Santoso,Pria,1979,Malang,Jawa Timur,2024-02-02,Silver
C22277,Galih Kusuma,Wanita,2000,Depok,Jawa Barat,2023-09-16,Basic
C22278,Dimas Hidayat,Pria,2001,Bekasi,Jawa Barat,2023-12-18,Basic
C22279,Citra Firmansyah,Pria,2002,Jakarta Barat,DKI Jakarta,2023-08-22,Gold
C22280,Intan Pratama,,1975,Tangerang,Banten,2022-08-03,Silver
C22281,Lestari Hidayat,Wanita,2000,Bekasi,Jawa Barat,2023-10-29,Basic
C22282,Nurul Wijaya,Wanita,1974,Jakarta Barat,DKI Jakarta,2022-04-30,Basic
C22283,Hendra Kusuma,Wanita,1994,Jakarta Selatan,DKI Jakarta,2024-09-25,Basic
C22284,Hendra Saputra,Pria,1978,Tangerang Selatan,Banten,2024-01-11,Basic
C22285,Agus Anggraini,Wanita,2001,Medan,Sumatera Utara,2023-06-09,Gold
C22286,Wahyu Ramadhan,Wanita,1998,Tangerang Selatan,Banten,2023-09-14,Basic
C22287,Dewi Anggraini,Pria,1996,Jakarta selatan,DKI Jakarta,2022-02-06,Basic
C22288,Teguh Halim,Wanita,1980,Bekasi,Jawa Barat,2022-05-21,Basic
C22289,Rizky Halim,Wanita,2000,Tangerang,Banten,2024-03-01,Gold
C22290,Wahyu Kusuma,Pria,1970,Bogor,Jawa Barat,2023-02-24,Basic
C22291,Andi Utami,Wanita,1998,Depok,Jawa Barat,2022-07-29,Silver
C22292,Anisa Wijaya,Wanita,1991,Medan,Sumatera Utara,2022-11-15,
C22293,Galih Kusuma,Wanita,1975,Jakarta Barat,DKI Jakarta,2023-07-12,Basic
C22294,Teguh Wijaya,Pria,1996,jakarta barat,DKI Jakarta,2022-07-26,Gold
C22295,Hendra Permana,Pria,1993,Bogor,Jawa Barat,2022-08-01,Basic
C22296,Intan Permana,Pria,1978,Jakarta Selatan,DKI Jakarta,2022-11-22,Basic
C22297,Rizky Pratama,Wanita,1985,Semarang,Jawa Tengah,2022-05-29,Basic
C22298,Ayu Ramadhan,Wanita,1983,Surabaya ,Jawa Timur,2022-04-06,Basic
C22299,Ayu Utami,Wanita,1979,Tangsel,Banten,2023-11-27,Basic
C22300,Rizky Firmansyah,Pria,1998,Tangerang,Banten,2024-05-04,Silver
C22301,Yoga Utami,Pria,1994,Tangerang,Banten,2022-04-02,Silver
C22302,Dewi Ramadhan,Wanita,1982,Bekasi,Jawa Barat,2022-08-14,Basic
C22303,Nurul Utami,Pria,1984,Bekasi,Jawa Barat,2023-09-12,Basic
C22304,Hendra Halim,Wanita,1995,Surabaya,Jawa Timur,2022-10-04,Gold
C22305,Fajar Hidayat,Wanita,1988,Malang,Jawa Timur,2023-03-23,Basic
C22306,Nadia Ramadhan,,1986,Bekasi,Jawa Barat,2023-01-17,Silver
C22307,Hendra Santoso,Wanita,1980,Jakarta Selatan,DKI Jakarta,2024-08-30,Basic
C22308,Iqbal Hidayat,Pria,1982, Bandung,Jawa Barat,2022-06-22,Basic
C22309,Galih Halim,Wanita,1998,Jakarta Barat,DKI Jakarta,2022-03-27,Basic
C22310,Iqbal Nugroho,,1971,Medan,Sumatera Utara,2023-12-03,Basic
C22311,Fitri Anggraini,Wanita,1990,JAKARTA BARAT,DKI Jakarta,2022-06-30,Basic
C22312,Maya Anggraini,Pria,1994,Bandung,Jawa Barat,2022-04-18,Basic
C22313,Fitri Firmansyah,Pria,1970,Denpasar,Bali,2022-05-12,Basic
C22314,Andi Anggraini,Wanita,1996,Denpasar,Bali,2024-07-26,Basic
C22315,Siti Santoso,Wanita,2000,Jakarta Selatan,DKI Jakarta,2023-08-04,Basic
C22316,Budi Firmansyah,Wanita,1995,Yogyakarta,DI Yogyakarta,2022-06-02,Basic
C22317,Putri Halim,Pria,2001,Jakarta Selatan,DKI Jakarta,2022-09-14,Gold
C22318,Hendra Wijaya,Wanita,1984,Bekasi,Jawa Barat,2024-01-30,Basic
C22319,Arif Permana,Pria,2003,Tangerang Selatan,Banten,2022-08-05,Basic
C22320,Sari Setiawan,Wanita,1985,Tangerang Selatan,Banten,2023-12-22,Silver
C22321,Arif Kusuma,Wanita,1970,Tangerang Selatan,Banten,2023-07-11,Silver
C22322,Intan Santoso,Wanita,1988,Surabaya ,Jawa Timur,2024-01-24,Silver
C22323,Andi Wijaya,Pria,1977,Yogyakarta,DI Yogyakarta,2024-06-16,Basic
C22324,Sari Halim,Wanita,1998,BANDUNG,Jawa Barat,2024-02-28,Silver
C22325,Vina Ramadhan,Wanita,1978,JAKARTA SELATAN,DKI Jakarta,2022-12-07,Basic
C22326,Intan Pratama,Wanita,1997,Tangerang Selatan,Banten,2023-12-25,Basic
C22327,Anisa Wijaya,Wanita,1985,BANDUNG,Jawa Barat,2023-09-15,Basic
C22328,Budi Saputra,Pria,1986,Medan,Sumatera Utara,2023-12-04,Silver
C22329,Dewi Nugroho,Wanita,2001,Surabaya,Jawa Timur,2023-11-20,Basic
C22330,Putri Kusuma,Pria,1989,Makassar,Sulawesi Selatan,2023-03-27,Silver
C22331,Fitri Anggraini,Wanita,1995,Jakarta Timur,DKI Jakarta,2024-06-20,Gold
C22332,Wahyu Nugroho,Wanita,2001,Denpasar,Bali,2024-06-11,Basic
C22333,Yoga Santoso,Pria,1995,Yogyakarta,DI Yogyakarta,2024-09-11,Basic
C22334,Rani Pratama,Pria,1973,Surabaya,Jawa Timur,2022-09-05,Silver
C22335,Budi Nugroho,Pria,2003,Jaktim,DKI Jakarta,2024-06-21,Basic
C22336,Budi Kusuma,,1972,Semarang,Jawa Tengah,2024-01-13,Silver
C22337,Maya Utami,Wanita,1980,Bogor,Jawa Barat,2023-01-17,Silver
C22338,Putri Rahayu,Wanita,1978,JAKARTA SELATAN,DKI Jakarta,2023-03-01,Basic
C22339,Iqbal Utami,Wanita,1996,Tangerang Selatan,Banten,2022-10-28,Silver
C22340,Sari Anggraini,Wanita,2001,Bandung,Jawa Barat,2022-07-14,Basic
C22341,Agus Nugroho,Wanita,1998,Makassar,Sulawesi Selatan,2023-08-20,Basic
C22342,Sari Santoso,Wanita,1996,SBY,Jawa Timur,2024-02-15,Basic
C22343,Siti Rahayu,Wanita,1970,Tangerang,Banten,2024-01-02,Basic
C22344,Rizky Santoso,,1982,Bandung,Jawa Barat,2023-09-01,Gold
C22345,Yoga Firmansyah,,1984,TANGSEL,Banten,2022-03-01,Basic
C22346,Rani Wijaya,Wanita,1986,Bogor,Jawa Barat,2023-02-16,Basic
C22347,Budi Anggraini,Wanita,1975,Tangerang Selatan,Banten,2022-06-05,Silver
C22348,Teguh Santoso,Wanita,1981,Depok,Jawa Barat,2022-12-02,Silver
C22349,Siti Firmansyah,Wanita,1981,Jakarta Selatan,DKI Jakarta,2023-06-23,Basic
C22350,Vina Ramadhan,Pria,2001,Depok,Jawa Barat,2023-10-06,Basic
C22351,Sari Halim,Wanita,1992,Bekasi,Jawa Barat,2023-12-19,Basic
C22352,Iqbal Utami,Wanita,1987,Semarang,Jawa Tengah,2024-02-28,Basic
C22353,Budi Pratama,Pria,2002,Bekasi,Jawa Barat,2022-11-13,Silver
C22354,Siti Hidayat,,1970,Depok,Jawa Barat,2023-04-01,Silver
C22355,Budi Setiawan,Wanita,1984,Medan,Sumatera Utara,2022-05-19,Gold
C22356,Vina Permana,Wanita,1973,Semarang,Jawa Tengah,2024-05-25,Basic
C22357,Maya Kusuma,,2001,Jaksel,DKI Jakarta,2023-09-06,Basic
C22358,Iqbal Pratama,Wanita,1977,Palembang,Sumatera Selatan,2023-01-30,Basic
C22359,Nadia Pratama,Pria,1971,Tangerang,Banten,2024-01-19,Gold
C22360,Budi Kusuma,Pria,1996,Bogor,Jawa Barat,2022-10-31,Basic
C22361,Rani Nugroho,Wanita,1978,Bogor,Jawa Barat,2023-05-23,Basic
C22362,Wahyu Rahayu,Pria,1990,Jakarta Timur,DKI Jakarta,2023-09-07,
C22363,Hendra Santoso,Pria,1986,Jakarta Barat,DKI Jakarta,2022-10-26,
C22364,Siti Firmansyah,Wanita,1986,Surabaya,Jawa Timur,2023-07-11,Basic
C22365,Arif Kusuma,Pria,1995,Jakarta selatan,DKI Jakarta,2023-05-07,Silver
C22366,Agus Setiawan,Pria,1981,Tangerang Selatan,Banten,2024-06-21,Silver
C22367,Dewi Wijaya,,1996,JAKARTA SELATAN,DKI Jakarta,2024-04-05,Gold
C22368,Citra Permana,Wanita,1988,Denpasar,Bali,2023-09-23,Basic
C22369,Rani Halim,,1974,Semarang,Jawa Tengah,2024-08-20,Basic
C22370,Lestari Setiawan,Wanita,1978,Jakarta Timur,DKI Jakarta,2023-03-23,Silver
C22371,Wahyu Anggraini,Pria,1981,Tangerang,Banten,2022-04-18,Basic
C22372,Wahyu Rahayu,Pria,1980,Tangerang,Banten,2024-05-21,Basic
C22373,Agus Wijaya,Pria,1989,Tangerang Selatan,Banten,2024-02-06,Gold
C22374,Fajar Wijaya,Pria,1990,Jakarta Selatan,DKI Jakarta,2023-10-31,Basic
C22375,Arif Permana,,1971,Yogyakarta,DI Yogyakarta,2022-03-12,Gold
C22376,Vina Saputra,Pria,1976,Palembang,Sumatera Selatan,2022-08-14,Basic
C22377,Arif Anggraini,Wanita,1986,Medan,Sumatera Utara,2022-10-29,Basic
C22378,Fajar Halim,Wanita,1992,Bekasi,Jawa Barat,2024-04-28,Gold
C22379,Fajar Hidayat,Pria,1984,Bekasi,Jawa Barat,2022-07-15,Basic
C22380,Putri Saputra,Wanita,1974,Semarang,Jawa Tengah,2023-05-06,Silver
C22381,Putri Utami,Pria,2003,Jakarta Selatan,DKI Jakarta,2022-04-28,
C22382,Bayu Rahayu,Pria,1995,Malang,Jawa Timur,2023-09-21,Silver
C22383,Anisa Ramadhan,Pria,1977,Medan,Sumatera Utara,2024-01-02,Silver
C22384,Arif Kusuma,Pria,1996,Depok,Jawa Barat,2023-07-18,Basic
C22385,Fajar Pratama,Wanita,1985,Bekasi,Jawa Barat,2023-08-25,Basic
C22386,Ayu Wijaya,Pria,1997,Balikpapan,Kalimantan Timur,2023-10-09,Basic
C22387,Putri Setiawan,Pria,1981,Surabaya,Jawa Timur,2023-01-24,Basic
C22388,Yoga Rahayu,Wanita,1989,Makassar,Sulawesi Selatan,2023-10-16,Basic
C22389,Wahyu Firmansyah,Pria,1980,Jakarta selatan,DKI Jakarta,2022-07-10,Basic
C22390,Arif Santoso,Wanita,1992,Balikpapan,Kalimantan Timur,2023-11-16,Silver
C22391,Fitri Wijaya,Wanita,1980,Jakarta Barat,DKI Jakarta,2022-03-05,Basic
C22392,Arif Santoso,Wanita,1999,Surabaya,Jawa Timur,2022-07-02,Basic
C22393,Rani Ramadhan,Wanita,1983,Surabaya,Jawa Timur,2023-09-14,Gold
C22394,Putri Setiawan,Pria,2003,Surabaya,Jawa Timur,2024-06-02,Silver
C22395,Yoga Halim,Pria,1979,Surabaya,Jawa Timur,2022-12-14,Basic
C22396,Nadia Pratama,Wanita,1970,Surabaya,Jawa Timur,2024-09-24,Silver
C22397,Yoga Halim,Wanita,1982,Bandung,Jawa Barat,2023-07-14,Basic
C22398,Reza Anggraini,Wanita,1989,Makassar,Sulawesi Selatan,2023-09-16,Silver
C22399,Fitri Utami,Wanita,2000,Jakarta Selatan,DKI Jakarta,2023-09-25,Basic
C22400,Putri Utami,Wanita,1984,Semarang,Jawa Tengah,2023-04-30,Silver
C22401,Nurul Kusuma,Wanita,1978,Medan,Sumatera Utara,2022-09-25,Basic
C22402,Andi Hidayat,Wanita,1981,Semarang,Jawa Tengah,2024-04-23,Silver
C22403,Yoga Pratama,Wanita,1981,Surabaya,Jawa Timur,2023-11-12,Basic
C22404,Maya Kusuma,Pria,1975,Yogyakarta,DI Yogyakarta,2023-10-10,Gold
C22405,Teguh Hidayat,Pria,1999,Yogyakarta,DI Yogyakarta,2022-08-03,Silver
C22406,Fitri Nugroho,Wanita,1972,Bekasi,Jawa Barat,2023-07-24,Basic
C22407,Iqbal Utami,Wanita,2001,Tangerang,Banten,2022-03-21,Basic
C22408,Citra Utami,Pria,1984,Surabaya,Jawa Timur,2024-08-08,Basic
C22409,Anisa Nugroho,Wanita,1998,Bandung,Jawa Barat,2022-01-22,Silver
C22410,Rani Anggraini,Wanita,1979,Jakarta Selatan,DKI Jakarta,2024-08-07,Silver
C22411,Rani Permana,Pria,1993,Bekasi,Jawa Barat,2023-06-04,Gold
C22412,Lestari Pratama,Pria,1995,Bandung,Jawa Barat,2022-12-26,Silver
C22413,Nurul Kusuma,,2002,Bekasi,Jawa Barat,2023-01-06,Basic
C22414,Sari Rahayu,Pria,1974,Jakarta Timur,DKI Jakarta,2023-03-24,Basic
C22415,Galih Saputra,Pria,1994,Semarang,Jawa Tengah,2023-11-06,Basic
C22416,Iqbal Wijaya,Pria,1994,Jakarta Barat,DKI Jakarta,2022-10-17,Basic
C22417,Andi Ramadhan,Wanita,1972,Balikpapan,Kalimantan Timur,2023-10-03,Basic
C22418,Reza Pratama,Wanita,1979,Palembang,Sumatera Selatan,2024-09-07,Gold
C22419,Bayu Setiawan,Wanita,1981,Jakarta Selatan,DKI Jakarta,2022-04-02,
C22420,Reza Santoso,Pria,1990,Jakarta Selatan,DKI Jakarta,2022-06-01,Basic
C22421,Anisa Rahayu,Wanita,1982,Semarang,Jawa Tengah,2024-07-22,Basic
C22422,Yoga Setiawan,Pria,2001,Makassar,Sulawesi Selatan,2022-02-19,Silver
C22423,Reza Santoso,Pria,1996,Palembang,Sumatera Selatan,2024-03-01,Silver
C22424,Nadia Kusuma,Pria,1984,Bogor,Jawa Barat,2024-06-13,Basic
C22425,Lestari Halim,Wanita,1995,Tangerang,Banten,2022-08-26,Silver
C22426,Nurul Anggraini,Pria,1999,Tangerang,Banten,2022-08-05,Basic
C22427,Vina Rahayu,,1989,Surabaya,Jawa Timur,2022-06-15,Basic
C22428,Bayu Firmansyah,Wanita,2000,Medan,Sumatera Utara,2022-02-10,Gold
C22429,Siti Ramadhan,Pria,1980,Semarang,Jawa Tengah,2024-08-24,Silver
C22430,Ayu Ramadhan,Wanita,2002,Depok,Jawa Barat,2024-01-19,Basic
C22431,Fitri Wijaya,Wanita,1973,Semarang,Jawa Tengah,2024-03-13,Gold
C22432,Siti Nugroho,Wanita,2000,BANDUNG,Jawa Barat,2023-04-29,Basic
C22433,Lestari Saputra,Wanita,2002,Bandung,Jawa Barat,2022-11-17,Gold
C22434,Wahyu Setiawan,Wanita,1986,Medan,Sumatera Utara,2023-12-22,Basic
C22435,Anisa Santoso,Wanita,1979,Tangerang Selatan,Banten,2024-03-05,Basic
C22436,Andi Permana,Wanita,1997,Denpasar,Bali,2022-11-01,Basic
C22437,Yoga Santoso,,1986,Surabaya,Jawa Timur,2023-02-01,
C22438,Yoga Firmansyah,Pria,1996,Balikpapan,Kalimantan Timur,2024-02-25,Basic
C22439,Siti Anggraini,Pria,2003,BANDUNG,Jawa Barat,2023-01-27,Basic
C22440,Yoga Wijaya,Pria,1977,Bekasi,Jawa Barat,2023-02-15,Basic
C22441,Rizky Permana,Pria,1991,Jakarta Barat,DKI Jakarta,2022-05-22,Basic
C22442,Fitri Nugroho,Wanita,1988,jakarta selatan,DKI Jakarta,2023-01-30,Basic
C22443,Reza Utami,Pria,1998,Bogor,Jawa Barat,2024-04-12,Basic
C22444,Nurul Ramadhan,Pria,1988,Bekasi,Jawa Barat,2024-01-02,Silver
C22445,Hendra Nugroho,Wanita,1987,Medan,Sumatera Utara,2022-05-17,Basic
C22446,Rani Saputra,Wanita,1992,Semarang,Jawa Tengah,2023-07-08,Basic
C22447,Intan Utami,Wanita,1997,Tangsel,Banten,2024-06-07,Basic
C22448,Dimas Rahayu,Wanita,1973,Jakarta Timur,DKI Jakarta,2023-08-16,Silver
C22449,Wahyu Firmansyah,Pria,2000,Surabaya,Jawa Timur,2022-06-05,Silver
C22450,Fajar Pratama,Pria,2001,Jaktim,DKI Jakarta,2023-08-17,Basic
C22451,Yoga Wijaya,Pria,1983,Denpasar,Bali,2023-11-06,Silver
C22452,Maya Halim,Pria,1988,Medan,Sumatera Utara,2023-03-27,Basic
C22453,Lestari Wijaya,Wanita,1986,Depok,Jawa Barat,2023-05-21,Silver
C22454,Intan Kusuma,Wanita,1975,Jakarta Barat,DKI Jakarta,2022-03-27,Basic
C22455,Maya Rahayu,Pria,2001,Tangerang Selatan,Banten,2022-08-26,Basic
C22456,Rizky Ramadhan,Wanita,1988,Makassar,Sulawesi Selatan,2022-08-04,Basic
C22457,Wahyu Wijaya,Pria,1996,surabaya,Jawa Timur,2022-10-22,Gold
C22458,Maya Firmansyah,Pria,1992,Surabaya,Jawa Timur,2022-09-18,Silver
C22459,Lestari Santoso,Pria,1985,Jakarta Barat,DKI Jakarta,2023-02-13,Basic
C22460,Putri Rahayu,Wanita,1998,Yogyakarta,DI Yogyakarta,2024-09-09,Gold
C22461,Rizky Utami,Pria,1988,Medan,Sumatera Utara,2023-02-10,Silver
C22462,Siti Halim,Wanita,1985,Jakarta Barat,DKI Jakarta,2023-06-09,Silver
C22463,Rizky Rahayu,Pria,1987,Palembang,Sumatera Selatan,2024-07-27,Silver
C22464,Lestari Firmansyah,,1985,Bandung,Jawa Barat,2023-01-25,Gold
C22465,Maya Halim,Wanita,1988,Yogyakarta,DI Yogyakarta,2022-02-15,Basic
C22466,Putri Hidayat,Pria,1978,Makassar,Sulawesi Selatan,2022-03-05,Basic
C22467,Hendra Kusuma,Wanita,1999,Depok,Jawa Barat,2022-10-19,Basic
C22468,Vina Halim,Wanita,1978,Yogyakarta,DI Yogyakarta,2023-04-07,Basic
C22469,Citra Kusuma,Pria,1978,Bogor,Jawa Barat,2022-03-13,Basic
C22470,Wahyu Nugroho,Pria,1970,Jakarta Selatan,DKI Jakarta,2022-08-03,Basic
C22471,Wahyu Firmansyah,Wanita,1984,Palembang,Sumatera Selatan,2023-07-26,Basic
C22472,Intan Ramadhan,Pria,1983,Jakarta Selatan,DKI Jakarta,2023-03-27,Basic
C22473,Arif Utami,Pria,1981,Bekasi,Jawa Barat,2023-08-17,Gold
C22474,Intan Pratama,Wanita,1973,Denpasar,Bali,2023-08-10,Gold
C22475,Teguh Hidayat,Wanita,1991,Jakarta Barat,DKI Jakarta,2023-03-13,
C22476,Nadia Halim,Wanita,1991,Tangsel,Banten,2024-01-21,Silver
C22477,Rizky Nugroho,Wanita,1988,Jakarta Selatan,DKI Jakarta,2023-11-21,Basic
C22478,Galih Utami,Pria,1991,Depok,Jawa Barat,2023-11-17,Basic
C22479,Fajar Kusuma,Wanita,2001,Jakarta Selatan,DKI Jakarta,2022-09-15,Basic
C22480,Fitri Santoso,Pria,1990,Balikpapan,Kalimantan Timur,2023-02-09,Silver
C22481,Maya Saputra,Wanita,1971,Semarang,Jawa Tengah,2023-07-03,Basic
C22482,Fitri Wijaya,Pria,1976,Tangerang,Banten,2023-04-25,Basic
C22483,Siti Firmansyah,,1977,Bogor,Jawa Barat,2022-08-23,Basic
C22484,Teguh Ramadhan,Wanita,1989,Jakarta Timur,DKI Jakarta,2024-03-12,Basic
C22485,Yoga Anggraini,Wanita,1992,Semarang,Jawa Tengah,2022-03-21,Basic
C22486,Wahyu Firmansyah,Wanita,1977,Bekasi,Jawa Barat,2022-09-03,Basic
C22487,Reza Halim,,1977,Depok,Jawa Barat,2022-06-01,Basic
C22488,Ayu Pratama,Wanita,1998,Tangerang,Banten,2022-06-19,Silver
C22489,Lestari Ramadhan,Pria,1988,Balikpapan,Kalimantan Timur,2024-07-25,Gold
C22490,Intan Ramadhan,Pria,1982,Tangerang,Banten,2022-12-15,Basic
C22491,Fitri Wijaya,Pria,1984,Tangerang,Banten,2024-06-14,Basic
C22492,Nadia Ramadhan,Pria,1993,Jakarta Selatan,DKI Jakarta,2024-03-29,Gold
C22493,Dewi Kusuma,Wanita,1981,Bandung,Jawa Barat,2024-09-15,Basic
C22494,Fajar Saputra,Pria,1973,Semarang,Jawa Tengah,2022-11-13,Silver
C22495,Siti Santoso,,1996,Makassar,Sulawesi Selatan,2022-03-17,Basic
C22496,Vina Santoso,Wanita,1995,Tangsel,Banten,2022-04-19,Basic
C22497,Rani Kusuma,Pria,1992,Tangerang,Banten,2022-07-24,Basic
C22498,Fajar Wijaya,Pria,1975,Jakarta Selatan,DKI Jakarta,2023-03-03,
C22499,Wahyu Pratama,Wanita,1987,Depok,Jawa Barat,2022-05-21,Silver
C22500,Agus Permana,Pria,2001,BANDUNG,Jawa Barat,2024-05-03,Silver
C22501,Siti Permana,Pria,1997,Surabaya,Jawa Timur,2024-05-23,Basic
C22502,Ayu Firmansyah,Wanita,1986,Bekasi,Jawa Barat,2022-04-30,Basic
C22503,Iqbal Santoso,Wanita,1987, Bandung,Jawa Barat,2022-04-04,Basic
C22504,Teguh Kusuma,Wanita,1989,Jakarta selatan,DKI Jakarta,2022-02-23,Basic
C22505,Iqbal Permana,Wanita,1970,Surabaya,Jawa Timur,2024-04-12,Silver
C22506,Nadia Anggraini,Wanita,1989,TANGSEL,Banten,2023-03-06,Silver
C22507,Fitri Nugroho,Pria,1984,Jakarta Selatan,DKI Jakarta,2024-06-04,Basic
C22508,Putri Anggraini,,1996,Tangerang Selatan,Banten,2022-12-02,Basic
C22509,Maya Setiawan,Wanita,2002,Jakarta Barat,DKI Jakarta,2022-07-08,Basic
C22510,Citra Ramadhan,Pria,1999,Bogor,Jawa Barat,2024-01-19,Gold
C22511,Reza Wijaya,Wanita,1994,Yogyakarta,DI Yogyakarta,2022-08-23,Silver
C22512,Intan Anggraini,Wanita,1978,Bogor,Jawa Barat,2024-03-12,Basic
C22513,Dimas Permana,Wanita,1993,Jakarta Barat,DKI Jakarta,2024-07-21,Basic
C22514,Lestari Setiawan,Wanita,1992,Balikpapan,Kalimantan Timur,2022-05-24,Basic
C22515,Ayu Hidayat,Pria,1976,Bandung,Jawa Barat,2024-05-28,Silver
C22516,Anisa Hidayat,Pria,1985,Surabaya,Jawa Timur,2022-01-21,Basic
C22517,Nurul Pratama,Wanita,1977,Tangerang,Banten,2022-06-22,Silver
C22518,Siti Wijaya,Pria,1994,Malang,Jawa Timur,2024-03-02,Gold
C22519,Dimas Rahayu,Pria,1975,Bekasi,Jawa Barat,2022-10-17,Basic
C22520,Dimas Anggraini,Wanita,1993,Tangerang Selatan,Banten,2022-04-13,Basic
C22521,Agus Utami,Wanita,1988,surabaya,Jawa Timur,2022-05-18,Basic
C22522,Iqbal Saputra,Wanita,1977,Bogor,Jawa Barat,2023-09-09,Basic
C22523,Maya Kusuma,Wanita,1982,Bekasi,Jawa Barat,2023-12-15,Basic
C22524,Hendra Hidayat,Wanita,1993,Jakbar,DKI Jakarta,2024-04-07,Basic
C22525,Intan Hidayat,Pria,1975,Tangerang,Banten,2024-05-04,Basic
C22526,Fitri Wijaya,Wanita,1987,Makassar,Sulawesi Selatan,2023-06-17,Basic
C22527,Hendra Utami,Wanita,1996,Denpasar,Bali,2024-02-09,Basic
C22528,Budi Rahayu,Pria,1978,jakarta selatan,DKI Jakarta,2023-08-20,Basic
C22529,Dimas Permana,Pria,1970,Depok,Jawa Barat,2024-07-01,Basic
C22530,Intan Firmansyah,Pria,1973,Tangerang,Banten,2024-03-05,Silver
C22531,Dimas Permana,Wanita,1981,Tangerang Selatan,Banten,2022-12-07,Basic
C22532,Teguh Santoso,Wanita,1991,Tangerang Selatan,Banten,2023-09-02,Basic
C22533,Arif Firmansyah,Pria,1990,Bekasi,Jawa Barat,2024-09-07,Silver
C22534,Intan Saputra,Pria,1985,Balikpapan,Kalimantan Timur,2022-11-26,Gold
C22535,Teguh Saputra,Pria,1998,Tangerang,Banten,2023-12-07,Basic
C22536,Vina Nugroho,Pria,1977,Bandung,Jawa Barat,2024-04-23,Basic
C22537,Teguh Permana,Wanita,1999,jakarta barat,DKI Jakarta,2024-05-08,Basic
C22538,Anisa Hidayat,Pria,1985,Medan,Sumatera Utara,2023-03-02,Gold
C22539,Maya Ramadhan,Wanita,1992,Depok,Jawa Barat,2022-10-17,Basic
C22540,Wahyu Setiawan,Pria,1978,Denpasar,Bali,2024-02-02,Basic
C22541,Sari Rahayu,,1978,Jakarta Barat,DKI Jakarta,2024-09-02,Basic
C22542,Putri Wijaya,Wanita,1986,JAKARTA SELATAN,DKI Jakarta,2024-04-26,Basic
C22543,Dimas Firmansyah,Pria,1981,Depok,Jawa Barat,2022-10-27,Gold
C22544,Nurul Saputra,Wanita,1993,Bandung,Jawa Barat,2022-12-25,Silver
C22545,Dimas Wijaya,Wanita,1981,Tangerang,Banten,2024-04-19,Basic
C22546,Siti Setiawan,Pria,1972,Depok,Jawa Barat,2022-12-28,Basic
C22547,Teguh Setiawan,Pria,1997,Bandung,Jawa Barat,2023-12-13,Gold
C22548,Fitri Nugroho,Wanita,1997,Jakarta Barat,DKI Jakarta,2022-05-13,Gold
C22549,Anisa Firmansyah,Pria,1997,Medan,Sumatera Utara,2022-01-10,Basic
C22550,Hendra Utami,Wanita,1970,Palembang,Sumatera Selatan,2024-09-08,Basic
C22551,Rani Setiawan,Wanita,1984,JAKARTA SELATAN,DKI Jakarta,2022-05-23,Basic
C22552,Siti Hidayat,Pria,1999,Jakarta Selatan,DKI Jakarta,2024-01-01,Silver
C22553,Vina Saputra,Wanita,1977,Palembang,Sumatera Selatan,2024-09-15,Silver
C22554,Wahyu Kusuma,Pria,1983, Bandung,Jawa Barat,2023-06-27,Basic
C22555,Teguh Ramadhan,Pria,2003,Bekasi,Jawa Barat,2022-11-06,Basic
C22556,Teguh Permana,Pria,1992,Jakarta Selatan,DKI Jakarta,2024-03-14,Basic
C22557,Ayu Wijaya,Pria,1999,Depok,Jawa Barat,2022-05-26,Gold
C22558,Rani Santoso,,1988,Tangerang,Banten,2024-05-04,Basic
C22559,Putri Wijaya,Wanita,1989,Malang,Jawa Timur,2022-04-09,Basic
C22560,Agus Rahayu,Wanita,1978,Depok,Jawa Barat,2022-02-07,Basic
C22561,Reza Pratama,Pria,1998,jakarta timur,DKI Jakarta,2022-09-30,Silver
C22562,Dimas Nugroho,Pria,1999,Bekasi,Jawa Barat,2023-12-04,Silver
C22563,Ayu Ramadhan,Wanita,1972,Surabaya ,Jawa Timur,2022-09-11,Basic
C22564,Nurul Kusuma,Wanita,1978,Bandung,Jawa Barat,2023-01-10,Silver
C22565,Citra Anggraini,Pria,1987,Jakarta Timur,DKI Jakarta,2022-02-02,Silver
C22566,Rizky Setiawan,Pria,1981,Semarang,Jawa Tengah,2023-01-01,Basic
C22567,Rani Nugroho,Wanita,1974,Jakarta Timur,DKI Jakarta,2023-01-10,Basic
C22568,Siti Ramadhan,Pria,2002,Tangerang,Banten,2024-06-17,Basic
C22569,Agus Setiawan,Pria,1985,bandung,Jawa Barat,2022-09-14,Basic
C22570,Maya Rahayu,Wanita,1998,Jakarta Barat,DKI Jakarta,2024-05-14,Silver
C22571,Hendra Ramadhan,,1999,Jakarta Timur,DKI Jakarta,2023-10-19,Basic
C22572,Intan Rahayu,Pria,1988,jakarta selatan,DKI Jakarta,2024-03-06,Basic
C22573,Maya Ramadhan,Wanita,1996,Bogor,Jawa Barat,2023-05-16,Basic
C22574,Lestari Permana,Pria,1989,Jakarta Timur,DKI Jakarta,2023-12-15,Basic
C22575,Galih Halim,Wanita,1976,Jaktim,DKI Jakarta,2024-08-01,Basic
C22576,Vina Setiawan,Pria,1984,Jakarta Barat,DKI Jakarta,2022-02-24,Basic
C22577,Fajar Ramadhan,Wanita,1984,JAKARTA SELATAN,DKI Jakarta,2024-05-21,Silver
C22578,Arif Saputra,Pria,1982,Surabaya,Jawa Timur,2023-05-15,Silver
C22579,Arif Hidayat,Wanita,2003,Balikpapan,Kalimantan Timur,2023-01-07,Basic
C22580,Reza Nugroho,Wanita,1975,Tangerang Selatan,Banten,2024-04-15,Basic
C22581,Putri Nugroho,Wanita,1999,Balikpapan,Kalimantan Timur,2023-05-23,Basic
C22582,Vina Utami,Wanita,1992,jakarta selatan,DKI Jakarta,2022-02-02,Silver
C22583,Teguh Firmansyah,Pria,1995,Bekasi,Jawa Barat,2023-01-16,Basic
C22584,Galih Rahayu,Wanita,1998,Bogor,Jawa Barat,2023-06-17,Basic
C22585,Nurul Santoso,Wanita,1995,Jakarta Selatan,DKI Jakarta,2022-02-25,
C22586,Ayu Setiawan,Pria,1998,Medan,Sumatera Utara,2022-11-28,Silver
C22587,Putri Hidayat,,1997,Denpasar,Bali,2022-05-16,Basic
C22588,Sari Firmansyah,Wanita,1986,JAKARTA BARAT,DKI Jakarta,2023-06-28,Basic
C22589,Nadia Nugroho,Wanita,2003,Bekasi,Jawa Barat,2022-12-28,Basic
C22590,Galih Santoso,Pria,1994,Medan,Sumatera Utara,2022-11-12,Basic
C22591,Andi Permana,Wanita,2002,Bogor,Jawa Barat,2023-12-03,Basic
C22592,Galih Halim,Pria,1992,Jaktim,DKI Jakarta,2022-01-24,Silver
C22593,Rizky Kusuma,,1989,Jakarta Timur,DKI Jakarta,2023-12-22,Basic
C22594,Dimas Santoso,Pria,1981,Bandung,Jawa Barat,2023-02-10,Silver
C22595,Teguh Firmansyah,Wanita,1974,Bandung,Jawa Barat,2024-06-15,Gold
C22596,Reza Hidayat,Pria,1983,Bekasi,Jawa Barat,2023-05-27,Silver
C22597,Yoga Utami,Wanita,2000,Malang,Jawa Timur,2023-08-02,Basic
C22598,Anisa Santoso,Pria,1983,Malang,Jawa Timur,2024-04-27,Basic
C22599,Teguh Permana,Wanita,1971,Tangerang Selatan,Banten,2022-03-29,Basic
C22600,Fitri Setiawan,Pria,1983,Jakarta Selatan,DKI Jakarta,2023-06-27,Gold
C22601,Dewi Anggraini,Pria,1972,Malang,Jawa Timur,2023-05-17,Silver
C22602,Reza Pratama,Wanita,1997,Jakarta Barat,DKI Jakarta,2023-02-12,Basic
C22603,Anisa Rahayu,Wanita,1984,Jakarta Timur,DKI Jakarta,2023-12-08,Basic
C22604,Citra Santoso,Wanita,1995,Depok,Jawa Barat,2023-11-07,Gold
C22605,Bayu Nugroho,Pria,1983,jakarta selatan,DKI Jakarta,2024-03-30,Silver
C22606,Andi Permana,,1975,Jakbar,DKI Jakarta,2023-08-21,Gold
C22607,Arif Santoso,,1992,Balikpapan,Kalimantan Timur,2023-04-24,Basic
C22608,Fajar Utami,Wanita,1989,Makassar,Sulawesi Selatan,2023-08-26,Basic
C22609,Siti Firmansyah,Wanita,1990,Depok,Jawa Barat,2023-12-29,Gold
C22610,Sari Halim,Wanita,1985,Tangerang,Banten,2023-03-05,Basic
C22611,Teguh Halim,Wanita,1990,surabaya,Jawa Timur,2023-12-31,Silver
C22612,Iqbal Firmansyah,Wanita,1972,Jakarta Timur,DKI Jakarta,2022-11-13,Gold
C22613,Citra Rahayu,Wanita,1971,Jakarta Barat,DKI Jakarta,2023-11-06,Basic
C22614,Teguh Kusuma,Wanita,1982,Jakarta Selatan,DKI Jakarta,2022-07-16,Silver
C22615,Arif Hidayat,Wanita,1976,Surabaya,Jawa Timur,2023-04-29,Basic
C22616,Agus Hidayat,Wanita,1980,Denpasar,Bali,2022-11-04,Basic
C22617,Hendra Wijaya,Wanita,1972,Depok,Jawa Barat,2023-08-10,Basic
C22618,Ayu Halim,Wanita,1976,Depok,Jawa Barat,2022-12-15,Gold
C22619,Fitri Wijaya,Pria,2003,Tangerang,Banten,2023-07-15,Silver
C22620,Dewi Nugroho,,1981,Jakbar,DKI Jakarta,2022-01-08,Silver
C22621,Nurul Santoso,Wanita,1979,Jogjakarta,DI Yogyakarta,2024-05-05,Basic
C22622,Intan Wijaya,Pria,1977,Depok,Jawa Barat,2022-05-13,Basic
C22623,Dimas Santoso,Wanita,1972,Surabaya,Jawa Timur,2022-01-31,Basic
C22624,Rani Setiawan,Wanita,1972,Bekasi,Jawa Barat,2024-04-29,Basic
C22625,Nadia Halim,Pria,2001,Tangerang Selatan,Banten,2024-06-17,Basic
C22626,Intan Pratama,Wanita,1972,Jakarta Barat,DKI Jakarta,2022-05-26,Basic
C22627,Nadia Kusuma,Pria,1999,Surabaya,Jawa Timur,2022-08-03,Silver
C22628,Citra Hidayat,,1984,Denpasar,Bali,2023-01-08,Basic
C22629,Rani Wijaya,Wanita,1974,Jakarta Selatan,DKI Jakarta,2022-02-21,Basic
C22630,Bayu Santoso,Pria,1997,jakarta barat,DKI Jakarta,2024-05-11,Silver
C22631,Budi Pratama,Pria,1971,jakarta timur,DKI Jakarta,2023-07-24,Basic
C22632,Galih Halim,Wanita,1998,Surabaya,Jawa Timur,2024-01-27,Basic
C22633,Dimas Santoso,Pria,1975,Tangerang Selatan,Banten,2023-11-28,Basic
C22634,Intan Utami,Wanita,1977,BANDUNG,Jawa Barat,2022-01-11,Basic
C22635,Rizky Rahayu,Pria,1976,Jakarta Timur,DKI Jakarta,2023-05-09,Basic
C22636,Wahyu Hidayat,Pria,2003,Surabaya,Jawa Timur,2024-01-27,Basic
C22637,Dimas Ramadhan,Pria,1991,Bekasi,Jawa Barat,2022-01-05,Basic
C22638,Siti Setiawan,Pria,1972,Bekasi,Jawa Barat,2024-06-30,Gold
C22639,Bayu Nugroho,Pria,1993,Semarang,Jawa Tengah,2023-03-12,Silver
C22640,Dewi Anggraini,Pria,1982,Semarang,Jawa Tengah,2022-02-03,Basic
C22641,Rani Setiawan,Pria,1974,SBY,Jawa Timur,2024-05-25,Silver
C22642,Wahyu Setiawan,Wanita,1978,Denpasar,Bali,2024-06-23,Basic
C22643,Agus Utami,Wanita,1988,Bogor,Jawa Barat,2023-02-27,Gold
C22644,Rizky Hidayat,Pria,1970,Bogor,Jawa Barat,2022-04-29,Basic
C22645,Lestari Ramadhan,,1979,Jakarta Selatan,DKI Jakarta,2024-07-17,Basic
C22646,Citra Firmansyah,Wanita,1975,Surabaya ,Jawa Timur,2023-06-09,Gold
C22647,Galih Setiawan,Wanita,1992,Bandung,Jawa Barat,2023-06-20,Basic
C22648,Yoga Santoso,Wanita,1996,Jakarta Selatan,DKI Jakarta,2023-01-01,Basic
C22649,Sari Rahayu,Wanita,1999,Jakarta Selatan,DKI Jakarta,2024-03-21,Basic
C22650,Putri Hidayat,Wanita,1999,Tangerang Selatan,Banten,2022-10-04,Basic
C22651,Anisa Ramadhan,Pria,1983,Surabaya,Jawa Timur,2022-12-02,
C22652,Ayu Setiawan,Wanita,1991,Bandung,Jawa Barat,2023-12-12,Silver
C22653,Andi Permana,Pria,1996,Depok,Jawa Barat,2023-10-04,Basic
C22654,Rani Utami,Pria,1977,yogyakarta,DI Yogyakarta,2022-09-02,Basic
C22655,Rizky Halim,Wanita,1999,Jakarta Barat,DKI Jakarta,2022-10-02,Basic
C22656,Dewi Wijaya,Wanita,1984,TANGSEL,Banten,2022-07-15,Basic
C22657,Lestari Ramadhan,Wanita,1997,Makassar,Sulawesi Selatan,2022-06-09,Basic
C22658,Fitri Hidayat,Pria,1981,Balikpapan,Kalimantan Timur,2023-07-20,Basic
C22659,Bayu Halim,Wanita,2000,Tangerang,Banten,2023-11-07,Basic
C22660,Arif Kusuma,Wanita,1990,Makassar,Sulawesi Selatan,2023-02-24,Basic
C22661,Sari Setiawan,Wanita,1973,Jakarta Barat,DKI Jakarta,2023-02-06,Gold
C22662,Citra Halim,Wanita,1979,Semarang,Jawa Tengah,2023-01-26,Basic
C22663,Putri Anggraini,Wanita,1975,Palembang,Sumatera Selatan,2022-04-07,Basic
C22664,Citra Pratama,Wanita,1988,Tangerang,Banten,2022-05-30,Basic
C22665,Sari Anggraini,Pria,1982,Malang,Jawa Timur,2022-09-21,Gold
C22666,Ayu Wijaya,Pria,1985,Jakarta Barat,DKI Jakarta,2022-02-03,Basic
C22667,Iqbal Rahayu,Pria,1989,Jakbar,DKI Jakarta,2022-11-29,Silver
C22668,Rani Wijaya,Pria,1994,Jakarta Selatan,DKI Jakarta,2022-08-06,Basic
C22669,Sari Ramadhan,Pria,1995,Makassar,Sulawesi Selatan,2023-07-19,Basic
C22670,Nurul Ramadhan,Pria,1972,Jakarta Barat,DKI Jakarta,2024-04-27,Basic
C22671,Andi Rahayu,Wanita,2000,Bogor,Jawa Barat,2023-10-27,Silver
C22672,Maya Firmansyah,Pria,1999,Denpasar,Bali,2024-05-06,Gold
C22673,Reza Ramadhan,Wanita,1975,Medan,Sumatera Utara,2023-09-30,Basic
C22674,Maya Setiawan,Wanita,1983,Denpasar,Bali,2022-12-26,Silver
C22675,Rani Firmansyah,Wanita,1971,Yogyakarta,DI Yogyakarta,2022-01-08,Silver
C22676,Rani Utami,Pria,1995,Makassar,Sulawesi Selatan,2024-02-18,Basic
C22677,Bayu Saputra,Wanita,1976,Medan,Sumatera Utara,2022-03-14,Basic
C22678,Lestari Nugroho,Wanita,1985,Jakarta Barat,DKI Jakarta,2024-02-05,Basic
C22679,Hendra Rahayu,Pria,1977,Tangerang,Banten,2023-07-15,Basic
C22680,Nadia Hidayat,Pria,1994,Bekasi,Jawa Barat,2022-12-31,Basic
C22681,Andi Saputra,Wanita,1976,Medan,Sumatera Utara,2023-09-17,Basic
C22682,Rani Anggraini,Wanita,1982,Bekasi,Jawa Barat,2022-01-08,Basic
C22683,Reza Halim,Wanita,1999,Balikpapan,Kalimantan Timur,2024-07-14,Basic
C22684,Ayu Halim,Pria,1970,Jakarta Barat,DKI Jakarta,2023-11-30,Silver
C22685,Dewi Hidayat,Pria,2000,Makassar,Sulawesi Selatan,2022-02-25,Basic
C22686,Galih Santoso,Pria,1978,Bandung,Jawa Barat,2022-08-24,Basic
C22687,Sari Santoso,Pria,1981,Depok,Jawa Barat,2022-05-16,Basic
C22688,Intan Firmansyah,Wanita,1981,Jakarta Barat,DKI Jakarta,2022-02-21,Basic
C22689,Nurul Hidayat,Wanita,1990,Depok,Jawa Barat,2022-07-20,Basic
C22690,Hendra Santoso,Pria,1991,Bogor,Jawa Barat,2022-08-23,Basic
C22691,Iqbal Permana,Pria,1990,Jakarta Selatan,DKI Jakarta,2023-07-26,Gold
C22692,Maya Nugroho,Pria,2001,Surabaya,Jawa Timur,2024-06-26,Basic
C22693,Lestari Rahayu,Wanita,1973,Jakarta Selatan,DKI Jakarta,2023-02-25,
C22694,Sari Setiawan,Pria,1984,jakarta barat,DKI Jakarta,2022-02-28,Basic
C22695,Yoga Saputra,Pria,1995,Bekasi,Jawa Barat,2023-06-10,Basic
C22696,Lestari Firmansyah,Pria,1998,Jakarta Selatan,DKI Jakarta,2024-05-09,Basic
C22697,Agus Permana,Pria,1981,Tangerang,Banten,2024-04-08,
C22698,Budi Halim,Pria,1989,Depok,Jawa Barat,2024-02-27,Silver
C22699,Andi Ramadhan,Wanita,1998, Bandung,Jawa Barat,2024-05-07,Basic
C22700,Nurul Ramadhan,Pria,1979,Bogor,Jawa Barat,2023-09-21,Silver
C22701,Dewi Wijaya,,1975,Palembang,Sumatera Selatan,2023-12-18,Basic
C22702,Andi Halim,Wanita,1971,Makassar,Sulawesi Selatan,2022-06-26,Basic
C22703,Wahyu Hidayat,Wanita,1977,Jakarta Barat,DKI Jakarta,2022-11-30,Gold
C22704,Iqbal Setiawan,Pria,1984,Denpasar,Bali,2022-07-09,Silver
C22705,Dewi Rahayu,Wanita,1978,Bekasi,Jawa Barat,2023-06-09,Basic
C22706,Bayu Santoso,Pria,1976,Depok,Jawa Barat,2022-06-01,Gold
C22707,Yoga Ramadhan,Pria,1975,Tangerang Selatan,Banten,2024-06-12,Silver
C22708,Vina Setiawan,Wanita,2003,Makassar,Sulawesi Selatan,2022-05-06,Basic
C22709,Intan Setiawan,Wanita,1987,Palembang,Sumatera Selatan,2022-04-09,Basic
C22710,Galih Kusuma,Pria,1983,Bandung,Jawa Barat,2023-03-05,Silver
C22711,Citra Hidayat,Pria,1986,Tangerang Selatan,Banten,2023-10-05,Silver
C22712,Reza Kusuma,Wanita,1993,Makassar,Sulawesi Selatan,2023-10-12,
C22713,Siti Firmansyah,Pria,1979,Balikpapan,Kalimantan Timur,2024-06-07,Silver
C22714,Ayu Halim,Pria,1974,Semarang,Jawa Tengah,2024-01-21,Basic
C22715,Dewi Nugroho,Wanita,1981,TANGSEL,Banten,2023-07-12,Basic
C22716,Citra Anggraini,Wanita,1975,Surabaya,Jawa Timur,2022-05-21,Silver
C22717,Wahyu Wijaya,Wanita,1987,Makassar,Sulawesi Selatan,2022-02-04,Basic
C22718,Fitri Setiawan,Pria,1981,Denpasar,Bali,2022-10-31,Silver
C22719,Bayu Halim,Wanita,1984,Jakarta selatan,DKI Jakarta,2024-02-23,Silver
C22720,Budi Utami,Wanita,1997,Denpasar,Bali,2022-12-08,Basic
C22721,Putri Saputra,Pria,1996,Yogyakarta,DI Yogyakarta,2023-04-14,Silver
C22722,Galih Saputra,Pria,1985,Malang,Jawa Timur,2022-10-14,Basic
C22723,Sari Setiawan,Pria,2002,Medan,Sumatera Utara,2024-04-05,Silver
C22724,Yoga Utami,Pria,1995,Denpasar,Bali,2022-09-22,Basic
C22725,Agus Setiawan,Pria,1973,Semarang,Jawa Tengah,2022-05-22,Basic
C22726,Rizky Firmansyah,Pria,1986,Depok,Jawa Barat,2023-06-17,Basic
C22727,Fitri Kusuma,Pria,1980,Malang,Jawa Timur,2022-10-10,Basic
C22728,Wahyu Hidayat,Wanita,1971,jakarta barat,DKI Jakarta,2024-02-03,Silver
C22729,Galih Firmansyah,Pria,1984,Tangerang,Banten,2022-12-27,Basic
C22730,Dewi Hidayat,Wanita,1996,BANDUNG,Jawa Barat,2023-01-10,Basic
C22731,Hendra Firmansyah,Pria,1990,Jakarta Selatan,DKI Jakarta,2022-01-23,Basic
C22732,Rizky Pratama,Wanita,1991,Surabaya,Jawa Timur,2023-01-13,Basic
C22733,Fitri Saputra,Pria,1995,Jakarta Selatan,DKI Jakarta,2023-05-05,Basic
C22734,Yoga Setiawan,Pria,1990,Denpasar,Bali,2024-09-18,Silver
C22735,Galih Saputra,Pria,1983,Bandung,Jawa Barat,2023-07-26,Gold
C22736,Sari Kusuma,Pria,2002,Jaksel,DKI Jakarta,2022-05-12,Basic
C22737,Dewi Saputra,Pria,1992,Bogor,Jawa Barat,2023-09-03,Basic
C22738,Dewi Pratama,Wanita,1981,Bekasi,Jawa Barat,2024-06-20,Basic
C22739,Andi Kusuma,Wanita,1991,Jakarta Selatan,DKI Jakarta,2022-11-22,Basic
C22740,Hendra Setiawan,Pria,2000,Jakarta Barat,DKI Jakarta,2023-04-12,Basic
C22741,Agus Halim,Pria,1972,Bogor,Jawa Barat,2022-06-08,Basic
C22742,Galih Firmansyah,Pria,1970,SBY,Jawa Timur,2023-08-16,Silver
C22743,Putri Santoso,Wanita,1973,Bekasi,Jawa Barat,2022-03-13,Basic
C22744,Dimas Utami,Wanita,1983,Surabaya ,Jawa Timur,2023-06-25,Silver
C22745,Rizky Pratama,Pria,1975,Jakarta Selatan,DKI Jakarta,2022-11-04,Gold
C22746,Agus Halim,Pria,1979,Jakarta Barat,DKI Jakarta,2024-02-25,
C22747,Fajar Halim,Pria,1975,Bogor,Jawa Barat,2023-02-22,Basic
C22748,Nurul Ramadhan,Wanita,1994,Denpasar,Bali,2022-05-12,Basic
C22749,Sari Setiawan,Pria,1973,Jakarta Barat,DKI Jakarta,2023-11-07,Basic
C22750,Nurul Santoso,Pria,1974,Jakarta Barat,DKI Jakarta,2022-06-10,Basic
C22751,Rizky Permana,Pria,1986,Malang,Jawa Timur,2024-06-24,Basic
C22752,Intan Setiawan,Wanita,1971,Tangerang Selatan,Banten,2024-09-09,Silver
C22753,Iqbal Permana,Pria,1976,TANGSEL,Banten,2024-05-21,Silver
C22754,Iqbal Hidayat,Wanita,1977,Jakarta Barat,DKI Jakarta,2024-01-31,Basic
C22755,Citra Nugroho,Pria,1995,Palembang,Sumatera Selatan,2024-05-04,Gold
C22756,Nurul Santoso,Pria,1984,Jakarta Barat,DKI Jakarta,2023-03-26,Basic
C22757,Rani Ramadhan,Pria,1990,Malang,Jawa Timur,2023-07-07,Silver
C22758,Iqbal Wijaya,Wanita,2002,Medan,Sumatera Utara,2023-10-11,Basic
C22759,Intan Nugroho,,2001,Medan,Sumatera Utara,2023-12-13,Basic
C22760,Hendra Halim,Pria,1979,Jakarta Selatan,DKI Jakarta,2024-03-09,Silver
C22761,Sari Ramadhan,Pria,1992,Yogyakarta,DI Yogyakarta,2023-02-28,Gold
C22762,Wahyu Setiawan,,1983,jakarta selatan,DKI Jakarta,2022-09-14,Silver
C22763,Hendra Ramadhan,Wanita,1996, Bandung,Jawa Barat,2024-09-16,Silver
C22764,Vina Kusuma,Wanita,1991,Depok,Jawa Barat,2024-05-22,Basic
C22765,Dewi Firmansyah,Pria,1974,Bekasi,Jawa Barat,2023-10-12,Basic
C22766,Wahyu Ramadhan,Wanita,1972,Surabaya,Jawa Timur,2024-09-19,Basic
C22767,Arif Santoso,Pria,1984,Tangerang Selatan,Banten,2023-05-01,Basic
C22768,Hendra Pratama,Wanita,1983,Bandung,Jawa Barat,2024-04-06,Silver
C22769,Dimas Firmansyah,Pria,1979,Bekasi,Jawa Barat,2024-06-16,Basic
C22770,Nadia Permana,Pria,1987,SBY,Jawa Timur,2023-04-04,Basic
C22771,Wahyu Saputra,Pria,1993,Jakarta Selatan,DKI Jakarta,2024-03-17,Basic
C22772,Reza Santoso,Wanita,1987,jakarta selatan,DKI Jakarta,2023-07-23,Silver
C22773,Fitri Nugroho,Wanita,1988,JAKARTA BARAT,DKI Jakarta,2023-09-03,Silver
C22774,Maya Santoso,Pria,1985,Bogor,Jawa Barat,2023-04-22,Basic
C22775,Fitri Wijaya,Pria,1996,Malang,Jawa Timur,2022-09-20,
C22776,Rani Permana,Pria,1997,Denpasar,Bali,2023-03-05,
C22777,Hendra Anggraini,Wanita,1997,Surabaya,Jawa Timur,2022-08-01,Basic
C22778,Citra Ramadhan,Wanita,1997,Bandung,Jawa Barat,2023-09-18,Basic
C22779,Teguh Halim,Pria,2003,Jakarta Barat,DKI Jakarta,2024-02-04,Basic
C22780,Nadia Rahayu,Wanita,1998,Bekasi,Jawa Barat,2024-05-26,Basic
C22781,Nurul Firmansyah,Pria,2002,Surabaya,Jawa Timur,2024-07-03,Silver
C22782,Citra Rahayu,Pria,1992,Bekasi,Jawa Barat,2022-04-08,
C22783,Bayu Nugroho,Wanita,1981,Tangerang Selatan,Banten,2024-02-18,Gold
C22784,Fajar Rahayu,Pria,1991,yogyakarta,DI Yogyakarta,2023-08-19,Basic
C22785,Ayu Pratama,Pria,1997,Semarang,Jawa Tengah,2024-06-17,Gold
C22786,Agus Rahayu,Wanita,1989,Tangerang,Banten,2022-12-30,Basic
C22787,Fajar Utami,Pria,2002,Balikpapan,Kalimantan Timur,2023-05-15,Basic
C22788,Iqbal Anggraini,Wanita,2003,Tangerang Selatan,Banten,2023-03-04,Basic
C22789,Lestari Wijaya,Wanita,2000,Tangerang,Banten,2022-03-21,Silver
C22790,Sari Santoso,,1976,Malang,Jawa Timur,2022-03-07,Basic
C22791,Fitri Rahayu,Wanita,1975,Bogor,Jawa Barat,2022-07-25,Silver
C22792,Yoga Anggraini,Wanita,1982,Tangerang,Banten,2023-03-30,Basic
C22793,Budi Anggraini,Wanita,1994,Jakarta Barat,DKI Jakarta,2024-04-05,Silver
C22794,Intan Firmansyah,Wanita,1977,Bogor,Jawa Barat,2022-01-14,Silver
C22795,Vina Pratama,Wanita,1975,Tangerang Selatan,Banten,2022-10-24,Silver
C22796,Yoga Kusuma,Wanita,1980,Makassar,Sulawesi Selatan,2022-11-02,Silver
C22797,Dimas Santoso,Pria,1979,Surabaya,Jawa Timur,2022-06-19,Basic
C22798,Citra Hidayat,,2002,Bekasi,Jawa Barat,2022-05-02,Basic
C22799,Putri Permana,Wanita,1993,Surabaya,Jawa Timur,2024-02-12,Basic
C22800,Bayu Utami,,1986,Bogor,Jawa Barat,2022-03-22,Silver
C22801,Vina Santoso,Pria,1985,Bandung,Jawa Barat,2022-11-04,Basic
C22802,Anisa Utami,,1999,Bekasi,Jawa Barat,2022-12-28,Basic
C22803,Ayu Wijaya,Pria,1982,Makassar,Sulawesi Selatan,2024-09-03,Silver
C22804,Nurul Utami,Wanita,1988,Bandung,Jawa Barat,2024-03-03,Basic
C22805,Putri Firmansyah,Pria,1991,Bekasi,Jawa Barat,2022-12-13,Silver
C22806,Ayu Permana,Pria,1999,Surabaya,Jawa Timur,2023-12-14,Basic
C22807,Hendra Pratama,Pria,1991,Jakbar,DKI Jakarta,2024-02-04,
C22808,Dimas Pratama,Wanita,1982,Jakbar,DKI Jakarta,2024-03-04,Basic
C22809,Sari Kusuma,Wanita,1979,Makassar,Sulawesi Selatan,2023-08-02,Basic
C22810,Fajar Wijaya,,1981,Jakarta Barat,DKI Jakarta,2022-03-19,Basic
C22811,Iqbal Saputra,Pria,1982,Tangerang,Banten,2023-01-23,Basic
C22812,Rani Saputra,Wanita,1974,Makassar,Sulawesi Selatan,2023-02-10,Gold
C22813,Rani Anggraini,Wanita,1979,Bekasi,Jawa Barat,2023-03-20,Silver
C22814,Fitri Halim,Wanita,1981,Jakarta Selatan,DKI Jakarta,2023-01-03,Basic
C22815,Hendra Hidayat,Pria,1985,Bogor,Jawa Barat,2022-06-20,Basic
C22816,Agus Halim,Pria,1977,Jakarta Timur,DKI Jakarta,2022-07-10,Silver
C22817,Nurul Hidayat,Pria,1971,Malang,Jawa Timur,2024-05-28,Basic
C22818,Fitri Anggraini,Wanita,1997,Jaktim,DKI Jakarta,2024-04-16,Gold
C22819,Dimas Permana,Pria,1993,jakarta selatan,DKI Jakarta,2024-03-14,Basic
C22820,Wahyu Nugroho,Pria,1977,Medan,Sumatera Utara,2022-04-13,Basic
C22821,Maya Permana,Pria,1976,Medan,Sumatera Utara,2024-09-05,Silver
C22822,Intan Firmansyah,Wanita,1979,Medan,Sumatera Utara,2023-07-26,Basic
C22823,Intan Nugroho,Wanita,1970,Jakarta Selatan,DKI Jakarta,2022-01-31,
C22824,Bayu Pratama,Wanita,1986,Bekasi,Jawa Barat,2024-02-29,Basic
C22825,Reza Wijaya,Wanita,1993, Bandung,Jawa Barat,2022-07-07,Basic
C22826,Vina Ramadhan,Wanita,1990,Surabaya,Jawa Timur,2024-07-18,Basic
C22827,Budi Rahayu,Pria,1973,Bekasi,Jawa Barat,2023-12-24,
C22828,Nadia Saputra,Wanita,1984,Tangsel,Banten,2023-01-11,Silver
C22829,Vina Pratama,Wanita,1978, Bandung,Jawa Barat,2022-09-05,
C22830,Yoga Rahayu,Pria,1991,Bekasi,Jawa Barat,2024-04-01,Basic
C22831,Sari Ramadhan,Pria,1979,Depok,Jawa Barat,2024-02-06,Gold
C22832,Iqbal Anggraini,Pria,2001,Jakarta Timur,DKI Jakarta,2023-11-27,Basic
C22833,Agus Kusuma,Wanita,2003,Medan,Sumatera Utara,2023-01-16,Basic
C22834,Hendra Halim,,1975,Semarang,Jawa Tengah,2023-03-25,Basic
C22835,Dewi Firmansyah,Pria,1980,Jakarta Selatan,DKI Jakarta,2024-05-25,Gold
C22836,Rani Permana,Pria,1979,Jakarta Selatan,DKI Jakarta,2022-04-30,Gold
C22837,Dimas Hidayat,,1992,Bogor,Jawa Barat,2022-01-09,Basic
C22838,Dewi Kusuma,Pria,1995,Surabaya,Jawa Timur,2024-08-02,Basic
C22839,Budi Utami,Wanita,1986,Jakarta Barat,DKI Jakarta,2022-08-25,Basic
C22840,Andi Saputra,Wanita,1983,Jakarta Barat,DKI Jakarta,2024-03-28,Silver
C22841,Fitri Nugroho,Wanita,1994,Jakarta Timur,DKI Jakarta,2024-03-01,Basic
C22842,Anisa Firmansyah,Wanita,1972,Denpasar,Bali,2024-03-07,Gold
C22843,Ayu Saputra,Pria,1986,Bandung,Jawa Barat,2022-11-26,Basic
C22844,Teguh Saputra,Pria,2002,Semarang,Jawa Tengah,2024-09-02,Basic
C22845,Anisa Kusuma,Pria,1983,Jakarta Selatan,DKI Jakarta,2023-11-23,Basic
C22846,Sari Utami,Pria,1994,Surabaya,Jawa Timur,2023-01-27,Basic
C22847,Sari Halim,Wanita,1974,Bekasi,Jawa Barat,2024-07-23,Silver
C22848,Lestari Rahayu,Pria,1971,Makassar,Sulawesi Selatan,2023-03-12,Silver
C22849,Citra Rahayu,,1976,Jakarta Timur,DKI Jakarta,2023-11-13,Basic
C22850,Reza Permana,Wanita,1998,Makassar,Sulawesi Selatan,2023-09-06,Basic
C22851,Rizky Permana,Wanita,1985,Jaksel,DKI Jakarta,2024-02-10,Basic
C22852,Siti Utami,Pria,1998,Tangerang,Banten,2024-02-29,Basic
C22853,Fajar Saputra,Wanita,1980,Depok,Jawa Barat,2022-07-06,Gold
C22854,Andi Pratama,Pria,1983,Bekasi,Jawa Barat,2022-03-02,
C22855,Arif Setiawan,Pria,1993,Makassar,Sulawesi Selatan,2022-12-22,Basic
C22856,Agus Permana,Wanita,1971,Tangerang,Banten,2024-03-10,Basic
C22857,Hendra Rahayu,,1993,Bandung,Jawa Barat,2023-04-13,Gold
C22858,Teguh Nugroho,Pria,1970,Makassar,Sulawesi Selatan,2022-09-20,Basic
C22859,Intan Kusuma,Pria,1988,Malang,Jawa Timur,2022-07-09,Silver
C22860,Bayu Utami,Wanita,1999,Semarang,Jawa Tengah,2022-07-19,Silver
C22861,Andi Pratama,Pria,1984,Tangerang Selatan,Banten,2022-05-20,Basic
C22862,Arif Firmansyah,Wanita,1975,Jakbar,DKI Jakarta,2023-04-08,Basic
C22863,Nurul Firmansyah,Pria,1992,Surabaya,Jawa Timur,2022-12-02,Basic
C22864,Dimas Pratama,Pria,1976,Bandung,Jawa Barat,2023-01-14,Basic
C22865,Anisa Ramadhan,Wanita,1973,Jaksel,DKI Jakarta,2024-07-02,Basic
C22866,Agus Wijaya,Wanita,1996,Tangerang Selatan,Banten,2024-04-22,Basic
C22867,Reza Utami,Pria,1982,Depok,Jawa Barat,2023-05-19,Basic
C22868,Ayu Firmansyah,Wanita,1971,Malang,Jawa Timur,2024-01-31,Basic
C22869,Fajar Wijaya,Wanita,1998,Bogor,Jawa Barat,2022-12-16,
C22870,Reza Hidayat,Pria,1986,Makassar,Sulawesi Selatan,2022-12-31,Basic
C22871,Iqbal Santoso,Pria,1984,Medan,Sumatera Utara,2022-07-13,Basic
C22872,Lestari Hidayat,Wanita,1992,Tangerang,Banten,2023-04-10,Basic
C22873,Iqbal Nugroho,Wanita,1986,SBY,Jawa Timur,2024-06-15,Basic
C22874,Dimas Halim,Wanita,1974,Tangerang Selatan,Banten,2022-04-08,
C22875,Teguh Pratama,Wanita,1983,Surabaya,Jawa Timur,2023-04-13,Basic
C22876,Vina Pratama,Pria,1998,Jakarta Barat,DKI Jakarta,2023-05-07,
C22877,Fitri Santoso,Wanita,2001,Bekasi,Jawa Barat,2024-06-16,Basic
C22878,Wahyu Pratama,Wanita,1998,Medan,Sumatera Utara,2022-01-18,Basic
C22879,Siti Utami,Wanita,1999,Medan,Sumatera Utara,2023-10-05,Silver
C22880,Reza Kusuma,Wanita,2000,Jakarta Barat,DKI Jakarta,2023-09-09,Basic
C22881,Agus Nugroho,Pria,1979,Makassar,Sulawesi Selatan,2022-05-19,Basic
C22882,Fajar Utami,Wanita,1983,Medan,Sumatera Utara,2023-08-26,Basic
C22883,Sari Kusuma,Pria,2003,Tangerang Selatan,Banten,2023-10-03,Silver
C22884,Arif Ramadhan,Pria,1980,TANGSEL,Banten,2022-07-31,Silver
C22885,Hendra Ramadhan,Wanita,1985,Bandung,Jawa Barat,2023-09-15,Silver
C22886,Bayu Santoso,Wanita,1996,Jakarta Selatan,DKI Jakarta,2022-05-11,Basic
C22887,Ayu Rahayu,Wanita,1997,Semarang,Jawa Tengah,2022-11-29,Basic
C22888,Teguh Setiawan,Wanita,1981,Jakarta Selatan,DKI Jakarta,2024-09-23,Silver
C22889,Vina Setiawan,Wanita,1970,Semarang,Jawa Tengah,2024-04-13,Silver
C22890,Nadia Rahayu,Wanita,1984,Tangerang,Banten,2022-08-16,Basic
C22891,Andi Anggraini,Wanita,1988,JAKARTA SELATAN,DKI Jakarta,2022-08-31,Silver
C22892,Putri Utami,Wanita,1982,Tangerang Selatan,Banten,2023-07-24,Basic
C22893,Andi Wijaya,Wanita,1982,Jakarta Selatan,DKI Jakarta,2022-12-22,Silver
C22894,Lestari Anggraini,Wanita,2000,BANDUNG,Jawa Barat,2024-06-04,Basic
C22895,Nurul Kusuma,Pria,1999,Palembang,Sumatera Selatan,2023-01-30,Basic
C22896,Budi Hidayat,Wanita,1973,Depok,Jawa Barat,2023-04-13,Gold
C22897,Bayu Firmansyah,Pria,1980,Denpasar,Bali,2024-07-01,Basic
C22898,Agus Utami,Pria,1989,Makassar,Sulawesi Selatan,2024-05-17,Basic
C22899,Hendra Santoso,Wanita,1998,Malang,Jawa Timur,2022-04-29,Basic
C22900,Nurul Nugroho,,1973,surabaya,Jawa Timur,2024-08-28,Basic
C22901,Nadia Firmansyah,Pria,1985,Bekasi,Jawa Barat,2022-01-22,Basic
C22902,Wahyu Permana,Wanita,1986,Tangerang,Banten,2024-04-25,Basic
C22903,Vina Saputra,Pria,2001,Surabaya,Jawa Timur,2024-04-28,Basic
C22904,Anisa Ramadhan,Wanita,1992,Bandung,Jawa Barat,2022-01-09,Basic
C22905,Sari Kusuma,Wanita,1993,Depok,Jawa Barat,2023-05-12,Basic
C22906,Bayu Utami,Wanita,1975,Tangerang,Banten,2024-03-29,Basic
C22907,Wahyu Pratama,Wanita,1983,Bekasi,Jawa Barat,2024-06-21,Basic
C22908,Arif Setiawan,Pria,1997,Bandung,Jawa Barat,2024-05-16,Basic
C22909,Rizky Permana,Wanita,1995,Jakarta Selatan,DKI Jakarta,2024-05-22,Silver
C22910,Teguh Anggraini,,2003,Jakarta Timur,DKI Jakarta,2022-04-12,Basic
C22911,Galih Permana,Wanita,1976,Denpasar,Bali,2023-01-23,Silver
C22912,Intan Kusuma,Pria,1992,Bekasi,Jawa Barat,2022-12-22,Basic
C22913,Rani Firmansyah,Wanita,1976,Bogor,Jawa Barat,2023-09-25,Basic
C22914,Sari Hidayat,Wanita,1995,Medan,Sumatera Utara,2022-07-02,Silver
C22915,Budi Kusuma,Pria,1971, Bandung,Jawa Barat,2022-03-05,Basic
C22916,Wahyu Wijaya,Wanita,1970,Tangerang,Banten,2022-11-06,Basic
C22917,Wahyu Hidayat,Wanita,2000,Palembang,Sumatera Selatan,2022-04-12,
C22918,Dewi Permana,Pria,2002,Bandung,Jawa Barat,2023-03-31,Silver
C22919,Ayu Hidayat,,1996,Jakarta Selatan,DKI Jakarta,2022-12-04,Basic
C22920,Hendra Saputra,Pria,1975,Jakarta Barat,DKI Jakarta,2023-03-06,Silver
C22921,Lestari Hidayat,Wanita,1989,Tangerang Selatan,Banten,2023-09-07,Silver
C22922,Yoga Pratama,Wanita,1999,Balikpapan,Kalimantan Timur,2023-04-18,Basic
C22923,Wahyu Firmansyah,Wanita,1972,Bogor,Jawa Barat,2022-08-12,Silver
C22924,Dewi Utami,Pria,1986, Bandung,Jawa Barat,2022-11-26,Basic
C22925,Budi Ramadhan,Wanita,1981,Jakarta Selatan,DKI Jakarta,2023-10-15,Basic
C22926,Fitri Hidayat,Wanita,1980,Medan,Sumatera Utara,2022-04-24,Silver
C22927,Wahyu Halim,Pria,1985,Jakarta Timur,DKI Jakarta,2024-04-16,Basic
C22928,Arif Setiawan,Pria,1971,SBY,Jawa Timur,2022-01-23,Silver
C22929,Anisa Permana,Pria,1972,JAKARTA SELATAN,DKI Jakarta,2024-08-25,Basic
C22930,Maya Ramadhan,Wanita,1981,Depok,Jawa Barat,2022-12-04,Silver
C22931,Rizky Permana,Wanita,1981,Semarang,Jawa Tengah,2022-04-11,Basic
C22932,Agus Kusuma,Wanita,1974,Surabaya,Jawa Timur,2024-06-15,Silver
C22933,Anisa Rahayu,Pria,1974,Bekasi,Jawa Barat,2023-10-26,Basic
C22934,Iqbal Ramadhan,Pria,1982,Jakarta Timur,DKI Jakarta,2023-09-06,
C22935,Galih Saputra,Pria,2002,Semarang,Jawa Tengah,2022-03-30,Basic
C22936,Sari Nugroho,Wanita,1996,bandung,Jawa Barat,2024-04-08,Basic
C22937,Nurul Setiawan,Wanita,1978,Tangerang Selatan,Banten,2022-09-16,Basic
C22938,Maya Pratama,Pria,1975,Bekasi,Jawa Barat,2024-09-23,Silver
C22939,Intan Firmansyah,Pria,1987,Tangerang,Banten,2023-01-14,Basic
C22940,Teguh Nugroho,Pria,1978,JAKARTA SELATAN,DKI Jakarta,2023-08-23,Basic
C22941,Galih Permana,Wanita,1980,Palembang,Sumatera Selatan,2024-06-12,Basic
C22942,Bayu Permana,Wanita,1976,Jakarta Selatan,DKI Jakarta,2023-08-21,Basic
C22943,Anisa Rahayu,Wanita,1989,Balikpapan,Kalimantan Timur,2023-03-23,Basic
C22944,Dimas Kusuma,Wanita,2000,Semarang,Jawa Tengah,2023-12-30,Basic
C22945,Arif Wijaya,Pria,1974,Bandung,Jawa Barat,2022-12-01,Basic
C22946,Sari Halim,Pria,1993,Surabaya,Jawa Timur,2022-05-24,Basic
C22947,Fajar Setiawan,Pria,1975,Tangerang Selatan,Banten,2022-11-16,Silver
C22948,Nurul Setiawan,Pria,1998,Tangerang Selatan,Banten,2024-05-04,Silver
C22949,Dimas Nugroho,Pria,1978,Surabaya,Jawa Timur,2023-06-27,Basic
C22950,Hendra Ramadhan,Wanita,1994,Tangerang Selatan,Banten,2022-10-13,Basic
C22951,Putri Pratama,Pria,1972,Tangerang,Banten,2023-01-03,Silver
C22952,Fitri Firmansyah,Wanita,1975,Jakarta selatan,DKI Jakarta,2024-01-06,Silver
C22953,Nurul Utami,Pria,1972,Jakarta Barat,DKI Jakarta,2024-03-26,Gold
C22954,Nadia Pratama,Pria,1989,Jakarta Barat,DKI Jakarta,2024-09-14,Basic
C22955,Sari Setiawan,Pria,2003,Surabaya,Jawa Timur,2024-08-20,Silver
C22956,Nadia Permana,Wanita,1998,Bandung,Jawa Barat,2022-04-18,Gold
C22957,Dewi Setiawan,Pria,1971,Palembang,Sumatera Selatan,2023-02-23,Basic
C22958,Rizky Wijaya,Wanita,1973,Tangerang Selatan,Banten,2023-10-09,Silver
C22959,Vina Pratama,Pria,1973,Jakarta Barat,DKI Jakarta,2022-04-29,Basic
C22960,Dimas Santoso,Wanita,1971,Jakarta Barat,DKI Jakarta,2023-04-22,Silver
C22961,Rani Wijaya,Pria,1992, Bandung,Jawa Barat,2023-12-08,Basic
C22962,Hendra Nugroho,Pria,1990,Jaktim,DKI Jakarta,2023-01-17,Basic
C22963,Ayu Pratama,Wanita,1983,Semarang,Jawa Tengah,2022-07-14,Gold
C22964,Siti Santoso,Wanita,2003,Jakarta Selatan,DKI Jakarta,2024-09-24,Gold
C22965,Iqbal Saputra,Wanita,2000,Bandung,Jawa Barat,2023-12-23,Basic
C22966,Nurul Wijaya,Wanita,1998,Medan,Sumatera Utara,2022-03-06,Basic
C22967,Hendra Anggraini,Pria,1974,Tangerang Selatan,Banten,2022-02-13,Silver
C22968,Dewi Nugroho,Pria,1988,Tangerang Selatan,Banten,2022-01-23,Basic
C22969,Yoga Halim,,1992,Bogor,Jawa Barat,2022-01-06,Basic
C22970,Nadia Rahayu,Wanita,1970,Jaktim,DKI Jakarta,2024-04-28,Basic
C22971,Vina Hidayat,,1983,Palembang,Sumatera Selatan,2023-01-22,Basic
C22972,Nurul Kusuma,Wanita,1998,Bekasi,Jawa Barat,2022-08-03,Gold
C22973,Putri Anggraini,Pria,1984,Jakarta Selatan,DKI Jakarta,2022-03-14,Basic
C22974,Putri Permana,Pria,1998,Bandung,Jawa Barat,2022-08-18,Basic
C22975,Maya Nugroho,Wanita,1980,Medan,Sumatera Utara,2022-09-09,Basic
C22976,Vina Firmansyah,Pria,1973,Yogyakarta,DI Yogyakarta,2023-09-15,Basic
C22977,Siti Rahayu,Wanita,1980,Jakarta Selatan,DKI Jakarta,2022-12-09,Basic
C22978,Rizky Rahayu,Wanita,1972,Jakarta Timur,DKI Jakarta,2024-01-29,Basic
C22979,Arif Pratama,Wanita,1974,Balikpapan,Kalimantan Timur,2024-07-27,Basic
C22980,Maya Utami,Wanita,1971,Jakarta Selatan,DKI Jakarta,2024-03-24,Gold
C22981,Putri Santoso,Pria,2002,Bandung,Jawa Barat,2023-04-05,Silver
C22982,Intan Anggraini,Wanita,2003,Jakarta Selatan,DKI Jakarta,2022-03-24,Basic
C22983,Lestari Kusuma,Wanita,2003,Bandung,Jawa Barat,2023-09-16,Basic
C22984,Vina Santoso,Wanita,1992,Bogor,Jawa Barat,2022-08-18,Basic
C22985,Bayu Halim,Wanita,1987,Jakarta Selatan,DKI Jakarta,2023-09-23,Silver
C22986,Teguh Wijaya,Pria,1985,Depok,Jawa Barat,2022-12-24,Basic
C22987,Fitri Saputra,Wanita,2001,Jakarta Timur,DKI Jakarta,2023-02-17,Basic
C22988,Arif Anggraini,Wanita,1999,Depok,Jawa Barat,2023-01-22,Silver
C22989,Nadia Ramadhan,Wanita,1989,TANGSEL,Banten,2023-06-21,Basic
C22990,Wahyu Rahayu,Wanita,1990,Denpasar,Bali,2022-04-27,Gold
C22991,Nurul Anggraini,Wanita,1997,Jakarta Barat,DKI Jakarta,2023-09-02,Silver
C22992,Siti Setiawan,Wanita,1988,Jakarta Timur,DKI Jakarta,2023-06-18,Basic
C22993,Yoga Firmansyah,Pria,1971,Malang,Jawa Timur,2022-01-21,Basic
C22994,Putri Permana,Pria,1996,Bekasi,Jawa Barat,2024-03-08,Basic
C22995,Fajar Kusuma,Wanita,1970,Jakarta Barat,DKI Jakarta,2024-07-11,
C22996,Dewi Wijaya,Pria,1975,Jaksel,DKI Jakarta,2022-05-14,Basic
C22997,Putri Permana,Pria,1985,Jakarta Timur,DKI Jakarta,2023-10-05,Basic
C22998,Arif Ramadhan,Wanita,1999,Denpasar,Bali,2022-07-02,Silver
C22999,Ayu Saputra,Wanita,1982,Bandung,Jawa Barat,2023-06-01,Silver
C23000,Andi Utami,Pria,1993,Bekasi,Jawa Barat,2022-04-20,Silver
C23001,Andi Setiawan,Pria,1988,Bogor,Jawa Barat,2024-04-26,Basic
C23002,Rizky Ramadhan,Pria,1976,Bogor,Jawa Barat,2023-03-18,Silver
C23003,Budi Kusuma,Pria,1981,Jakarta Selatan,DKI Jakarta,2023-09-26,Basic
C23004,Agus Anggraini,,1995,Semarang,Jawa Tengah,2022-08-29,Basic
C23005,Dewi Nugroho,Pria,1983,Surabaya,Jawa Timur,2023-07-04,Silver
C23006,Rizky Firmansyah,Pria,1997,Bekasi,Jawa Barat,2023-04-17,Basic
C23007,Galih Kusuma,Wanita,1989,bandung,Jawa Barat,2024-02-06,Silver
C23008,Yoga Hidayat,Pria,1980,Medan,Sumatera Utara,2022-06-10,
C23009,Fajar Permana,Wanita,2001,Jakarta Selatan,DKI Jakarta,2022-11-29,Basic
C23010,Anisa Wijaya,Wanita,2000,Tangerang Selatan,Banten,2022-10-05,Gold
C23011,Rani Nugroho,Wanita,1978,BANDUNG,Jawa Barat,2024-08-27,Silver
C23012,Rani Setiawan,Wanita,1998,Bogor,Jawa Barat,2022-01-17,Silver
C23013,Lestari Pratama,Pria,1970,Bekasi,Jawa Barat,2024-01-24,Gold
C23014,Lestari Hidayat,Wanita,1988,Surabaya,Jawa Timur,2022-06-28,Basic
C23015,Vina Hidayat,Wanita,2003,Semarang,Jawa Tengah,2023-05-31,Silver
C23016,Sari Wijaya,Pria,1992,Jakarta Timur,DKI Jakarta,2023-03-06,Basic
C23017,Maya Santoso,Pria,1973,Bekasi,Jawa Barat,2022-07-31,Basic
C23018,Agus Kusuma,Wanita,1994,Jakarta Selatan,DKI Jakarta,2024-07-07,Basic
C23019,Galih Nugroho,Wanita,1972,JAKARTA SELATAN,DKI Jakarta,2022-02-10,Basic
C23020,Arif Utami,Wanita,1995,Jakarta Selatan,DKI Jakarta,2024-04-19,Gold
C23021,Putri Wijaya,Pria,1995,Malang,Jawa Timur,2022-08-16,Silver
C23022,Galih Setiawan,Pria,1976,Tangerang,Banten,2024-02-18,Silver
C23023,Yoga Pratama,Pria,1997,Jakarta Selatan,DKI Jakarta,2023-11-05,Silver
C23024,Lestari Rahayu,Wanita,1980,Bandung,Jawa Barat,2024-05-12,Silver
C23025,Putri Ramadhan,Pria,2002,Jakarta Barat,DKI Jakarta,2022-11-28,Basic
C23026,Vina Utami,Wanita,1974,Malang,Jawa Timur,2024-09-26,Basic
C23027,Putri Nugroho,Wanita,1980,Jakarta Selatan,DKI Jakarta,2022-04-12,Gold
C23028,Ayu Firmansyah,Wanita,2003,Bogor,Jawa Barat,2023-09-26,Basic
C23029,Andi Permana,Wanita,1976,Jogja,DI Yogyakarta,2023-10-01,Silver
C23030,Siti Firmansyah,Pria,1999,Malang,Jawa Timur,2024-07-08,Basic
C23031,Fajar Ramadhan,Pria,2002,Bandung,Jawa Barat,2022-05-21,Basic
C23032,Iqbal Pratama,Wanita,1985,Medan,Sumatera Utara,2023-01-08,Basic
C23033,Lestari Santoso,Pria,1982,Surabaya,Jawa Timur,2022-12-26,Silver
C23034,Lestari Saputra,Pria,1985,Jakarta Selatan,DKI Jakarta,2022-02-09,Basic
C23035,Hendra Saputra,Wanita,1982,Malang,Jawa Timur,2022-03-28,
C23036,Maya Permana,Pria,1973,Jakarta selatan,DKI Jakarta,2024-08-31,Gold
C23037,Iqbal Hidayat,Wanita,1998,Tangerang,Banten,2024-05-11,Basic
C23038,Dewi Pratama,Pria,1971,Medan,Sumatera Utara,2022-10-03,Basic
C23039,Fitri Halim,Wanita,1981,Malang,Jawa Timur,2023-11-15,Basic
C23040,Teguh Saputra,Wanita,1991,Bekasi,Jawa Barat,2023-08-22,Gold
C23041,Rizky Pratama,Wanita,1975,Bekasi,Jawa Barat,2023-11-20,Basic
C23042,Bayu Rahayu,Wanita,2003,TANGSEL,Banten,2022-04-24,Silver
C23043,Fitri Nugroho,Wanita,1970,tangerang selatan,Banten,2022-02-09,Basic
C23044,Fajar Firmansyah,Pria,1986,Tangerang,Banten,2023-01-27,Basic
C23045,Galih Utami,Wanita,1988,Semarang,Jawa Tengah,2023-03-30,Basic
C23046,Citra Anggraini,Pria,2000,Semarang,Jawa Tengah,2023-11-07,Basic
C23047,Teguh Pratama,Wanita,1981,Jakarta Selatan,DKI Jakarta,2023-04-12,Silver
C23048,Intan Pratama,Pria,1999,Makassar,Sulawesi Selatan,2022-09-26,Basic
C23049,Fajar Halim,Wanita,2000,BANDUNG,Jawa Barat,2023-11-17,Basic
C23050,Arif Halim,Pria,2000,Jakarta Barat,DKI Jakarta,2023-09-06,Silver
C23051,Vina Santoso,Wanita,1986,Palembang,Sumatera Selatan,2024-01-01,Basic
C23052,Nadia Anggraini,Pria,1970,Makassar,Sulawesi Selatan,2024-09-10,Basic
C23053,Teguh Nugroho,Pria,1996,Depok,Jawa Barat,2022-07-07,Basic
C23054,Wahyu Santoso,Pria,2003,Depok,Jawa Barat,2023-03-07,Basic
C23055,Budi Halim,Wanita,1972,Jakbar,DKI Jakarta,2023-02-01,Basic
C23056,Reza Firmansyah,Wanita,1978,Jakarta Selatan,DKI Jakarta,2023-10-21,Silver
C23057,Agus Permana,Wanita,1970,Surabaya,Jawa Timur,2024-04-25,Silver
C23058,Reza Anggraini,Wanita,1997,Medan,Sumatera Utara,2023-09-20,Basic
C23059,Wahyu Kusuma,Pria,1997,Bekasi,Jawa Barat,2022-10-17,Basic
C23060,Anisa Nugroho,Wanita,1999,Jaktim,DKI Jakarta,2023-01-01,Basic
C23061,Yoga Pratama,Wanita,2001,Bekasi,Jawa Barat,2023-08-28,Basic
C23062,Rizky Firmansyah,Pria,1980,Medan,Sumatera Utara,2024-09-11,Silver
C23063,Nurul Permana,Pria,1989,Balikpapan,Kalimantan Timur,2023-09-10,Basic
C23064,Budi Anggraini,Pria,1998,Jakarta Selatan,DKI Jakarta,2023-03-24,Silver
C23065,Wahyu Santoso,Pria,1980,Bandung,Jawa Barat,2022-01-10,Basic
C23066,Fajar Ramadhan,Pria,1985,Semarang,Jawa Tengah,2023-04-02,
C23067,Lestari Pratama,Wanita,1971,Semarang,Jawa Tengah,2022-11-10,Basic
C23068,Andi Kusuma,Wanita,1984,Depok,Jawa Barat,2024-08-15,Basic
C23069,Dewi Rahayu,Wanita,2000,Tangerang,Banten,2024-03-03,Basic
C23070,Sari Firmansyah,Wanita,1974,Jakarta Barat,DKI Jakarta,2023-09-19,Basic
C23071,Budi Rahayu,Wanita,1970,Tangerang,Banten,2022-04-21,Silver
C23072,Galih Santoso,Wanita,2001,Surabaya,Jawa Timur,2022-10-27,Basic
C23073,Teguh Setiawan,Pria,1996,Semarang,Jawa Tengah,2024-08-14,Basic
C23074,Iqbal Wijaya,Wanita,1988,Bandung,Jawa Barat,2022-07-02,Silver
C23075,Wahyu Pratama,Pria,1996,jakarta selatan,DKI Jakarta,2023-09-28,Silver
C23076,Fajar Anggraini,Pria,1983,Surabaya,Jawa Timur,2022-04-02,Basic
C23077,Andi Halim,Wanita,1971,Bandung,Jawa Barat,2023-10-12,Basic
C23078,Dewi Firmansyah,Pria,2002,Tangerang,Banten,2024-05-10,Basic
C23079,Hendra Hidayat,Pria,1989,Jakarta Selatan,DKI Jakarta,2023-12-23,Basic
C23080,Andi Firmansyah,Pria,1977,Jakarta Selatan,DKI Jakarta,2022-11-11,
C23081,Hendra Saputra,Pria,1986,Surabaya,Jawa Timur,2023-12-14,Silver
C23082,Sari Halim,Pria,1981,Surabaya,Jawa Timur,2024-02-15,Basic
C23083,Nurul Hidayat,Pria,1978,Depok,Jawa Barat,2022-04-23,Silver
C23084,Lestari Anggraini,Pria,1971,Medan,Sumatera Utara,2022-01-26,Basic
C23085,Yoga Kusuma,Wanita,1998,bandung,Jawa Barat,2022-10-06,Gold
C23086,Vina Wijaya,Wanita,2000,Depok,Jawa Barat,2022-03-31,Silver
C23087,Budi Wijaya,Wanita,1995,Jakarta Timur,DKI Jakarta,2024-05-11,Gold
C23088,Vina Utami,Wanita,1981,Bogor,Jawa Barat,2022-07-13,Silver
C23089,Galih Nugroho,Wanita,1985,Jakarta Selatan,DKI Jakarta,2023-05-01,Gold
C23090,Budi Anggraini,Pria,1984,Bekasi,Jawa Barat,2023-07-26,Basic
C23091,Andi Pratama,Pria,1974,Malang,Jawa Timur,2022-01-04,Silver
C23092,Reza Anggraini,Pria,1972,Balikpapan,Kalimantan Timur,2022-05-21,Gold
C23093,Anisa Saputra,Pria,1994,Jakarta Selatan,DKI Jakarta,2022-01-07,Basic
C23094,Dimas Utami,Wanita,2000,Jakarta Timur,DKI Jakarta,2024-07-08,Basic
C23095,Reza Utami,Pria,1999,Jakarta Selatan,DKI Jakarta,2022-11-27,Basic
C23096,Ayu Saputra,Wanita,1979,Surabaya,Jawa Timur,2023-11-03,Basic
C23097,Dimas Wijaya,Wanita,1985,Denpasar,Bali,2023-08-21,Basic
C23098,Agus Permana,Wanita,1982,Bogor,Jawa Barat,2022-05-19,Basic
C23099,Iqbal Hidayat,Wanita,1978,Balikpapan,Kalimantan Timur,2022-10-06,Basic
C23100,Intan Permana,Pria,1982,Jakarta Timur,DKI Jakarta,2022-01-24,Silver
C23101,Teguh Saputra,Pria,1995,Bogor,Jawa Barat,2022-08-18,Silver
C23102,Citra Saputra,Pria,2003,Jakarta Timur,DKI Jakarta,2022-04-27,Silver
C23103,Dewi Rahayu,Wanita,1982,Surabaya,Jawa Timur,2022-06-20,Silver
C23104,Arif Rahayu,Wanita,1998,Jakarta Barat,DKI Jakarta,2022-04-28,Basic
C23105,Teguh Anggraini,Pria,1987,Semarang,Jawa Tengah,2023-08-16,Gold
C23106,Siti Saputra,,1987,Jaktim,DKI Jakarta,2022-02-01,Basic
C23107,Vina Ramadhan,Pria,1986,Balikpapan,Kalimantan Timur,2022-07-13,Basic
C23108,Siti Setiawan,,1978,tangerang selatan,Banten,2023-10-03,Basic
C23109,Nadia Anggraini,Pria,1992,Surabaya,Jawa Timur,2023-01-06,Basic
C23110,Iqbal Rahayu,Pria,1970,Malang,Jawa Timur,2022-03-12,Silver
C23111,Citra Anggraini,Wanita,1978,Tangerang Selatan,Banten,2023-03-16,Basic
C23112,Budi Firmansyah,Wanita,1979,Denpasar,Bali,2024-09-24,
C23113,Lestari Kusuma,Pria,1987,Jakarta Timur,DKI Jakarta,2022-04-15,Silver
C23114,Sari Halim,Pria,1994,Tangerang Selatan,Banten,2023-09-28,Basic
C23115,Anisa Hidayat,Pria,1978,Tangerang,Banten,2023-07-03,Silver
C23116,Nurul Ramadhan,Pria,1997,Tangerang Selatan,Banten,2024-04-16,Basic
C23117,Maya Hidayat,,1978,Surabaya,Jawa Timur,2022-11-09,Basic
C23118,Intan Hidayat,Pria,1982,Jakarta Barat,DKI Jakarta,2022-08-01,Basic
C23119,Dewi Pratama,Wanita,1974,Jakarta Timur,DKI Jakarta,2023-07-03,Basic
C23120,Lestari Nugroho,Pria,1985,Balikpapan,Kalimantan Timur,2022-06-11,Basic
C23121,Reza Utami,Pria,1984,Bandung,Jawa Barat,2023-09-17,Basic
C23122,Bayu Halim,Pria,1999,Jakarta Barat,DKI Jakarta,2022-11-06,Gold
C23123,Rani Pratama,Wanita,1995,Surabaya,Jawa Timur,2023-01-25,Basic
C23124,Lestari Permana,Pria,1985,Balikpapan,Kalimantan Timur,2022-05-26,Basic
C23125,Fitri Santoso,Pria,1984,Bogor,Jawa Barat,2023-03-12,Basic
C23126,Fajar Santoso,Wanita,1988,Malang,Jawa Timur,2023-09-12,Basic
C23127,Putri Permana,Wanita,1978,Bogor,Jawa Barat,2024-06-06,Silver
C23128,Dimas Hidayat,Pria,1991,Malang,Jawa Timur,2023-01-14,Silver
C23129,Vina Saputra,Pria,1976,Jakarta Selatan,DKI Jakarta,2023-04-06,Silver
C23130,Siti Nugroho,Pria,1981,Depok,Jawa Barat,2023-11-18,Silver
C23131,Rizky Santoso,Wanita,1996,Semarang,Jawa Tengah,2022-09-09,Basic
C23132,Andi Pratama,Wanita,1998,Jakarta Barat,DKI Jakarta,2023-11-19,Basic
C23133,Budi Wijaya,Pria,1995,Palembang,Sumatera Selatan,2023-08-14,Basic
C23134,Fitri Firmansyah,Pria,1986,Makassar,Sulawesi Selatan,2022-04-13,Gold
C23135,Reza Saputra,Pria,1980,Jakarta Barat,DKI Jakarta,2022-02-16,Silver
C23136,Lestari Firmansyah,Wanita,1972,Jakarta Timur,DKI Jakarta,2022-07-29,Basic
C23137,Nadia Setiawan,Wanita,1989,jakarta selatan,DKI Jakarta,2024-01-02,Basic
C23138,Citra Utami,Pria,1998,Makassar,Sulawesi Selatan,2022-04-08,Basic
C23139,Rani Hidayat,Wanita,1992,Bekasi,Jawa Barat,2023-07-08,Silver
C23140,Rani Santoso,Pria,1983,Depok,Jawa Barat,2024-08-30,Silver
C23141,Wahyu Firmansyah,Wanita,1988,Bekasi,Jawa Barat,2023-06-23,Basic
C23142,Dimas Anggraini,Pria,1997,Medan,Sumatera Utara,2023-10-21,Basic
C23143,Nurul Ramadhan,Wanita,1975,Makassar,Sulawesi Selatan,2023-10-02,Silver
C23144,Nadia Utami,,1971,Malang,Jawa Timur,2022-01-02,Basic
C23145,Galih Santoso,Wanita,1994,Jakbar,DKI Jakarta,2023-05-19,Gold
C23146,Andi Kusuma,Pria,1999,Semarang,Jawa Tengah,2022-12-27,Basic
C23147,Budi Anggraini,Wanita,1979,Tangerang,Banten,2022-02-25,Gold
C23148,Teguh Hidayat,Pria,1987,Tangerang Selatan,Banten,2024-06-21,Basic
C23149,Nadia Ramadhan,Wanita,1981,Malang,Jawa Timur,2022-11-05,Basic
C23150,Hendra Halim,Pria,1973,Malang,Jawa Timur,2023-08-10,Silver
C23151,Iqbal Halim,Wanita,1986,Jakarta Selatan,DKI Jakarta,2024-01-09,Basic
C23152,Citra Saputra,Pria,1973,Depok,Jawa Barat,2022-09-06,Basic
C23153,Agus Anggraini,Pria,2000,Depok,Jawa Barat,2022-01-18,Basic
C23154,Dewi Santoso,Pria,1979,Jakarta Timur,DKI Jakarta,2022-07-01,Basic
C23155,Maya Wijaya,Wanita,1990,DIY,DI Yogyakarta,2024-01-24,Basic
C23156,Vina Santoso,Pria,1980,Jakarta Barat,DKI Jakarta,2024-06-05,Basic
C23157,Dimas Nugroho,Wanita,1970,Surabaya,Jawa Timur,2024-08-23,Silver
C23158,Sari Halim,Pria,1972,Yogyakarta,DI Yogyakarta,2022-12-19,Basic
C23159,Rani Permana,Wanita,1972,Jakarta Timur,DKI Jakarta,2022-12-30,Silver
C23160,Dimas Anggraini,Wanita,1973,Yogyakarta,DI Yogyakarta,2022-02-21,Silver
C23161,Fajar Utami,Wanita,1979,Surabaya,Jawa Timur,2024-07-31,Basic
C23162,Agus Anggraini,Pria,1986,Denpasar,Bali,2024-07-01,Basic
C23163,Ayu Rahayu,Pria,1976,Denpasar,Bali,2024-09-02,Basic
C23164,Maya Permana,Pria,1991,jakarta selatan,DKI Jakarta,2024-05-01,Basic
C23165,Agus Wijaya,Wanita,1972,Bogor,Jawa Barat,2022-06-04,Basic
C23166,Arif Nugroho,Pria,1988,Jakarta Selatan,DKI Jakarta,2024-01-31,Basic
C23167,Dewi Kusuma,Wanita,1977,BANDUNG,Jawa Barat,2022-07-02,Basic
C23168,Sari Rahayu,Pria,1977,Bekasi,Jawa Barat,2022-03-05,
C23169,Rani Saputra,Wanita,1985,Jaksel,DKI Jakarta,2022-08-18,Basic
C23170,Fitri Hidayat,,1999,Jakarta Timur,DKI Jakarta,2023-09-06,Basic
C23171,Dewi Halim,Wanita,1971,Jakarta selatan,DKI Jakarta,2022-12-24,Basic
C23172,Iqbal Rahayu,Wanita,1996,Jakarta Barat,DKI Jakarta,2024-04-11,
C23173,Yoga Utami,Wanita,1992,Bandung,Jawa Barat,2024-09-03,Gold
C23174,Intan Utami,Wanita,1983,Jakarta Barat,DKI Jakarta,2022-04-15,Basic
C23175,Nurul Utami,Wanita,2003,Bekasi,Jawa Barat,2022-03-21,Basic
C23176,Putri Firmansyah,Wanita,1990,Tangerang,Banten,2022-03-04,
C23177,Nurul Halim,Pria,2002,Jakarta Barat,DKI Jakarta,2022-08-08,Basic
C23178,Sari Pratama,Pria,1981,Medan,Sumatera Utara,2024-08-21,Basic
C23179,Citra Saputra,Wanita,1984,Jakarta Timur,DKI Jakarta,2024-06-30,Silver
C23180,Iqbal Santoso,Pria,1974,Jaksel,DKI Jakarta,2024-03-25,
C23181,Reza Saputra,Wanita,1984,Bogor,Jawa Barat,2024-05-20,Basic
C23182,Galih Halim,,2002,Jakarta Barat,DKI Jakarta,2023-07-07,Gold
C23183,Agus Firmansyah,Pria,1982,Jakarta Selatan,DKI Jakarta,2023-07-07,Silver
C23184,Yoga Nugroho,Wanita,1988,Jakbar,DKI Jakarta,2022-06-08,Silver
C23185,Arif Hidayat,Wanita,1989,Bekasi,Jawa Barat,2024-02-21,Silver
C23186,Hendra Firmansyah,Wanita,1992,Yogyakarta,DI Yogyakarta,2023-06-25,Basic
C23187,Bayu Rahayu,Wanita,1987,Tangerang Selatan,Banten,2022-06-24,Basic
C23188,Citra Hidayat,Wanita,1980,Jaksel,DKI Jakarta,2024-08-21,Basic
C23189,Fajar Pratama,Pria,1976,Jakarta Timur,DKI Jakarta,2024-04-20,Basic
C23190,Galih Hidayat,,1993,Jakarta Selatan,DKI Jakarta,2023-08-31,Basic
C23191,Yoga Halim,Pria,1992,Surabaya,Jawa Timur,2023-01-03,
C23192,Yoga Hidayat,Wanita,1991,Surabaya,Jawa Timur,2023-07-25,Basic
C23193,Reza Permana,Wanita,1984,Bogor,Jawa Barat,2022-07-09,Basic
C23194,Fajar Halim,Wanita,2001,Palembang,Sumatera Selatan,2023-03-31,Basic
C23195,Arif Firmansyah,Wanita,1999,Denpasar,Bali,2023-01-20,Silver
C23196,Fajar Setiawan,,1992,Jakarta Barat,DKI Jakarta,2023-04-20,Silver
C23197,Fajar Pratama,Wanita,1986,Makassar,Sulawesi Selatan,2022-08-15,Silver
C23198,Ayu Setiawan,,1980,Tangerang Selatan,Banten,2022-10-31,Gold
C23199,Nurul Halim,Pria,1983,Medan,Sumatera Utara,2022-06-10,Silver
C23200,Dimas Nugroho,Pria,1970,Surabaya,Jawa Timur,2022-04-12,Silver
C23201,Vina Hidayat,Pria,1976,Jakarta Timur,DKI Jakarta,2023-08-31,Basic
C23202,Fitri Firmansyah,Wanita,1973,jakarta timur,DKI Jakarta,2024-08-22,Basic
C23203,Lestari Setiawan,Wanita,1984,Medan,Sumatera Utara,2023-11-01,Basic
C23204,Citra Permana,Wanita,1981,Jogjakarta,DI Yogyakarta,2022-03-01,
C23205,Bayu Nugroho,Pria,1970,Jakarta Selatan,DKI Jakarta,2023-12-08,Silver
C23206,Ayu Anggraini,Pria,1997,Bandung,Jawa Barat,2023-07-22,Silver
C23207,Rizky Setiawan,,1991,Surabaya,Jawa Timur,2023-03-11,Basic
C23208,Maya Permana,Pria,1996,Bogor,Jawa Barat,2024-05-28,Silver
C23209,Hendra Saputra,Pria,1980,Jakarta Timur,DKI Jakarta,2023-01-14,Basic
C23210,Budi Hidayat,Pria,1981,Bogor,Jawa Barat,2023-10-03,Basic
C23211,Fajar Rahayu,Pria,1970,Jakarta Selatan,DKI Jakarta,2024-07-05,Basic
C23212,Anisa Anggraini,,1970,Surabaya,Jawa Timur,2023-08-03,Basic
C23213,Bayu Anggraini,Wanita,1988,Bekasi,Jawa Barat,2023-10-31,Silver
C23214,Rizky Santoso,,1973,Surabaya,Jawa Timur,2024-09-20,Basic
C23215,Vina Saputra,Pria,1972,jakarta selatan,DKI Jakarta,2023-10-26,Basic
C23216,Lestari Wijaya,Wanita,1978,Jakbar,DKI Jakarta,2022-03-25,Basic
C23217,Galih Nugroho,,1995,Jakarta selatan,DKI Jakarta,2023-01-11,Basic
C23218,Agus Santoso,Pria,1971,Semarang,Jawa Tengah,2022-08-10,Basic
C23219,Nadia Firmansyah,Wanita,1971,Jakarta Selatan,DKI Jakarta,2023-12-19,Basic
C23220,Siti Halim,Pria,1985,Tangerang Selatan,Banten,2024-01-28,Basic
C23221,Intan Wijaya,Wanita,1996,Semarang,Jawa Tengah,2022-10-11,Basic
C23222,Sari Nugroho,Pria,1989,Bandung,Jawa Barat,2023-04-23,Silver
C23223,Dimas Nugroho,,2001,Depok,Jawa Barat,2024-09-08,Gold
C23224,Arif Pratama,Pria,1994,Tangerang Selatan,Banten,2022-10-29,
C23225,Wahyu Nugroho,Pria,2000,Bekasi,Jawa Barat,2022-11-18,Basic
C23226,Citra Kusuma,Wanita,1998,Bandung,Jawa Barat,2023-07-01,Gold
C23227,Maya Firmansyah,Pria,2003,Medan,Sumatera Utara,2024-09-26,Basic
C23228,Fitri Anggraini,Wanita,1979,Bogor,Jawa Barat,2022-10-24,Gold
C23229,Agus Wijaya,Pria,1997,Jakarta Selatan,DKI Jakarta,2022-07-17,Silver
C23230,Fitri Kusuma,Wanita,1982,Jakarta Barat,DKI Jakarta,2023-03-05,Basic
C23231,Fitri Pratama,Wanita,1976,Surabaya,Jawa Timur,2023-03-16,Silver
C23232,Putri Halim,Wanita,1984,Medan,Sumatera Utara,2023-02-03,Basic
C23233,Anisa Wijaya,Wanita,1992,Jaktim,DKI Jakarta,2022-11-18,Basic
C23234,Andi Wijaya,Pria,1978, Bandung,Jawa Barat,2023-09-21,Silver
C23235,Bayu Permana,Pria,1982,Depok,Jawa Barat,2022-04-17,Basic
C23236,Siti Utami,Wanita,1979,Bekasi,Jawa Barat,2023-07-30,Silver
C23237,Maya Rahayu,Wanita,1972,Makassar,Sulawesi Selatan,2022-01-04,Basic
C23238,Dewi Halim,,1970,Jakarta Selatan,DKI Jakarta,2023-08-01,Basic
C23239,Bayu Anggraini,Wanita,1976,Palembang,Sumatera Selatan,2022-09-03,Silver
C23240,Yoga Pratama,Wanita,1981,Medan,Sumatera Utara,2024-02-05,Basic
C23241,Fitri Ramadhan,Pria,1971,Jakarta Selatan,DKI Jakarta,2023-09-25,Basic
C23242,Sari Santoso,Pria,1983,Depok,Jawa Barat,2024-05-28,Basic
C23243,Teguh Utami,Wanita,1985,Yogyakarta,DI Yogyakarta,2024-08-24,Basic
C23244,Siti Setiawan,Pria,1995,Bogor,Jawa Barat,2022-07-29,Basic
C23245,Siti Utami,Wanita,1975,Tangerang,Banten,2022-09-11,Gold
C23246,Fitri Firmansyah,Pria,1970,TANGSEL,Banten,2022-07-26,Basic
C23247,Dewi Kusuma,Pria,1989,Medan,Sumatera Utara,2024-08-03,Basic
C23248,Citra Utami,Wanita,1979,Jakarta Selatan,DKI Jakarta,2024-02-21,Basic
C23249,Siti Hidayat,Wanita,1988,Jakarta Barat,DKI Jakarta,2022-12-25,Basic
C23250,Vina Ramadhan,Pria,1984,Makassar,Sulawesi Selatan,2023-07-13,Basic
C23251,Maya Ramadhan,Wanita,1986,Tangerang Selatan,Banten,2024-03-15,Gold
C23252,Lestari Permana,Wanita,1982,Jakarta Selatan,DKI Jakarta,2024-09-17,Basic
C23253,Dewi Santoso,Pria,1996,Denpasar,Bali,2022-08-13,Gold
C23254,Wahyu Halim,Wanita,2000,Tangerang Selatan,Banten,2024-07-06,Basic
C23255,Sari Setiawan,Wanita,1979,Depok,Jawa Barat,2024-04-30,Basic
C23256,Nadia Santoso,Pria,1978,Tangsel,Banten,2022-04-18,Basic
C23257,Siti Kusuma,Wanita,1990,Jakarta Barat,DKI Jakarta,2022-02-26,Basic
C23258,Hendra Permana,Pria,1994,Balikpapan,Kalimantan Timur,2024-07-06,Basic
C23259,Galih Saputra,Wanita,1992,Bogor,Jawa Barat,2023-01-28,Gold
C23260,Citra Saputra,Wanita,1977,Depok,Jawa Barat,2024-08-11,Basic
C23261,Agus Utami,Pria,1990,surabaya,Jawa Timur,2024-08-24,Silver
C23262,Rizky Santoso,Pria,1989, Bandung,Jawa Barat,2024-02-28,Basic
C23263,Sari Pratama,Wanita,2003,jakarta barat,DKI Jakarta,2022-06-05,Basic
C23264,Siti Nugroho,Pria,1992,Surabaya,Jawa Timur,2024-09-04,Basic
C23265,Lestari Anggraini,Pria,1978,Bekasi,Jawa Barat,2023-11-06,Silver
C23266,Rizky Firmansyah,Pria,1994,Yogyakarta,DI Yogyakarta,2024-07-11,Basic
C23267,Andi Pratama,Wanita,1992,Medan,Sumatera Utara,2023-08-10,Silver
C23268,Arif Permana,Pria,1977,BANDUNG,Jawa Barat,2023-05-29,Silver
C23269,Wahyu Permana,Wanita,1973,Bandung,Jawa Barat,2024-08-26,Basic
C23270,Putri Wijaya,Wanita,1977,Bandung,Jawa Barat,2024-03-27,Basic
C23271,Intan Saputra,Wanita,1970,Yogyakarta,DI Yogyakarta,2023-09-03,Basic
C23272,Arif Kusuma,Wanita,1971,Jakarta Timur,DKI Jakarta,2023-03-08,Basic
C23273,Iqbal Nugroho,Pria,1976,surabaya,Jawa Timur,2023-09-25,Basic
C23274,Bayu Pratama,Pria,1980,Semarang,Jawa Tengah,2022-12-20,Basic
C23275,Yoga Ramadhan,Wanita,1972,Jakarta Barat,DKI Jakarta,2024-05-17,Basic
C23276,Dewi Anggraini,Wanita,1976,Medan,Sumatera Utara,2024-05-06,Silver
C23277,Dewi Halim,Wanita,1986,Jakbar,DKI Jakarta,2024-08-03,Basic
C23278,Dewi Pratama,Wanita,2003,Tangerang,Banten,2024-07-19,Basic
C23279,Yoga Kusuma,Wanita,1981,Tangerang Selatan,Banten,2023-10-22,Silver
C23280,Anisa Nugroho,Wanita,1998,bandung,Jawa Barat,2024-02-29,Basic
C23281,Anisa Firmansyah,Wanita,1998,TANGSEL,Banten,2023-05-16,Silver
C23282,Fitri Saputra,,1977,Tangerang,Banten,2024-05-02,Basic
C23283,Dimas Setiawan,Pria,1997,Surabaya,Jawa Timur,2024-07-06,Silver
C23284,Dewi Saputra,Pria,1993,Jaktim,DKI Jakarta,2024-05-14,Basic
C23285,Reza Halim,Wanita,1996,Semarang,Jawa Tengah,2024-07-19,Silver
C23286,Andi Wijaya,Wanita,1990,Semarang,Jawa Tengah,2022-04-24,Basic
C23287,Fajar Utami,Wanita,1989,Bekasi,Jawa Barat,2024-03-22,Basic
C23288,Bayu Wijaya,Wanita,1972,Tangerang Selatan,Banten,2022-10-18,Basic
C23289,Sari Utami,Wanita,1997,Tangsel,Banten,2022-12-12,Basic
C23290,Nurul Utami,Wanita,2003,Tangerang Selatan,Banten,2023-08-23,Basic
C23291,Iqbal Santoso,Pria,1996,Malang,Jawa Timur,2022-03-17,Silver
C23292,Andi Nugroho,Wanita,1976,Bekasi,Jawa Barat,2024-08-08,Basic
C23293,Yoga Nugroho,Wanita,1990,Surabaya ,Jawa Timur,2023-07-30,Basic
C23294,Galih Kusuma,Pria,1983,Jakarta Timur,DKI Jakarta,2022-12-01,Basic
C23295,Galih Utami,Pria,1973,Depok,Jawa Barat,2022-12-28,Silver
C23296,Galih Hidayat,Wanita,1984,Makassar,Sulawesi Selatan,2022-10-21,Silver
C23297,Maya Kusuma,Pria,1975,Yogyakarta,DI Yogyakarta,2024-01-23,Silver
C23298,Dimas Pratama,,1998,Jakarta Selatan,DKI Jakarta,2023-06-27,Silver
C23299,Hendra Pratama,,1975,Depok,Jawa Barat,2022-05-26,Basic
C23300,Dewi Permana,Wanita,1981,Bogor,Jawa Barat,2023-04-10,Basic
C23301,Agus Halim,Wanita,1999,Bekasi,Jawa Barat,2023-12-01,Silver
C23302,Ayu Firmansyah,Pria,1975,Makassar,Sulawesi Selatan,2023-11-03,Basic
C23303,Hendra Anggraini,Wanita,1998,Jakarta Selatan,DKI Jakarta,2023-05-17,Basic
C23304,Putri Pratama,Wanita,2003,Surabaya,Jawa Timur,2024-05-23,Basic
C23305,Reza Permana,Pria,1986,Jakarta Timur,DKI Jakarta,2023-01-10,Silver
C23306,Nadia Halim,Pria,1987,Jakarta Barat,DKI Jakarta,2024-06-19,Basic
C23307,Lestari Nugroho,Wanita,1971,Tangerang,Banten,2022-01-26,Silver
C23308,Reza Hidayat,Wanita,1990,Depok,Jawa Barat,2024-09-24,Gold
C23309,Ayu Hidayat,Wanita,1988,Bogor,Jawa Barat,2023-04-29,Basic
C23310,Yoga Utami,Pria,1988,Bekasi,Jawa Barat,2024-08-20,Silver
C23311,Andi Anggraini,Pria,1983,Semarang,Jawa Tengah,2022-10-22,Silver
C23312,Agus Wijaya,Pria,2001,Jakarta Timur,DKI Jakarta,2024-08-06,Basic
C23313,Teguh Kusuma,Pria,1975,Bogor,Jawa Barat,2024-01-17,Silver
C23314,Teguh Nugroho,Pria,1998,Balikpapan,Kalimantan Timur,2023-01-12,Basic
C23315,Dimas Nugroho,Pria,1997,bandung,Jawa Barat,2024-05-24,Basic
C23316,Iqbal Anggraini,Wanita,1987,Malang,Jawa Timur,2022-01-16,Basic
C23317,Bayu Halim,Wanita,1980,Bekasi,Jawa Barat,2024-01-01,Basic
C23318,Galih Utami,Wanita,1990,Surabaya ,Jawa Timur,2023-10-09,Basic
C23319,Nurul Hidayat,Wanita,1974,Bekasi,Jawa Barat,2023-10-13,Basic
C23320,Rizky Firmansyah,Wanita,1970,Jakarta Timur,DKI Jakarta,2022-06-01,Basic
C23321,Rizky Hidayat,Wanita,1997,Jakarta Barat,DKI Jakarta,2023-11-22,Gold
C23322,Anisa Permana,Pria,1977,Bekasi,Jawa Barat,2023-08-22,Basic
C23323,Rizky Anggraini,Wanita,2002,Depok,Jawa Barat,2022-12-08,Basic
C23324,Vina Nugroho,Pria,1979,Balikpapan,Kalimantan Timur,2023-12-06,
C23325,Citra Pratama,Pria,1988,Medan,Sumatera Utara,2024-07-01,Basic
C23326,Nurul Kusuma,Wanita,1992,Balikpapan,Kalimantan Timur,2023-08-17,Basic
C23327,Fitri Anggraini,Pria,1993,Bekasi,Jawa Barat,2022-01-25,Silver
C23328,Intan Permana,Pria,1993,Makassar,Sulawesi Selatan,2022-01-21,Silver
C23329,Maya Nugroho,Wanita,2002,Palembang,Sumatera Selatan,2023-11-18,Basic
C23330,Teguh Pratama,Wanita,1973,Palembang,Sumatera Selatan,2023-09-06,Basic
C23331,Budi Hidayat,Wanita,1998,Malang,Jawa Timur,2022-11-14,Basic
C23332,Dewi Anggraini,Pria,1987,Bogor,Jawa Barat,2022-02-01,Basic
C23333,Sari Setiawan,Pria,1995,Bogor,Jawa Barat,2024-06-05,Silver
C23334,Fajar Pratama,,2003,Bandung,Jawa Barat,2023-02-17,Basic
C23335,Yoga Pratama,Wanita,1982,Balikpapan,Kalimantan Timur,2022-04-29,Basic
C23336,Fajar Utami,,1986,Jakarta Timur,DKI Jakarta,2024-06-08,Gold
C23337,Andi Permana,Wanita,1982,Yogyakarta,DI Yogyakarta,2023-04-27,Basic
C23338,Lestari Permana,Wanita,2001,Tangerang,Banten,2023-10-09,Gold
C23339,Reza Nugroho,Wanita,1989,Surabaya,Jawa Timur,2023-02-05,Basic
C23340,Budi Setiawan,Pria,1975,Bekasi,Jawa Barat,2023-02-10,Silver
C23341,Budi Pratama,Pria,1973,Palembang,Sumatera Selatan,2024-08-22,Silver
C23342,Arif Utami,Pria,1972,Jakarta Barat,DKI Jakarta,2023-01-10,Silver
C23343,Iqbal Firmansyah,Wanita,1976,Depok,Jawa Barat,2024-06-24,Basic
C23344,Lestari Setiawan,Pria,1977,Makassar,Sulawesi Selatan,2023-09-06,Silver
C23345,Ayu Setiawan,Wanita,1974,Bekasi,Jawa Barat,2023-02-23,Silver
C23346,Anisa Hidayat,Wanita,1970,Bekasi,Jawa Barat,2023-02-01,Gold
C23347,Fitri Wijaya,Wanita,1987,Jakarta Barat,DKI Jakarta,2023-11-02,Silver
C23348,Wahyu Santoso,Wanita,2003,JAKARTA SELATAN,DKI Jakarta,2024-03-23,Gold
C23349,Bayu Kusuma,Wanita,2003,Bandung,Jawa Barat,2024-08-16,Basic
C23350,Iqbal Wijaya,Wanita,1973,Depok,Jawa Barat,2022-10-25,Silver
C23351,Budi Saputra,Wanita,1996,Jakarta Barat,DKI Jakarta,2023-11-23,Basic
C23352,Siti Anggraini,Wanita,1985,Jakarta Timur,DKI Jakarta,2023-02-10,
C23353,Siti Utami,Wanita,1995,Bandung,Jawa Barat,2022-11-02,Basic
C23354,Dewi Anggraini,Wanita,1988,Jakarta Selatan,DKI Jakarta,2023-11-09,Basic
C23355,Galih Saputra,Pria,1988,Bekasi,Jawa Barat,2024-06-02,Basic
C23356,Agus Ramadhan,Pria,1981,JAKARTA BARAT,DKI Jakarta,2022-11-09,Silver
C23357,Siti Anggraini,Wanita,1996,Tangerang Selatan,Banten,2024-06-25,Basic
C23358,Anisa Saputra,Wanita,1976,Denpasar,Bali,2023-04-14,Basic
C23359,Iqbal Rahayu,Wanita,1992,BANDUNG,Jawa Barat,2022-09-02,Basic
C23360,Lestari Kusuma,Wanita,1994,Tangerang,Banten,2023-08-09,Silver
C23361,Agus Halim,Pria,1990,Tangerang Selatan,Banten,2024-03-08,Basic
C23362,Citra Permana,Pria,1995,surabaya,Jawa Timur,2024-09-15,Basic
C23363,Maya Kusuma,Pria,2001,Jakarta selatan,DKI Jakarta,2022-12-16,Silver
C23364,Rani Nugroho,Wanita,1983,Medan,Sumatera Utara,2024-03-04,Basic
C23365,Wahyu Hidayat,Pria,1992,bandung,Jawa Barat,2023-04-25,Basic
C23366,Arif Ramadhan,Wanita,1992,Semarang,Jawa Tengah,2024-05-04,
C23367,Hendra Setiawan,Wanita,1996,Jogja,DI Yogyakarta,2024-04-06,Silver
C23368,Budi Firmansyah,Wanita,1998,Semarang,Jawa Tengah,2024-04-12,Basic
C23369,Wahyu Wijaya,,2003,Medan,Sumatera Utara,2023-08-14,Basic
C23370,Fitri Hidayat,Wanita,1998,Tangerang,Banten,2023-09-28,Basic
C23371,Hendra Kusuma,Wanita,2002,Jakarta Selatan,DKI Jakarta,2022-08-24,Basic
C23372,Anisa Wijaya,Wanita,1970,SBY,Jawa Timur,2022-04-13,Basic
C23373,Nadia Permana,,1989,Makassar,Sulawesi Selatan,2023-10-07,
C23374,Dewi Utami,Wanita,1994,Jaktim,DKI Jakarta,2022-08-22,Basic
C23375,Budi Saputra,Pria,1981, Bandung,Jawa Barat,2022-03-19,Basic
C23376,Bayu Kusuma,Pria,1989,Bandung,Jawa Barat,2022-10-24,Basic
C23377,Putri Hidayat,Pria,2003,Bandung,Jawa Barat,2022-02-06,Basic
C23378,Bayu Anggraini,Pria,1976,Bandung,Jawa Barat,2022-11-22,Basic
C23379,Andi Santoso,Pria,1986,Denpasar,Bali,2022-03-30,Basic
C23380,Hendra Santoso,Pria,2001,Jaktim,DKI Jakarta,2023-04-10,Basic
C23381,Teguh Kusuma,Pria,1981,Tangerang Selatan,Banten,2022-02-06,Basic
C23382,Dewi Halim,Pria,1993,JAKARTA BARAT,DKI Jakarta,2022-10-28,Basic
C23383,Andi Ramadhan,Wanita,1997,Semarang,Jawa Tengah,2024-06-10,Basic
C23384,Arif Saputra,Pria,1978,Bekasi,Jawa Barat,2022-06-18,Basic
C23385,Rani Santoso,Pria,1985,Medan,Sumatera Utara,2023-04-11,Basic
C23386,Fitri Firmansyah,Wanita,1975,surabaya,Jawa Timur,2022-04-06,Basic
C23387,Galih Hidayat,Wanita,1994,Jakarta Timur,DKI Jakarta,2024-05-30,Silver
C23388,Galih Permana,Pria,1987,Jakarta Timur,DKI Jakarta,2022-03-18,Silver
C23389,Dimas Pratama,Pria,1972,Bandung,Jawa Barat,2023-01-14,Silver
C23390,Teguh Kusuma,Wanita,1978,Surabaya,Jawa Timur,2024-02-25,Silver
C23391,Ayu Anggraini,Wanita,1992,Jakarta Barat,DKI Jakarta,2023-01-31,Basic
C23392,Hendra Permana,Wanita,1985,Jakarta Selatan,DKI Jakarta,2022-03-09,
C23393,Intan Pratama,Pria,1991,Bandung,Jawa Barat,2022-02-05,Basic
C23394,Iqbal Anggraini,Wanita,2001,Balikpapan,Kalimantan Timur,2023-08-05,Basic
C23395,Andi Saputra,Wanita,2001,Tangerang,Banten,2024-08-29,Basic
C23396,Hendra Anggraini,Pria,1989,Medan,Sumatera Utara,2023-07-22,Silver
C23397,Siti Rahayu,Pria,1972,Tangerang,Banten,2023-09-06,Basic
C23398,Wahyu Anggraini,Pria,1995,Bekasi,Jawa Barat,2023-10-10,Basic
C23399,Fitri Ramadhan,Wanita,1983,Tangerang,Banten,2023-03-25,Basic
C23400,Dewi Rahayu,Pria,1985,Yogyakarta,DI Yogyakarta,2022-12-04,Basic
C23401,Nurul Wijaya,Pria,1989,Surabaya,Jawa Timur,2024-04-01,Basic
C23402,Citra Ramadhan,Wanita,1999,Bandung,Jawa Barat,2022-05-20,Basic
C23403,Citra Setiawan,Pria,1987,Depok,Jawa Barat,2024-02-02,Basic
C23404,Wahyu Setiawan,Pria,1998,Yogyakarta,DI Yogyakarta,2024-03-10,Gold
C23405,Andi Saputra,Wanita,1978,Semarang,Jawa Tengah,2022-01-19,Basic
C23406,Dewi Saputra,Pria,1989,Tangerang,Banten,2023-09-03,
C23407,Rani Wijaya,Pria,1978,Makassar,Sulawesi Selatan,2022-01-02,Basic
C23408,Galih Utami,Pria,1995,Bogor,Jawa Barat,2023-02-21,
C23409,Dewi Ramadhan,Pria,1985,Malang,Jawa Timur,2023-10-17,Basic
C23410,Dimas Wijaya,Pria,2002,jakarta timur,DKI Jakarta,2024-01-06,Silver
C23411,Maya Ramadhan,Pria,1997,Bekasi,Jawa Barat,2022-04-28,Basic
C23412,Wahyu Firmansyah,Pria,1986,yogyakarta,DI Yogyakarta,2022-10-23,Silver
C23413,Ayu Saputra,Pria,1999,Makassar,Sulawesi Selatan,2022-07-12,Basic
C23414,Intan Kusuma,Wanita,1988,yogyakarta,DI Yogyakarta,2023-08-03,Silver
C23415,Nurul Pratama,Wanita,1973,BANDUNG,Jawa Barat,2022-06-02,Basic
C23416,Maya Hidayat,Pria,1991,Surabaya,Jawa Timur,2023-01-30,Silver
C23417,Vina Santoso,Pria,1997,Jakarta Selatan,DKI Jakarta,2022-03-28,Basic
C23418,Reza Kusuma,Wanita,1993,Bandung,Jawa Barat,2024-07-08,Silver
C23419,Teguh Firmansyah,Pria,1998,Jakarta Timur,DKI Jakarta,2023-09-24,Basic
C23420,Rizky Santoso,,1998,Denpasar,Bali,2022-04-09,Basic
C23421,Iqbal Kusuma,Pria,1991,Medan,Sumatera Utara,2023-05-10,Basic
C23422,Budi Kusuma,Pria,1998,Jakarta Selatan,DKI Jakarta,2022-05-15,Basic
C23423,Rani Ramadhan,Wanita,1995,Bandung,Jawa Barat,2022-05-18,Silver
C23424,Agus Santoso,Pria,1986,Bekasi,Jawa Barat,2022-11-04,Silver
C23425,Galih Firmansyah,Pria,1977,Jakarta Selatan,DKI Jakarta,2023-08-13,Basic
C23426,Anisa Wijaya,Wanita,1970,Jakarta Timur,DKI Jakarta,2022-09-26,Basic
C23427,Fajar Firmansyah,Pria,1995,Balikpapan,Kalimantan Timur,2023-02-12,Basic
C23428,Lestari Wijaya,Pria,1974,Semarang,Jawa Tengah,2023-10-05,Basic
C23429,Yoga Hidayat,Wanita,1990,Yogyakarta,DI Yogyakarta,2023-08-28,Basic
C23430,Intan Hidayat,Pria,1998,jakarta selatan,DKI Jakarta,2023-05-16,Basic
C23431,Lestari Ramadhan,Pria,2002,Surabaya,Jawa Timur,2024-09-18,Basic
C23432,Siti Ramadhan,Pria,1980,Yogyakarta,DI Yogyakarta,2024-05-28,Basic
C23433,Iqbal Wijaya,Wanita,1982,jakarta barat,DKI Jakarta,2022-02-26,Basic
C23434,Iqbal Ramadhan,Wanita,2003,Bekasi,Jawa Barat,2024-04-30,Basic
C23435,Yoga Pratama,Pria,1979,Medan,Sumatera Utara,2023-02-08,Basic
C23436,Galih Santoso,Wanita,1996,Medan,Sumatera Utara,2022-08-16,Basic
C23437,Teguh Pratama,Pria,1999,Bandung,Jawa Barat,2024-06-02,Basic
C23438,Nurul Nugroho,Wanita,1973,tangerang selatan,Banten,2022-06-18,Basic
C23439,Reza Santoso,Wanita,1980,Denpasar,Bali,2024-04-10,Basic
C23440,Wahyu Saputra,Wanita,1987,Bekasi,Jawa Barat,2024-09-07,
C23441,Fitri Pratama,Wanita,1970,Jakarta Selatan,DKI Jakarta,2023-09-21,Basic
C23442,Ayu Permana,Pria,1980,bandung,Jawa Barat,2022-04-11,Basic
C23443,Reza Santoso,Pria,1983,Jakarta Selatan,DKI Jakarta,2022-02-27,Silver
C23444,Iqbal Firmansyah,Pria,1972,Semarang,Jawa Tengah,2023-01-14,Silver
C23445,Agus Saputra,Wanita,1973,Yogyakarta,DI Yogyakarta,2022-05-03,Basic
C23446,Siti Hidayat,Pria,1980,Bekasi,Jawa Barat,2024-06-30,Basic
C23447,Bayu Utami,Pria,1974,Surabaya,Jawa Timur,2023-05-24,Basic
C23448,Lestari Saputra,Wanita,2001,tangerang selatan,Banten,2024-07-11,Basic
C23449,Galih Firmansyah,Pria,1985,Denpasar,Bali,2024-03-20,Silver
C23450,Bayu Pratama,Pria,1999,Surabaya,Jawa Timur,2024-01-20,Basic
C23451,Fitri Hidayat,Wanita,1982,Jakarta selatan,DKI Jakarta,2022-10-16,Silver
C23452,Agus Anggraini,Pria,1984,Jakarta Selatan,DKI Jakarta,2024-02-05,Silver
C23453,Hendra Ramadhan,Wanita,1988,SBY,Jawa Timur,2022-01-12,Basic
C23454,Reza Firmansyah,Pria,1984,Tangerang,Banten,2022-09-16,Silver
C23455,Andi Rahayu,,1988,Tangerang Selatan,Banten,2022-01-24,Basic
C23456,Arif Utami,Pria,1993,Jakarta Barat,DKI Jakarta,2024-02-05,Basic
C23457,Wahyu Nugroho,Pria,1979,Bekasi,Jawa Barat,2023-05-04,Basic
C23458,Galih Firmansyah,Wanita,1980,Bandung,Jawa Barat,2022-12-11,Basic
C23459,Reza Setiawan,Wanita,1994,Bekasi,Jawa Barat,2022-11-08,Silver
C23460,Maya Setiawan,Wanita,1970,Jakarta Timur,DKI Jakarta,2022-09-04,Silver
C23461,Nurul Setiawan,Wanita,1985,Semarang,Jawa Tengah,2023-05-24,Silver
C23462,Vina Rahayu,Pria,1982,Tangerang,Banten,2022-11-06,Gold
C23463,Budi Halim,Wanita,1984,Yogyakarta,DI Yogyakarta,2023-11-16,Basic
C23464,Fitri Pratama,Pria,1990, Bandung,Jawa Barat,2023-07-12,Basic
C23465,Galih Firmansyah,Wanita,1970,Yogyakarta,DI Yogyakarta,2022-03-29,Basic
C23466,Citra Pratama,Wanita,1984,Jakarta Barat,DKI Jakarta,2024-01-19,Basic
C23467,Maya Anggraini,Pria,1976,Tangerang,Banten,2022-08-21,Basic
C23468,Fitri Pratama,Pria,1976,Tangerang,Banten,2022-10-24,
C23469,Dimas Anggraini,Wanita,1985,Tangerang,Banten,2024-01-04,Basic
C23470,Hendra Pratama,Wanita,1978,Tangerang Selatan,Banten,2023-06-25,Silver
C23471,Siti Permana,Pria,1997,Jakarta Selatan,DKI Jakarta,2024-03-05,Basic
C23472,Siti Hidayat,Wanita,1978,Jakarta Barat,DKI Jakarta,2023-05-10,Silver
C23473,Maya Ramadhan,Wanita,1972,Malang,Jawa Timur,2024-07-26,Basic
C23474,Maya Halim,Wanita,1971,Yogyakarta,DI Yogyakarta,2023-01-30,Basic
C23475,Bayu Permana,Pria,2001,JAKARTA BARAT,DKI Jakarta,2024-05-06,Basic
C23476,Siti Pratama,Pria,1970,Semarang,Jawa Tengah,2023-05-23,Basic
C23477,Fajar Rahayu,,1982,Jakarta Barat,DKI Jakarta,2024-03-17,Gold
C23478,Agus Ramadhan,Wanita,1975,Medan,Sumatera Utara,2024-06-05,Basic
C23479,Fajar Rahayu,Wanita,1976,Denpasar,Bali,2023-06-14,Basic
C23480,Vina Setiawan,Pria,1977,Semarang,Jawa Tengah,2023-07-17,Silver
C23481,Andi Anggraini,Wanita,2002,Makassar,Sulawesi Selatan,2022-07-31,Basic
C23482,Siti Saputra,Wanita,2002,Medan,Sumatera Utara,2022-08-17,Basic
C23483,Dimas Hidayat,Pria,1972,Bekasi,Jawa Barat,2022-01-11,Gold
C23484,Citra Ramadhan,Pria,1986,Surabaya,Jawa Timur,2023-08-27,Basic
C23485,Fajar Utami,Pria,1979,Bekasi,Jawa Barat,2022-11-12,Basic
C23486,Maya Nugroho,Wanita,1979,Jaktim,DKI Jakarta,2022-10-12,Silver
C23487,Vina Firmansyah,Wanita,1977,Bekasi,Jawa Barat,2022-12-05,Basic
C23488,Sari Pratama,Wanita,1988,Semarang,Jawa Tengah,2022-01-26,Silver
C23489,Nadia Wijaya,Wanita,1972,Tangerang,Banten,2024-01-28,Basic
C23490,Putri Halim,Wanita,2001,Bekasi,Jawa Barat,2023-03-19,
C23491,Dimas Pratama,Pria,1973,Bandung,Jawa Barat,2023-11-30,Basic
C23492,Iqbal Ramadhan,Pria,1978,Jaksel,DKI Jakarta,2022-03-23,Basic
C23493,Rizky Permana,Wanita,1984,Jakarta selatan,DKI Jakarta,2022-05-22,Basic
C23494,Citra Santoso,Pria,1992,Bekasi,Jawa Barat,2022-10-05,Basic
C23495,Sari Anggraini,Pria,1976,Jakarta Barat,DKI Jakarta,2022-12-19,Basic
C23496,Iqbal Kusuma,Wanita,1975,Makassar,Sulawesi Selatan,2024-09-20,Basic
C23497,Anisa Firmansyah,Pria,1993,Surabaya,Jawa Timur,2022-07-27,Silver
C23498,Yoga Saputra,,1973,Semarang,Jawa Tengah,2024-05-16,Gold
C23499,Arif Santoso,Wanita,1996,Depok,Jawa Barat,2024-02-24,Basic
C23500,Ayu Anggraini,Wanita,1999,Palembang,Sumatera Selatan,2022-11-01,Gold
C23501,Dimas Pratama,Pria,1996,Bandung,Jawa Barat,2022-08-11,Basic
C23502,Anisa Halim,,1990,Tangerang,Banten,2022-11-01,Basic
C23503,Reza Pratama,Pria,1981,Depok,Jawa Barat,2023-08-30,Basic
C23504,Galih Nugroho,Wanita,1973,Jakarta Selatan,DKI Jakarta,2024-06-18,Silver
C23505,Budi Anggraini,Wanita,1993,Jakarta Selatan,DKI Jakarta,2023-10-06,Silver
C23506,Anisa Permana,,1982,Bekasi,Jawa Barat,2023-12-16,Silver
C23507,Fitri Saputra,Pria,1989,Surabaya,Jawa Timur,2024-08-31,Basic
C23508,Citra Halim,,1992,Yogyakarta,DI Yogyakarta,2024-02-03,Basic
C23509,Citra Nugroho,Wanita,2001,Malang,Jawa Timur,2022-07-20,Basic
C23510,Wahyu Santoso,Wanita,1976,Depok,Jawa Barat,2023-12-23,Basic
C23511,Citra Anggraini,Wanita,1989,jakarta barat,DKI Jakarta,2023-11-03,Basic
C23512,Anisa Setiawan,Pria,2003,Balikpapan,Kalimantan Timur,2023-05-13,
C23513,Siti Anggraini,Pria,2000,Surabaya,Jawa Timur,2022-07-26,Basic
C23514,Putri Kusuma,Wanita,1996,Bekasi,Jawa Barat,2022-11-14,Silver
C23515,Dimas Hidayat,Wanita,1987,Jakarta Timur,DKI Jakarta,2024-05-31,Silver
C23516,Rani Firmansyah,Wanita,1975,Tangerang,Banten,2022-10-23,
C23517,Yoga Permana,,1995,Tangerang,Banten,2022-06-15,Basic
C23518,Lestari Firmansyah,Pria,1988,Jakbar,DKI Jakarta,2024-05-27,Gold
C23519,Lestari Halim,Pria,1972,Jakarta Selatan,DKI Jakarta,2024-03-10,Basic
C23520,Anisa Setiawan,Pria,1987,Surabaya,Jawa Timur,2023-03-16,Basic
C23521,Lestari Nugroho,Pria,1979,SBY,Jawa Timur,2023-11-04,Basic
C23522,Citra Permana,Wanita,1972,Depok,Jawa Barat,2022-01-06,Gold
C23523,Ayu Utami,Pria,1982,Bandung,Jawa Barat,2023-01-24,Basic
C23524,Fitri Firmansyah,Wanita,1970,Jakarta Selatan,DKI Jakarta,2023-02-21,Basic
C23525,Hendra Santoso,Pria,1980,Balikpapan,Kalimantan Timur,2022-05-31,Basic
C23526,Nurul Wijaya,Pria,1983,Bekasi,Jawa Barat,2023-06-27,Silver
C23527,Maya Anggraini,Wanita,1992,Tangerang,Banten,2024-07-28,Basic
C23528,Maya Halim,Pria,1979,Bandung,Jawa Barat,2022-11-11,Gold
C23529,Yoga Santoso,Pria,1997,Semarang,Jawa Tengah,2023-09-19,Basic
C23530,Lestari Halim,Pria,1983,Bogor,Jawa Barat,2023-08-26,Basic
C23531,Lestari Firmansyah,Wanita,1983,Jakarta Barat,DKI Jakarta,2023-05-08,Basic
C23532,Hendra Kusuma,Pria,1973,SBY,Jawa Timur,2023-08-26,Basic
C23533,Iqbal Utami,Pria,1985,Makassar,Sulawesi Selatan,2023-11-27,Basic
C23534,Fitri Santoso,Pria,1973,Jakarta Selatan,DKI Jakarta,2024-03-19,Silver
C23535,Teguh Hidayat,Pria,1999,Balikpapan,Kalimantan Timur,2022-08-28,Silver
C23536,Reza Hidayat,Pria,1986,Malang,Jawa Timur,2022-03-04,Basic
C23537,Siti Pratama,Pria,1981,Depok,Jawa Barat,2023-02-23,Basic
C23538,Hendra Kusuma,Wanita,1976,Palembang,Sumatera Selatan,2022-02-15,Basic
C23539,Putri Santoso,Pria,1972,Tangerang Selatan,Banten,2023-03-19,Silver
C23540,Rani Nugroho,Pria,1994,Jakarta Selatan,DKI Jakarta,2022-04-14,Silver
C23541,Bayu Santoso,Wanita,2001,surabaya,Jawa Timur,2024-02-08,Basic
C23542,Sari Saputra,Wanita,1998,Jakarta Timur,DKI Jakarta,2022-01-21,Basic
C23543,Nurul Permana,Wanita,1984,Balikpapan,Kalimantan Timur,2024-09-21,Basic
C23544,Yoga Permana,Wanita,1976,Jakarta Barat,DKI Jakarta,2022-10-30,Basic
C23545,Agus Firmansyah,Wanita,2003,Tangerang,Banten,2024-02-13,Basic
C23546,Nadia Kusuma,Wanita,1987,Surabaya,Jawa Timur,2024-08-05,Basic
C23547,Rizky Nugroho,Pria,1979,Balikpapan,Kalimantan Timur,2023-12-19,Basic
C23548,Rizky Kusuma,Pria,1989,Jogja,DI Yogyakarta,2023-09-26,Silver
C23549,Yoga Saputra,Wanita,2003,Jakarta Timur,DKI Jakarta,2022-10-18,Basic
C23550,Galih Wijaya,Wanita,1993,surabaya,Jawa Timur,2023-09-28,Basic
C23551,Iqbal Wijaya,Pria,1989,Bogor,Jawa Barat,2022-02-01,Basic
C23552,Bayu Halim,Pria,1986,Palembang,Sumatera Selatan,2022-04-20,Basic
C23553,Intan Santoso,Pria,1974,Bandung,Jawa Barat,2023-04-01,Gold
C23554,Maya Setiawan,Pria,1976,BANDUNG,Jawa Barat,2022-01-03,Basic
C23555,Fitri Wijaya,Pria,1986,Tangerang Selatan,Banten,2023-05-20,Basic
C23556,Iqbal Wijaya,Pria,1981,Palembang,Sumatera Selatan,2023-07-01,Basic
C23557,Fajar Firmansyah,,1973,JAKARTA BARAT,DKI Jakarta,2023-07-12,Basic
C23558,Siti Nugroho,Wanita,1973,Makassar,Sulawesi Selatan,2022-12-22,Basic
C23559,Yoga Santoso,Pria,1978,Tangerang Selatan,Banten,2024-03-24,Basic
C23560,Rizky Nugroho,Wanita,1999,Balikpapan,Kalimantan Timur,2024-04-16,Basic
C23561,Reza Wijaya,Pria,1999,Jakbar,DKI Jakarta,2023-04-09,Basic
C23562,Agus Firmansyah,Wanita,1988,Tangerang,Banten,2022-08-05,Basic
C23563,Nurul Firmansyah,Pria,1984,Jakbar,DKI Jakarta,2023-07-14,Silver
C23564,Lestari Utami,Pria,1970,Bandung,Jawa Barat,2022-06-03,Basic
C23565,Sari Nugroho,Wanita,1983,surabaya,Jawa Timur,2023-12-16,Basic
C23566,Yoga Permana,Pria,1981,Jakarta Timur,DKI Jakarta,2024-09-05,Basic
C23567,Iqbal Santoso,Wanita,1973,Surabaya ,Jawa Timur,2022-09-23,Basic
C23568,Nurul Kusuma,Wanita,2002,Bandung,Jawa Barat,2022-06-28,
C23569,Wahyu Wijaya,Pria,1972,Bandung,Jawa Barat,2022-10-01,Basic
C23570,Rizky Rahayu,Pria,1988,bandung,Jawa Barat,2024-02-04,Basic
C23571,Rizky Hidayat,Pria,2001,Denpasar,Bali,2023-11-28,Basic
C23572,Intan Kusuma,Pria,1981,Semarang,Jawa Tengah,2022-05-30,Silver
C23573,Dewi Anggraini,Wanita,1976,Bekasi,Jawa Barat,2022-06-10,Silver
C23574,Teguh Firmansyah,Wanita,2000,Bekasi,Jawa Barat,2023-12-26,Gold
C23575,Budi Halim,Pria,1982,Bandung,Jawa Barat,2023-07-09,Silver
C23576,Galih Nugroho,Pria,1987,Palembang,Sumatera Selatan,2022-06-19,Silver
C23577,Budi Wijaya,Wanita,1977,Malang,Jawa Timur,2022-03-22,
C23578,Maya Ramadhan,Wanita,1987,Jakarta Selatan,DKI Jakarta,2023-01-26,Basic
C23579,Vina Kusuma,Pria,1983,Denpasar,Bali,2022-06-05,Silver
C23580,Maya Halim,Wanita,1982,Surabaya,Jawa Timur,2024-03-10,Silver
C23581,Lestari Anggraini,,1988,tangerang selatan,Banten,2023-09-11,Gold
C23582,Fitri Hidayat,Pria,1972,Jakarta Barat,DKI Jakarta,2022-11-08,Basic
C23583,Dewi Nugroho,Wanita,1984,Depok,Jawa Barat,2024-04-12,Basic
C23584,Reza Halim,Pria,1990,Malang,Jawa Timur,2023-04-19,Gold
C23585,Nadia Rahayu,Pria,1991,Denpasar,Bali,2023-03-16,Silver
C23586,Hendra Setiawan,Wanita,1975,Depok,Jawa Barat,2023-12-03,Silver
C23587,Agus Pratama,Wanita,1993,BANDUNG,Jawa Barat,2022-01-30,Basic
C23588,Intan Utami,Wanita,1992,Jakarta Timur,DKI Jakarta,2022-05-13,Silver
C23589,Iqbal Nugroho,Wanita,1992,Semarang,Jawa Tengah,2023-10-03,Basic
C23590,Sari Saputra,,2003,Semarang,Jawa Tengah,2022-04-25,Silver
C23591,Nurul Anggraini,Wanita,1982,Medan,Sumatera Utara,2022-04-26,Basic
C23592,Andi Wijaya,Wanita,1993,Tangerang,Banten,2023-11-13,Basic
C23593,Ayu Utami,Wanita,1986,Jaksel,DKI Jakarta,2023-05-27,Silver
C23594,Rani Rahayu,Wanita,1981,Medan,Sumatera Utara,2022-04-03,Basic
C23595,Maya Firmansyah,Wanita,1993,Bekasi,Jawa Barat,2022-08-30,Basic
C23596,Nadia Anggraini,Pria,1991,Surabaya,Jawa Timur,2023-11-02,Basic
C23597,Andi Santoso,Pria,1989,Bekasi,Jawa Barat,2023-02-24,Gold
C23598,Nadia Ramadhan,Pria,1983,Tangerang Selatan,Banten,2022-06-12,Basic
C23599,Vina Hidayat,,1999, Bandung,Jawa Barat,2023-12-12,Silver
C23600,Bayu Hidayat,Pria,1972,Yogyakarta,DI Yogyakarta,2024-01-19,Basic
C23601,Lestari Rahayu,Wanita,1995,Medan,Sumatera Utara,2022-03-18,Gold
C23602,Wahyu Nugroho,,1986,Jaktim,DKI Jakarta,2024-09-25,
C23603,Agus Hidayat,,1987,Palembang,Sumatera Selatan,2024-08-21,Basic
C23604,Iqbal Ramadhan,Wanita,1971,SBY,Jawa Timur,2023-12-31,Silver
C23605,Arif Hidayat,Pria,1988,Jakarta Barat,DKI Jakarta,2024-01-25,Gold
C23606,Dewi Wijaya,,1996,Denpasar,Bali,2024-07-06,Basic
C23607,Dewi Santoso,Pria,1985,Surabaya,Jawa Timur,2022-06-24,Basic
C23608,Yoga Pratama,Wanita,1972,Jakarta Selatan,DKI Jakarta,2023-10-17,Silver
C23609,Fajar Anggraini,Wanita,1989,Malang,Jawa Timur,2022-06-27,Silver
C23610,Nadia Santoso,Pria,1998,Bandung,Jawa Barat,2024-08-09,Basic
C23611,Andi Pratama,Wanita,1996,Medan,Sumatera Utara,2022-12-17,Basic
C23612,Siti Rahayu,Wanita,1984,Yogyakarta,DI Yogyakarta,2022-11-18,Silver
C23613,Citra Anggraini,Pria,1993,Jakarta Barat,DKI Jakarta,2023-05-29,Basic
C23614,Rizky Halim,Pria,1983,Makassar,Sulawesi Selatan,2022-03-18,Basic
C23615,Anisa Saputra,Wanita,1978,Tangerang Selatan,Banten,2023-12-11,Basic
C23616,Bayu Pratama,Wanita,1982,Bekasi,Jawa Barat,2023-09-29,Basic
C23617,Ayu Halim,Wanita,1987,bandung,Jawa Barat,2023-07-26,Gold
C23618,Iqbal Setiawan,Pria,2002,Jakarta Selatan,DKI Jakarta,2022-05-01,Basic
C23619,Teguh Setiawan,Pria,1991,bandung,Jawa Barat,2024-05-19,Basic
C23620,Sari Santoso,,1978,Malang,Jawa Timur,2023-04-07,Basic
C23621,Dewi Firmansyah,Wanita,1988,Jakarta Selatan,DKI Jakarta,2024-03-19,Gold
C23622,Nadia Anggraini,Wanita,1975,Tangerang Selatan,Banten,2022-03-16,Silver
C23623,Nurul Saputra,Wanita,1989,Tangerang Selatan,Banten,2022-05-26,Basic
C23624,Iqbal Permana,Wanita,1989,Makassar,Sulawesi Selatan,2022-10-27,Silver
C23625,Dimas Setiawan,Pria,1986,Surabaya ,Jawa Timur,2023-10-19,Gold
C23626,Fajar Santoso,Pria,1978,Jakarta Selatan,DKI Jakarta,2022-03-25,Gold
C23627,Rizky Santoso,Wanita,1997,Semarang,Jawa Tengah,2024-09-04,Basic
C23628,Ayu Utami,Pria,1979,Jakarta Barat,DKI Jakarta,2024-05-28,Basic
C23629,Galih Halim,Wanita,1996,tangerang selatan,Banten,2023-03-07,Silver
C23630,Agus Pratama,Pria,1986,Makassar,Sulawesi Selatan,2024-02-07,Gold
C23631,Vina Firmansyah,,1999,Tangerang Selatan,Banten,2022-06-17,Silver
C23632,Fajar Pratama,Pria,1971,Jakarta Barat,DKI Jakarta,2023-07-13,Gold
C23633,Nadia Pratama,Pria,1987,Tangsel,Banten,2022-12-04,Basic
C23634,Iqbal Nugroho,Pria,1982,Tangerang Selatan,Banten,2024-09-22,Gold
C23635,Sari Saputra,Pria,1992,Bandung,Jawa Barat,2024-09-13,
C23636,Dimas Utami,Pria,1973,Tangerang,Banten,2023-10-31,Basic
C23637,Yoga Santoso,Wanita,1994,Depok,Jawa Barat,2023-02-25,Gold
C23638,Intan Permana,Wanita,1986,Surabaya,Jawa Timur,2022-09-22,Silver
C23639,Citra Firmansyah,Wanita,1984,Tangerang,Banten,2024-01-06,Basic
C23640,Lestari Pratama,Wanita,1973,Bandung,Jawa Barat,2023-02-03,Silver
C23641,Vina Firmansyah,Pria,1986,Yogyakarta,DI Yogyakarta,2024-08-19,Silver
C23642,Sari Saputra,Wanita,1982,Tangsel,Banten,2022-04-04,Basic
C23643,Budi Firmansyah,Pria,1995,Bekasi,Jawa Barat,2024-04-13,Silver
C23644,Fajar Kusuma,Wanita,1981,Semarang,Jawa Tengah,2022-09-15,Basic
C23645,Nurul Utami,Wanita,1999,Medan,Sumatera Utara,2023-07-02,Basic
C23646,Rizky Hidayat,Wanita,1986,Yogyakarta,DI Yogyakarta,2022-02-18,Gold
C23647,Intan Rahayu,Wanita,2001,Depok,Jawa Barat,2023-03-03,Basic
C23648,Citra Hidayat,Pria,1997,jakarta timur,DKI Jakarta,2022-05-21,Basic
C23649,Intan Permana,Pria,2001,Depok,Jawa Barat,2022-04-05,Silver
C23650,Maya Setiawan,Pria,1971,Jakarta Barat,DKI Jakarta,2022-09-25,Basic
C23651,Fajar Permana,Wanita,1976,yogyakarta,DI Yogyakarta,2022-04-17,Basic
C23652,Rizky Permana,Wanita,1994,Semarang,Jawa Tengah,2022-11-20,Basic
C23653,Teguh Nugroho,Wanita,1977,Depok,Jawa Barat,2022-03-03,Silver
C23654,Dimas Utami,Wanita,1997,Bekasi,Jawa Barat,2022-05-30,Basic
C23655,Rani Santoso,Wanita,1977,jakarta timur,DKI Jakarta,2022-12-27,Silver
C23656,Nadia Rahayu,Wanita,1987,Bandung,Jawa Barat,2022-02-20,Basic
C23657,Agus Kusuma,Wanita,1993,TANGSEL,Banten,2023-01-21,Basic
C23658,Rani Anggraini,Pria,1985,Surabaya,Jawa Timur,2024-06-11,Silver
C23659,Sari Santoso,Wanita,1991,Denpasar,Bali,2023-11-11,Silver
C23660,Maya Permana,Pria,1988,Semarang,Jawa Tengah,2024-07-04,Basic
C23661,Andi Saputra,,1973,Tangerang Selatan,Banten,2022-10-03,Silver
C23662,Budi Hidayat,Wanita,1976,Depok,Jawa Barat,2024-09-10,Silver
C23663,Fajar Firmansyah,Wanita,1981,Jakarta Barat,DKI Jakarta,2024-07-17,Basic
C23664,Nadia Anggraini,Pria,1982,Surabaya ,Jawa Timur,2022-05-26,Basic
C23665,Fitri Santoso,Wanita,1990,Tangerang,Banten,2023-11-13,Silver
C23666,Fitri Ramadhan,Wanita,2001,Jakarta Selatan,DKI Jakarta,2023-02-14,Basic
C23667,Budi Pratama,Wanita,1974,Jakarta Selatan,DKI Jakarta,2022-05-28,Silver
C23668,Yoga Santoso,Wanita,1981,jakarta timur,DKI Jakarta,2022-11-22,Basic
C23669,Dimas Wijaya,Pria,1982,Jakarta Barat,DKI Jakarta,2023-12-02,Basic
C23670,Iqbal Rahayu,,1983,Bekasi,Jawa Barat,2024-09-23,Basic
C23671,Intan Anggraini,Wanita,1977,Tangerang,Banten,2022-03-14,Basic
C23672,Lestari Firmansyah,,1979,Jakarta selatan,DKI Jakarta,2023-12-07,Silver
C23673,Nurul Ramadhan,,2002,Tangerang Selatan,Banten,2023-01-15,Gold
C23674,Bayu Firmansyah,Wanita,1980,Medan,Sumatera Utara,2022-09-09,Basic
C23675,Fitri Saputra,Pria,1989,Jakarta Selatan,DKI Jakarta,2022-07-26,Basic
C23676,Dewi Halim,Wanita,1981,Jakarta Selatan,DKI Jakarta,2023-09-03,Basic
C23677,Anisa Kusuma,Wanita,1979,Jakarta Selatan,DKI Jakarta,2023-08-02,Basic
C23678,Citra Kusuma,Pria,1983,Tangerang,Banten,2024-03-02,Silver
C23679,Teguh Pratama,Wanita,1986,Jakarta Selatan,DKI Jakarta,2023-06-05,Basic
C23680,Nadia Setiawan,Wanita,1995,JAKARTA BARAT,DKI Jakarta,2024-09-25,Gold
C23681,Reza Firmansyah,Pria,1973,Balikpapan,Kalimantan Timur,2022-11-23,Basic
C23682,Andi Utami,Wanita,1987,Tangerang Selatan,Banten,2024-08-06,Basic
C23683,Wahyu Ramadhan,Pria,1976,Bekasi,Jawa Barat,2024-08-22,Silver
C23684,Siti Nugroho,Pria,2002,Bekasi,Jawa Barat,2023-10-23,Basic
C23685,Fajar Kusuma,Wanita,1973,Jakarta Selatan,DKI Jakarta,2022-09-22,Silver
C23686,Yoga Kusuma,Pria,1994,Bandung,Jawa Barat,2022-11-20,Basic
C23687,Rizky Firmansyah,Pria,1972,Surabaya,Jawa Timur,2022-12-18,Basic
C23688,Hendra Kusuma,Wanita,1971,Tangerang,Banten,2023-12-14,Basic
C23689,Intan Pratama,Wanita,1999,Makassar,Sulawesi Selatan,2023-09-22,Silver
C23690,Bayu Rahayu,Wanita,1997,Jakbar,DKI Jakarta,2022-05-26,Silver
C23691,Galih Nugroho,Pria,2002,Malang,Jawa Timur,2023-10-08,Basic
C23692,Teguh Wijaya,Wanita,1991,Bekasi,Jawa Barat,2023-03-29,Silver
C23693,Andi Pratama,Pria,1992,JAKARTA SELATAN,DKI Jakarta,2022-04-14,Basic
C23694,Fitri Utami,Pria,1980,Balikpapan,Kalimantan Timur,2022-06-26,Basic
C23695,Dimas Setiawan,Pria,1984,Bekasi,Jawa Barat,2023-03-25,Basic
C23696,Yoga Utami,Wanita,1984,Bekasi,Jawa Barat,2023-02-21,Basic
C23697,Rani Nugroho,Wanita,2000,Surabaya,Jawa Timur,2023-03-31,Basic
C23698,Sari Santoso,Pria,1990,Bekasi,Jawa Barat,2023-09-06,Basic
C23699,Bayu Hidayat,Pria,1973,Jakarta Selatan,DKI Jakarta,2022-07-12,Basic
C23700,Agus Permana,Pria,1988,Malang,Jawa Timur,2024-03-30,Basic
C23701,Rizky Wijaya,Wanita,1978,surabaya,Jawa Timur,2023-08-01,Silver
C23702,Sari Nugroho,Wanita,1999,Depok,Jawa Barat,2022-01-27,Gold
C23703,Arif Utami,Pria,1995,jakarta barat,DKI Jakarta,2022-07-30,Silver
C23704,Arif Ramadhan,Wanita,1994,Surabaya,Jawa Timur,2022-08-12,Basic
C23705,Intan Rahayu,,1988,surabaya,Jawa Timur,2023-07-23,Silver
C23706,Budi Anggraini,Pria,1985,Depok,Jawa Barat,2024-01-12,Silver
C23707,Bayu Hidayat,,1978,Palembang,Sumatera Selatan,2023-04-23,Basic
C23708,Intan Kusuma,Wanita,1988,SBY,Jawa Timur,2022-01-04,Basic
C23709,Fajar Pratama,Wanita,1975,Tangerang Selatan,Banten,2022-10-01,Basic
C23710,Sari Pratama,Pria,1985,Tangerang,Banten,2024-05-13,Silver
C23711,Rani Utami,Wanita,1996,Jakarta Selatan,DKI Jakarta,2024-02-12,
C23712,Siti Kusuma,Wanita,2001,Jakarta Timur,DKI Jakarta,2023-04-25,Basic
C23713,Iqbal Anggraini,Wanita,1987,Jakarta Selatan,DKI Jakarta,2024-06-28,Silver
C23714,Iqbal Wijaya,Wanita,2001,Jakarta Selatan,DKI Jakarta,2023-12-06,Silver
C23715,Nadia Santoso,Pria,1971,Balikpapan,Kalimantan Timur,2024-01-04,Basic
C23716,Fajar Setiawan,Wanita,1979,Jakarta Timur,DKI Jakarta,2024-03-26,Basic
C23717,Nadia Halim,Pria,1995,Bekasi,Jawa Barat,2024-03-03,Basic
C23718,Siti Utami,Wanita,1986,Jaksel,DKI Jakarta,2023-10-04,Basic
C23719,Siti Firmansyah,Wanita,1999,Surabaya,Jawa Timur,2024-06-03,Basic
C23720,Sari Utami,Wanita,1991,Semarang,Jawa Tengah,2024-08-12,Gold
C23721,Andi Ramadhan,Wanita,1976,Semarang,Jawa Tengah,2022-11-06,Gold
C23722,Yoga Anggraini,Pria,1984,Jakarta Barat,DKI Jakarta,2023-07-11,Basic
C23723,Hendra Kusuma,Wanita,2000,Jakarta Selatan,DKI Jakarta,2022-09-06,Silver
C23724,Yoga Firmansyah,,1984,Yogyakarta,DI Yogyakarta,2023-06-23,Basic
C23725,Rizky Firmansyah,,1981,Palembang,Sumatera Selatan,2022-03-23,Silver
C23726,Andi Permana,Wanita,1974,Bogor,Jawa Barat,2023-07-16,Silver
C23727,Dimas Permana,Pria,1987,Depok,Jawa Barat,2024-08-04,Basic
C23728,Arif Halim,Wanita,2001,tangerang selatan,Banten,2024-05-13,Basic
C23729,Dewi Permana,Pria,1986,Yogyakarta,DI Yogyakarta,2022-04-05,Gold
C23730,Dimas Nugroho,Wanita,1989,Semarang,Jawa Tengah,2022-12-14,Gold
C23731,Rani Ramadhan,Wanita,1970,Jakarta Barat,DKI Jakarta,2022-06-02,Basic
C23732,Fitri Wijaya,Wanita,1977,Bekasi,Jawa Barat,2022-03-30,Basic
C23733,Siti Setiawan,Wanita,1977,Bandung,Jawa Barat,2023-02-03,Basic
C23734,Agus Pratama,Wanita,1985,jakarta barat,DKI Jakarta,2023-08-12,Basic
C23735,Ayu Rahayu,Wanita,1990,Bekasi,Jawa Barat,2022-04-24,Basic
C23736,Galih Hidayat,Wanita,1975,Bogor,Jawa Barat,2022-08-25,Silver
C23737,Siti Nugroho,Wanita,1992,Makassar,Sulawesi Selatan,2023-09-21,Silver
C23738,Intan Wijaya,,1991,Depok,Jawa Barat,2022-03-01,Silver
C23739,Dimas Permana,Wanita,1993,Bandung,Jawa Barat,2023-04-07,Basic
C23740,Maya Pratama,Wanita,2003,Makassar,Sulawesi Selatan,2023-12-03,
C23741,Bayu Ramadhan,Pria,1996,Tangerang Selatan,Banten,2023-03-18,Silver
C23742,Bayu Halim,Wanita,2003,Denpasar,Bali,2023-01-10,Silver
C23743,Agus Setiawan,,1982,Depok,Jawa Barat,2022-08-18,Basic
C23744,Putri Halim,Wanita,1977,Jakarta Selatan,DKI Jakarta,2024-01-03,Gold
C23745,Sari Kusuma,Pria,1995,Palembang,Sumatera Selatan,2023-05-21,Silver
C23746,Bayu Halim,Wanita,1976,Surabaya,Jawa Timur,2023-03-19,Silver
C23747,Iqbal Saputra,Pria,1990,Jakarta Barat,DKI Jakarta,2024-07-03,Basic
C23748,Bayu Hidayat,Pria,1979,JAKARTA BARAT,DKI Jakarta,2022-11-18,Basic
C23749,Rani Firmansyah,Wanita,1984,Bekasi,Jawa Barat,2023-09-07,Basic
C23750,Teguh Anggraini,Pria,2001,Surabaya ,Jawa Timur,2024-03-01,Basic
C23751,Nadia Santoso,,1985,Malang,Jawa Timur,2024-01-21,Basic
C23752,Andi Hidayat,Wanita,2000,Malang,Jawa Timur,2023-11-16,
C23753,Citra Rahayu,Pria,1993,Semarang,Jawa Tengah,2022-06-18,Silver
C23754,Galih Halim,Wanita,1995,Tangerang,Banten,2022-11-28,Basic
C23755,Nurul Halim,Wanita,1981,Bekasi,Jawa Barat,2023-09-13,Basic
C23756,Hendra Santoso,Pria,1995,Semarang,Jawa Tengah,2022-05-11,Basic
C23757,Rizky Firmansyah,Wanita,1997,Depok,Jawa Barat,2022-01-17,
C23758,Wahyu Ramadhan,Pria,2000,Jakarta Selatan,DKI Jakarta,2024-07-22,Silver
C23759,Nurul Utami,Pria,1973,Tangerang,Banten,2023-05-22,Basic
C23760,Fajar Setiawan,Wanita,1988,Jakarta selatan,DKI Jakarta,2022-02-23,Basic
C23761,Hendra Wijaya,Wanita,1984,Makassar,Sulawesi Selatan,2023-03-22,Silver
C23762,Siti Santoso,Pria,1987,Jaksel,DKI Jakarta,2023-11-05,Silver
C23763,Rani Halim,Pria,2003,Depok,Jawa Barat,2023-06-29,Basic
C23764,Sari Santoso,,1987,Jakarta Selatan,DKI Jakarta,2023-08-14,Silver
C23765,Citra Hidayat,Wanita,1992,Malang,Jawa Timur,2022-01-06,
C23766,Reza Firmansyah,Pria,1992,Medan,Sumatera Utara,2023-10-27,Silver
C23767,Sari Wijaya,Wanita,1970,Jakarta Selatan,DKI Jakarta,2023-12-12,Silver
C23768,Lestari Ramadhan,Pria,1974,Tangerang Selatan,Banten,2022-09-27,Silver
C23769,Budi Rahayu,Pria,1985,Semarang,Jawa Tengah,2022-10-17,Silver
C23770,Iqbal Ramadhan,Wanita,1984,Malang,Jawa Timur,2023-06-27,Basic
C23771,Yoga Santoso,Wanita,1986,Bandung,Jawa Barat,2023-01-23,Gold
C23772,Fajar Hidayat,Wanita,1983,Tangsel,Banten,2022-11-19,Gold
C23773,Ayu Nugroho,,1997,Jaktim,DKI Jakarta,2023-01-31,Basic
C23774,Hendra Pratama,Pria,1971,Bekasi,Jawa Barat,2022-08-14,Basic
C23775,Yoga Utami,Wanita,1991,Balikpapan,Kalimantan Timur,2024-05-14,Basic
C23776,Vina Hidayat,Pria,1970,Bekasi,Jawa Barat,2022-10-29,Silver
C23777,Vina Setiawan,Wanita,1998,Jakarta Selatan,DKI Jakarta,2023-10-05,Silver
C23778,Maya Utami,Wanita,1994,Malang,Jawa Timur,2022-11-13,Silver
C23779,Fajar Setiawan,Wanita,1978,Jakarta Timur,DKI Jakarta,2024-05-07,Silver
C23780,Putri Wijaya,Pria,1987,Jakarta Barat,DKI Jakarta,2023-06-03,Basic
C23781,Sari Saputra,Pria,1997,Tangerang,Banten,2022-10-23,Basic
C23782,Anisa Pratama,Pria,1989,Jakarta Timur,DKI Jakarta,2023-04-13,
C23783,Dewi Setiawan,Wanita,1988,Jakarta Selatan,DKI Jakarta,2022-04-22,Basic
C23784,Dimas Halim,Wanita,1993,Jakarta Timur,DKI Jakarta,2024-01-30,Basic
C23785,Lestari Nugroho,Pria,1993,Bogor,Jawa Barat,2023-08-26,Basic
C23786,Teguh Kusuma,Pria,2003,Medan,Sumatera Utara,2023-10-14,Silver
C23787,Galih Setiawan,Wanita,1974,Depok,Jawa Barat,2022-04-01,Basic
C23788,Nadia Halim,Wanita,1985,Palembang,Sumatera Selatan,2023-10-30,Basic
C23789,Agus Utami,Pria,1983,Yogyakarta,DI Yogyakarta,2023-09-05,Basic
C23790,Yoga Setiawan,Wanita,1985,Tangerang,Banten,2023-04-29,Basic
C23791,Arif Halim,Wanita,1992,Jakarta Selatan,DKI Jakarta,2022-03-01,Basic
C23792,Fajar Pratama,Wanita,1990,Medan,Sumatera Utara,2023-01-20,Basic
C23793,Wahyu Anggraini,Pria,1985,Denpasar,Bali,2024-02-28,Basic
C23794,Rizky Pratama,Wanita,1994,jakarta selatan,DKI Jakarta,2023-03-04,Gold
C23795,Galih Kusuma,Pria,1985,Denpasar,Bali,2022-05-01,Basic
C23796,Andi Halim,Pria,1980,Yogyakarta,DI Yogyakarta,2023-04-09,Basic
C23797,Rani Anggraini,Wanita,1974,Jakarta Barat,DKI Jakarta,2022-10-31,Basic
C23798,Fajar Pratama,Pria,1989,Malang,Jawa Timur,2024-08-06,Basic
C23799,Hendra Halim,Wanita,1999,Jakarta Timur,DKI Jakarta,2024-04-07,Basic
C23800,Dewi Utami,Pria,1984,Balikpapan,Kalimantan Timur,2023-02-03,Silver
C23801,Nurul Wijaya,Wanita,2001,Medan,Sumatera Utara,2023-05-08,Basic
C23802,Citra Ramadhan,Wanita,1991,Depok,Jawa Barat,2024-03-31,Basic
C23803,Fitri Santoso,Wanita,1972,Jakarta Selatan,DKI Jakarta,2024-09-22,Basic
C23804,Fajar Kusuma,Pria,2003,Bekasi,Jawa Barat,2023-05-29,Gold
C23805,Nadia Nugroho,Wanita,1977,Jaktim,DKI Jakarta,2022-08-13,Basic
C23806,Sari Rahayu,Pria,1982,Medan,Sumatera Utara,2022-08-09,Basic
C23807,Rani Wijaya,Wanita,1971,Jakbar,DKI Jakarta,2023-07-11,Basic
C23808,Dewi Utami,Pria,1992,Yogyakarta,DI Yogyakarta,2022-07-14,Silver
C23809,Ayu Setiawan,Pria,2003, Bandung,Jawa Barat,2023-03-24,Basic
C23810,Anisa Santoso,Pria,1993,Jakarta Timur,DKI Jakarta,2024-08-12,Silver
C23811,Dewi Saputra,Pria,1991,Jakarta Timur,DKI Jakarta,2023-09-10,Silver
C23812,Maya Pratama,Pria,1984,JAKARTA SELATAN,DKI Jakarta,2023-08-20,Basic
C23813,Bayu Rahayu,Wanita,1998,Makassar,Sulawesi Selatan,2022-04-02,Basic
C23814,Iqbal Hidayat,Pria,2002,Bandung,Jawa Barat,2023-03-26,Basic
C23815,Reza Wijaya,Wanita,1971,Denpasar,Bali,2023-03-18,Silver
C23816,Budi Kusuma,Wanita,1991,JAKARTA BARAT,DKI Jakarta,2023-02-03,Silver
C23817,Siti Santoso,,1990,Surabaya ,Jawa Timur,2024-06-19,Silver
C23818,Galih Saputra,,1972,Makassar,Sulawesi Selatan,2022-11-29,Basic
C23819,Maya Pratama,Wanita,1975,Tangerang,Banten,2022-11-23,Basic
C23820,Lestari Utami,Wanita,2001,Bekasi,Jawa Barat,2022-10-07,Silver
C23821,Dimas Kusuma,Wanita,1982,Jakarta Selatan,DKI Jakarta,2022-08-03,Silver
C23822,Budi Pratama,Pria,1997,Bandung,Jawa Barat,2024-01-05,Basic
C23823,Citra Pratama,Pria,1977,Surabaya,Jawa Timur,2023-09-02,Gold
C23824,Sari Halim,Pria,1978,Bekasi,Jawa Barat,2024-05-30,Silver
C23825,Sari Permana,Wanita,1995,Jogjakarta,DI Yogyakarta,2024-08-09,
C23826,Anisa Permana,,1987,Tangerang,Banten,2024-01-26,Silver
C23827,Dewi Kusuma,Pria,2001,Semarang,Jawa Tengah,2022-11-17,Basic
C23828,Andi Wijaya,Wanita,1999,Semarang,Jawa Tengah,2022-09-02,Silver
C23829,Galih Wijaya,Wanita,1979,Palembang,Sumatera Selatan,2023-05-09,Basic
C23830,Bayu Halim,Wanita,1985,Bogor,Jawa Barat,2022-04-03,Basic
C23831,Lestari Utami,Pria,1987,Medan,Sumatera Utara,2022-10-24,Silver
C23832,Fitri Kusuma,Wanita,2002,Denpasar,Bali,2023-02-05,
C23833,Teguh Halim,Wanita,1995,Medan,Sumatera Utara,2023-12-10,Silver
C23834,Bayu Pratama,Pria,1983,Medan,Sumatera Utara,2024-04-08,Basic
C23835,Rani Anggraini,Pria,1987,Medan,Sumatera Utara,2022-02-07,Silver
C23836,Nurul Permana,,1995,Bogor,Jawa Barat,2023-11-07,Silver
C23837,Dewi Santoso,Pria,1996,Medan,Sumatera Utara,2022-11-13,Basic
C23838,Teguh Firmansyah,Pria,1970,Tangerang Selatan,Banten,2023-01-03,Basic
C23839,Hendra Santoso,Pria,2002,Balikpapan,Kalimantan Timur,2024-06-02,Basic
C23840,Dimas Rahayu,Wanita,2000, Bandung,Jawa Barat,2022-05-31,Silver
C23841,Dewi Halim,Wanita,1984,Jakarta Selatan,DKI Jakarta,2022-11-12,Basic
C23842,Maya Halim,Pria,2001,Semarang,Jawa Tengah,2024-06-03,Silver
C23843,Teguh Firmansyah,Pria,1995,Surabaya,Jawa Timur,2022-03-24,Basic
C23844,Intan Anggraini,Pria,1979,Jakarta Timur,DKI Jakarta,2023-02-08,Basic
C23845,Agus Setiawan,Wanita,1993,Jaktim,DKI Jakarta,2022-09-23,Basic
C23846,Siti Setiawan,Wanita,1980,Jakarta Selatan,DKI Jakarta,2024-01-04,Basic
C23847,Fitri Rahayu,Wanita,2001,SBY,Jawa Timur,2022-11-10,Basic
C23848,Lestari Rahayu,Wanita,1978, Bandung,Jawa Barat,2023-10-21,Basic
C23849,Fajar Santoso,Wanita,1976,Jakarta Timur,DKI Jakarta,2023-07-24,Basic
C23850,Intan Nugroho,Pria,1976,Jakarta Selatan,DKI Jakarta,2022-01-28,Silver
C23851,Hendra Wijaya,Pria,1990,Jaktim,DKI Jakarta,2022-08-18,Silver
C23852,Fajar Nugroho,,1974,Jogja,DI Yogyakarta,2023-02-04,Basic
C23853,Intan Santoso,Pria,1973,Malang,Jawa Timur,2023-10-25,Basic
C23854,Lestari Firmansyah,Pria,1973,Yogyakarta,DI Yogyakarta,2023-02-07,Silver
C23855,Siti Nugroho,Pria,1997,Medan,Sumatera Utara,2023-06-04,Basic
C23856,Putri Permana,Pria,1998,Jakarta Timur,DKI Jakarta,2023-06-14,Basic
C23857,Galih Ramadhan,Pria,1987,Jakarta selatan,DKI Jakarta,2023-02-05,Gold
C23858,Vina Rahayu,Pria,1988,Tangerang Selatan,Banten,2023-11-22,Basic
C23859,Fitri Utami,Wanita,1983,Makassar,Sulawesi Selatan,2022-08-14,Silver
C23860,Vina Wijaya,Wanita,1989,Bekasi,Jawa Barat,2023-03-19,Silver
C23861,Ayu Utami,Wanita,2001,jakarta timur,DKI Jakarta,2022-11-06,Silver
C23862,Fitri Hidayat,Wanita,1992,Jakarta Selatan,DKI Jakarta,2022-01-20,Silver
C23863,Hendra Hidayat,,1988,Tangerang Selatan,Banten,2024-02-28,Gold
C23864,Budi Hidayat,Pria,1971,Jogjakarta,DI Yogyakarta,2022-10-28,Gold
C23865,Siti Hidayat,Wanita,1972,Makassar,Sulawesi Selatan,2023-10-22,Basic
C23866,Bayu Halim,Wanita,1974,Semarang,Jawa Tengah,2023-11-16,Basic
C23867,Wahyu Hidayat,Pria,1970,Denpasar,Bali,2023-01-11,Basic
C23868,Hendra Kusuma,Pria,2000,jakarta timur,DKI Jakarta,2024-01-13,Gold
C23869,Putri Setiawan,Wanita,1978,Denpasar,Bali,2023-02-15,Basic
C23870,Vina Setiawan,Wanita,1997,Tangerang,Banten,2022-01-12,Basic
C23871,Nadia Firmansyah,Pria,1977,Palembang,Sumatera Selatan,2023-08-19,Basic
C23872,Iqbal Saputra,Pria,1976,JAKARTA SELATAN,DKI Jakarta,2022-10-12,Basic
C23873,Bayu Rahayu,Wanita,1977,Tangerang Selatan,Banten,2024-01-21,Gold
C23874,Dimas Santoso,Wanita,1997,Jakarta Selatan,DKI Jakarta,2024-01-13,Basic
C23875,Lestari Nugroho,Wanita,1975,Surabaya,Jawa Timur,2024-04-18,
C23876,Ayu Wijaya,Pria,1991,Jakarta Barat,DKI Jakarta,2022-04-22,Basic
C23877,Rani Nugroho,Wanita,2003,Makassar,Sulawesi Selatan,2024-05-22,Silver
C23878,Dewi Nugroho,Pria,1999,Jakbar,DKI Jakarta,2022-09-24,Basic
C23879,Maya Ramadhan,Wanita,1991,DIY,DI Yogyakarta,2024-09-11,Basic
C23880,Nurul Hidayat,Wanita,1972,Semarang,Jawa Tengah,2022-02-27,Basic
C23881,Lestari Santoso,Pria,1985,Jakarta Timur,DKI Jakarta,2022-10-16,Silver
C23882,Lestari Kusuma,Pria,1985,Bekasi,Jawa Barat,2023-08-02,Basic
C23883,Iqbal Rahayu,Wanita,2003,Jakarta Selatan,DKI Jakarta,2024-06-26,Basic
C23884,Citra Pratama,Pria,1989,Makassar,Sulawesi Selatan,2022-04-22,Silver
C23885,Teguh Halim,Pria,1977,jakarta barat,DKI Jakarta,2022-09-23,Basic
C23886,Maya Pratama,,1999,JAKARTA BARAT,DKI Jakarta,2023-03-22,Basic
C23887,Arif Anggraini,Wanita,2000,Malang,Jawa Timur,2023-02-18,Basic
C23888,Yoga Rahayu,Pria,1984,Tangerang Selatan,Banten,2022-09-01,Gold
C23889,Hendra Saputra,Wanita,1984, Bandung,Jawa Barat,2024-04-25,Basic
C23890,Reza Santoso,Pria,1978,Jakarta Selatan,DKI Jakarta,2022-02-22,Silver
C23891,Dewi Utami,Pria,1994,Jakbar,DKI Jakarta,2022-04-02,Silver
C23892,Bayu Kusuma,Wanita,1971,jakarta barat,DKI Jakarta,2023-07-09,
C23893,Hendra Wijaya,Wanita,1970,Bekasi,Jawa Barat,2022-05-05,Gold
C23894,Wahyu Halim,Wanita,1973,Jaktim,DKI Jakarta,2022-06-10,Basic
C23895,Yoga Setiawan,Wanita,1979,Jakarta Barat,DKI Jakarta,2022-07-20,Silver
C23896,Rizky Pratama,Wanita,1992,Jakarta Barat,DKI Jakarta,2023-03-13,Basic
C23897,Maya Permana,Wanita,1984,Palembang,Sumatera Selatan,2022-11-22,Gold
C23898,Reza Pratama,Pria,1977,Tangerang,Banten,2022-05-20,Basic
C23899,Arif Anggraini,Wanita,1981,Jakarta Timur,DKI Jakarta,2022-10-07,Basic
C23900,Sari Pratama,Pria,1978,Bekasi,Jawa Barat,2022-11-01,Basic
C23901,Wahyu Halim,Pria,1998,Semarang,Jawa Tengah,2024-05-12,Basic
C23902,Lestari Setiawan,,1977,Semarang,Jawa Tengah,2023-06-25,Gold
C23903,Reza Anggraini,Wanita,1993,Surabaya,Jawa Timur,2022-10-26,Silver
C23904,Intan Anggraini,Pria,1979,Makassar,Sulawesi Selatan,2024-03-16,Basic
C23905,Bayu Utami,Pria,1976,Tangerang,Banten,2022-10-21,Basic
C23906,Budi Permana,Wanita,1972,Medan,Sumatera Utara,2023-09-10,Silver
C23907,Intan Rahayu,Pria,1984,Bandung,Jawa Barat,2022-08-20,Basic
C23908,Yoga Rahayu,Wanita,1994,Bogor,Jawa Barat,2022-11-11,Basic
C23909,Hendra Setiawan,Pria,1985,Bekasi,Jawa Barat,2023-10-27,Silver
C23910,Vina Kusuma,Pria,1973,Depok,Jawa Barat,2023-07-20,Gold
C23911,Vina Rahayu,Wanita,1983,Jakarta Timur,DKI Jakarta,2023-12-18,Basic
C23912,Maya Hidayat,Pria,1995,Tangerang,Banten,2023-04-14,Basic
C23913,Rizky Saputra,Wanita,1980,Bandung,Jawa Barat,2024-08-01,Basic
C23914,Teguh Ramadhan,Pria,1972,Makassar,Sulawesi Selatan,2023-05-12,Silver
C23915,Maya Setiawan,Wanita,1970,Tangerang,Banten,2024-09-19,Basic
C23916,Arif Santoso,Pria,1982,Malang,Jawa Timur,2024-09-19,Basic
C23917,Lestari Hidayat,Wanita,1984,Denpasar,Bali,2022-08-13,Silver
C23918,Siti Anggraini,Pria,2003,Palembang,Sumatera Selatan,2023-06-22,Silver
C23919,Galih Saputra,Pria,1986,Makassar,Sulawesi Selatan,2023-06-06,Silver
C23920,Andi Firmansyah,Wanita,1972,Balikpapan,Kalimantan Timur,2022-12-09,Basic
C23921,Lestari Santoso,Wanita,1986,Surabaya,Jawa Timur,2022-03-10,Basic
C23922,Andi Firmansyah,Pria,1998,Bandung,Jawa Barat,2022-12-01,Silver
C23923,Ayu Setiawan,Wanita,1979,Makassar,Sulawesi Selatan,2023-04-28,Silver
C23924,Citra Santoso,Wanita,1975,Depok,Jawa Barat,2024-02-14,Basic
C23925,Anisa Hidayat,Pria,1984,SBY,Jawa Timur,2023-01-16,Basic
C23926,Vina Nugroho,Pria,1986,Bekasi,Jawa Barat,2022-06-01,Silver
C23927,Citra Wijaya,,1996,Medan,Sumatera Utara,2023-11-21,
C23928,Wahyu Setiawan,Pria,1974,Jakarta Selatan,DKI Jakarta,2023-03-20,Basic
C23929,Fajar Setiawan,Pria,2001,Jaktim,DKI Jakarta,2023-12-04,
C23930,Arif Setiawan,Pria,1994,Tangerang,Banten,2024-08-19,Basic
C23931,Siti Pratama,Pria,1993,Bekasi,Jawa Barat,2023-12-16,Basic
C23932,Intan Anggraini,Wanita,1989,Jakarta Timur,DKI Jakarta,2024-03-21,Basic
C23933,Andi Kusuma,,1990,Bandung,Jawa Barat,2023-01-18,Basic
C23934,Fajar Setiawan,Wanita,1996,Tangerang Selatan,Banten,2022-04-18,Basic
C23935,Budi Permana,Wanita,1981,Medan,Sumatera Utara,2024-06-08,Basic
C23936,Fitri Kusuma,Wanita,1983,Surabaya,Jawa Timur,2022-12-04,Basic
C23937,Maya Setiawan,Wanita,1989,TANGSEL,Banten,2024-01-10,Basic
C23938,Hendra Kusuma,Wanita,1992,Jogjakarta,DI Yogyakarta,2024-04-25,Basic
C23939,Arif Santoso,Wanita,1975,Denpasar,Bali,2022-04-01,
C23940,Galih Hidayat,Wanita,1980,Depok,Jawa Barat,2024-09-24,Gold
C23941,Intan Halim,,1971,Tangsel,Banten,2024-07-22,
C23942,Agus Kusuma,Wanita,1974,Bekasi,Jawa Barat,2023-10-17,Basic
C23943,Rizky Wijaya,Wanita,1984,Bekasi,Jawa Barat,2022-08-13,Gold
C23944,Nurul Kusuma,Pria,1974,Jakarta Barat,DKI Jakarta,2022-05-02,Silver
C23945,Agus Anggraini,Wanita,1974,JAKARTA BARAT,DKI Jakarta,2024-03-18,Basic
C23946,Rizky Firmansyah,Wanita,1992,Depok,Jawa Barat,2022-05-26,Basic
C23947,Arif Permana,Wanita,1996,Bekasi,Jawa Barat,2023-11-10,Silver
C23948,Iqbal Saputra,Wanita,1976,jakarta selatan,DKI Jakarta,2022-03-11,Basic
C23949,Siti Firmansyah,Pria,1972,TANGSEL,Banten,2023-02-25,Silver
C23950,Dimas Setiawan,Pria,1981,Jakarta Barat,DKI Jakarta,2022-04-04,Basic
C23951,Dimas Setiawan,,2002,Surabaya,Jawa Timur,2024-01-24,Basic
C23952,Arif Rahayu,Wanita,1981,Jakarta Timur,DKI Jakarta,2023-04-02,Silver
C23953,Dimas Ramadhan,Wanita,1973,Jakarta Barat,DKI Jakarta,2022-03-10,Basic
C23954,Putri Utami,Pria,1988,Bogor,Jawa Barat,2024-06-05,Basic
C23955,Intan Ramadhan,Wanita,1996,Tangerang,Banten,2022-09-04,Gold
C23956,Andi Permana,Wanita,1976,Malang,Jawa Timur,2022-11-28,Basic
C23957,Maya Anggraini,,1984,jakarta barat,DKI Jakarta,2024-02-25,Gold
C23958,Lestari Saputra,Wanita,1999,Medan,Sumatera Utara,2023-06-26,Silver
C23959,Hendra Hidayat,Wanita,2003,Balikpapan,Kalimantan Timur,2024-05-15,Gold
C23960,Citra Kusuma,Wanita,1999,Bandung,Jawa Barat,2023-01-17,Basic
C23961,Yoga Permana,Wanita,1972,Medan,Sumatera Utara,2023-12-19,Basic
C23962,Reza Anggraini,Wanita,1993,Jakarta Timur,DKI Jakarta,2024-05-25,Silver
C23963,Dimas Utami,Pria,1978,Denpasar,Bali,2023-10-14,Silver
C23964,Hendra Ramadhan,Wanita,1985,Denpasar,Bali,2024-08-20,Basic
C23965,Rani Saputra,Pria,1973,Jakarta Selatan,DKI Jakarta,2022-11-28,Gold
C23966,Dimas Kusuma,Pria,1977,Bekasi,Jawa Barat,2023-11-21,Basic
C23967,Yoga Wijaya,Pria,1978,Malang,Jawa Timur,2022-10-29,Basic
C23968,Wahyu Halim,Wanita,1984,Makassar,Sulawesi Selatan,2023-10-01,Silver
C23969,Iqbal Halim,Wanita,1986,Jakarta Timur,DKI Jakarta,2023-10-10,Basic
C23970,Dimas Rahayu,,1989,Surabaya,Jawa Timur,2022-01-05,Basic
C23971,Dimas Kusuma,Pria,1979,Jakarta Barat,DKI Jakarta,2023-09-02,Silver
C23972,Nurul Hidayat,Pria,1981,Bogor,Jawa Barat,2024-02-26,Basic
C23973,Rizky Kusuma,Pria,1998,Jakarta Barat,DKI Jakarta,2022-03-23,Basic
C23974,Rizky Saputra,Wanita,1974,Jakarta Timur,DKI Jakarta,2022-11-15,Silver
C23975,Fajar Saputra,Wanita,1983,Jaksel,DKI Jakarta,2022-04-09,Silver
C23976,Arif Nugroho,,1978,tangerang selatan,Banten,2023-11-12,Basic
C23977,Fitri Anggraini,Pria,2003,Tangerang Selatan,Banten,2024-07-02,Gold
C23978,Ayu Halim,Wanita,1971,Tangerang,Banten,2023-05-05,Silver
C23979,Putri Saputra,Wanita,1973,Jakarta Selatan,DKI Jakarta,2022-06-09,
C23980,Rizky Pratama,Wanita,1994,Bandung,Jawa Barat,2024-05-17,Silver
C23981,Lestari Kusuma,Pria,1975,Palembang,Sumatera Selatan,2024-05-12,Basic
C23982,Anisa Pratama,Pria,1998,Jaksel,DKI Jakarta,2023-01-08,Basic
C23983,Siti Setiawan,Pria,1975,Balikpapan,Kalimantan Timur,2022-08-28,Silver
C23984,Putri Saputra,Wanita,1997,Makassar,Sulawesi Selatan,2023-01-19,Basic
C23985,Fitri Rahayu,Wanita,1993,Tangerang,Banten,2022-02-09,Gold
C23986,Yoga Kusuma,Pria,1988,JAKARTA SELATAN,DKI Jakarta,2024-04-02,Basic
C23987,Rizky Hidayat,,1975,Palembang,Sumatera Selatan,2022-04-10,Basic
C23988,Andi Pratama,Pria,1977,Jakarta Barat,DKI Jakarta,2023-05-18,Basic
C23989,Vina Permana,Pria,1986,Jakarta Barat,DKI Jakarta,2022-06-29,Basic
C23990,Wahyu Pratama,Pria,1993,Jakarta Barat,DKI Jakarta,2023-05-07,Basic
C23991,Rizky Setiawan,Wanita,1991,Tangerang,Banten,2024-05-22,Basic
C23992,Hendra Saputra,Wanita,1978, Bandung,Jawa Barat,2023-05-04,Basic
C23993,Lestari Hidayat,Wanita,1996,Jakarta Selatan,DKI Jakarta,2024-05-12,Basic
C23994,Agus Permana,Pria,1986,Depok,Jawa Barat,2024-01-22,Basic
C23995,Fajar Rahayu,Wanita,2003,JAKARTA SELATAN,DKI Jakarta,2023-07-17,Basic
C23996,Sari Firmansyah,Pria,1972,Tangerang,Banten,2023-09-28,Basic
C23997,Nadia Setiawan,Wanita,1985,Bandung,Jawa Barat,2023-08-13,Silver
C23998,Teguh Firmansyah,Pria,1991,Tangerang,Banten,2023-10-06,Silver
C23999,Sari Halim,Pria,1983,Bandung,Jawa Barat,2024-05-16,Basic
C24000,Dimas Halim,Wanita,1997,Depok,Jawa Barat,2023-12-27,Basic
C24001,Maya Pratama,Pria,1979,Medan,Sumatera Utara,2023-07-05,Basic
C24002,Vina Anggraini,Wanita,1982,jakarta selatan,DKI Jakarta,2022-07-18,Basic
C24003,Vina Setiawan,Wanita,1992,Palembang,Sumatera Selatan,2022-03-04,Basic
C24004,Yoga Nugroho,,1997,Surabaya,Jawa Timur,2022-12-09,Basic
C24005,Budi Anggraini,Wanita,1993,Jakarta Barat,DKI Jakarta,2022-08-06,Basic
C24006,Iqbal Anggraini,Pria,1992,Bandung,Jawa Barat,2024-09-16,Silver
C24007,Vina Permana,Wanita,1975,Surabaya,Jawa Timur,2023-12-28,Gold
C24008,Fajar Utami,Pria,2000,Depok,Jawa Barat,2024-07-25,Basic
C24009,Bayu Kusuma,Pria,1979,Jakarta Selatan,DKI Jakarta,2024-08-25,Basic
C24010,Citra Pratama,Wanita,1997,Tangerang Selatan,Banten,2023-05-09,Silver
C24011,Iqbal Pratama,Wanita,1982,Tangerang,Banten,2024-08-25,Basic
C24012,Fitri Santoso,Pria,1988,Jaktim,DKI Jakarta,2022-11-24,Gold
C24013,Rizky Ramadhan,Wanita,1974,bandung,Jawa Barat,2022-09-17,Basic
C24014,Putri Santoso,Wanita,1998, Bandung,Jawa Barat,2022-05-30,Silver
C24015,Nadia Rahayu,Pria,1995,Semarang,Jawa Tengah,2024-03-16,Silver
C24016,Andi Anggraini,Pria,1982,Medan,Sumatera Utara,2024-06-28,Basic
C24017,Rani Saputra,Pria,1995,Bandung,Jawa Barat,2023-02-19,Basic
C24018,Fitri Wijaya,Wanita,1994,Jakarta selatan,DKI Jakarta,2022-10-14,Basic
C24019,Nadia Hidayat,Wanita,1980,Tangerang Selatan,Banten,2023-10-11,Basic
C24020,Intan Kusuma,Wanita,1975, Bandung,Jawa Barat,2022-08-06,Silver
C24021,Anisa Firmansyah,Pria,1973,Medan,Sumatera Utara,2022-03-24,Basic
C24022,Agus Halim,Wanita,1975,Jakarta Timur,DKI Jakarta,2022-06-28,Basic
C24023,Galih Kusuma,Wanita,1988,Bekasi,Jawa Barat,2023-05-08,Basic
C24024,Intan Ramadhan,,1981,Surabaya,Jawa Timur,2024-03-04,Basic
C24025,Lestari Kusuma,,1971,Bekasi,Jawa Barat,2023-11-26,Basic
C24026,Reza Wijaya,Pria,1993,Denpasar,Bali,2022-10-06,Basic
C24027,Yoga Ramadhan,Wanita,1985,Medan,Sumatera Utara,2024-07-04,Basic
C24028,Siti Halim,Wanita,1982,surabaya,Jawa Timur,2022-04-13,Basic
C24029,Putri Wijaya,Pria,1995,Tangerang Selatan,Banten,2024-07-05,Silver
C24030,Nadia Rahayu,Pria,1994,Bogor,Jawa Barat,2022-07-11,Silver
C24031,Galih Wijaya,Wanita,1974,Malang,Jawa Timur,2022-12-26,Silver
C24032,Lestari Ramadhan,Wanita,1993,Jaksel,DKI Jakarta,2023-01-31,
C24033,Vina Nugroho,,2003,Tangerang,Banten,2023-07-13,Basic
C24034,Lestari Santoso,Pria,1998,Bekasi,Jawa Barat,2022-05-11,Silver
C24035,Citra Halim,Pria,1993,Jakarta Selatan,DKI Jakarta,2024-02-11,Basic
C24036,Siti Ramadhan,Wanita,1986,Tangerang,Banten,2023-07-13,Basic
C24037,Lestari Ramadhan,Wanita,1973,JAKARTA BARAT,DKI Jakarta,2022-09-06,Basic
C24038,Intan Permana,Pria,1975,Tangerang Selatan,Banten,2024-07-06,Basic
C24039,Galih Halim,Pria,2000,Semarang,Jawa Tengah,2022-01-25,Silver
C24040,Bayu Nugroho,Wanita,2000,Tangerang,Banten,2023-07-18,
C24041,Arif Firmansyah,Wanita,1973,tangerang selatan,Banten,2023-06-29,Basic
C24042,Rani Ramadhan,Pria,1993,Jakarta Selatan,DKI Jakarta,2024-03-14,Basic
C24043,Galih Pratama,Pria,1973,Depok,Jawa Barat,2024-09-15,Basic
C24044,Reza Kusuma,Pria,1993,Bogor,Jawa Barat,2024-05-21,Silver
C24045,Dewi Nugroho,Wanita,1991,Denpasar,Bali,2022-11-24,Gold
C24046,Arif Saputra,Wanita,1997,Makassar,Sulawesi Selatan,2024-09-03,Basic
C24047,Wahyu Anggraini,Wanita,1997,Bogor,Jawa Barat,2022-02-05,Silver
C24048,Reza Saputra,Wanita,2003,Semarang,Jawa Tengah,2023-10-07,Gold
C24049,Vina Halim,Wanita,1974,Yogyakarta,DI Yogyakarta,2024-07-16,Silver
C24050,Anisa Kusuma,Wanita,2000,Bogor,Jawa Barat,2023-02-15,Gold
C24051,Bayu Utami,Wanita,1984,jakarta timur,DKI Jakarta,2024-06-02,Basic
C24052,Siti Santoso,Wanita,1970,Bekasi,Jawa Barat,2024-03-19,Silver
C24053,Ayu Pratama,Pria,1986,Yogyakarta,DI Yogyakarta,2024-09-18,Basic
C24054,Vina Rahayu,Wanita,1994,Palembang,Sumatera Selatan,2022-03-11,Gold
C24055,Agus Rahayu,Pria,1979,Semarang,Jawa Tengah,2024-08-15,Basic
C24056,Nurul Kusuma,Wanita,1980,Bandung,Jawa Barat,2023-06-09,Basic
C24057,Teguh Nugroho,Pria,2001,Depok,Jawa Barat,2022-06-19,Basic
C24058,Reza Permana,Wanita,1982,Balikpapan,Kalimantan Timur,2022-11-15,Basic
C24059,Nadia Firmansyah,Pria,1993,Semarang,Jawa Tengah,2022-09-25,Basic
C24060,Wahyu Halim,Pria,1980,Bekasi,Jawa Barat,2023-01-23,Basic
C24061,Andi Nugroho,Wanita,1988,Denpasar,Bali,2024-06-28,Silver
C24062,Dewi Nugroho,Wanita,1982,Medan,Sumatera Utara,2024-02-02,Basic
C24063,Anisa Pratama,Wanita,1984,Medan,Sumatera Utara,2024-06-17,Gold
C24064,Sari Ramadhan,Pria,1978,Tangerang,Banten,2022-08-12,Basic
C24065,Wahyu Nugroho,Pria,1986,surabaya,Jawa Timur,2023-06-04,Basic
C24066,Rizky Wijaya,Wanita,1980,Bekasi,Jawa Barat,2022-12-26,Gold
C24067,Andi Anggraini,Pria,1975,Depok,Jawa Barat,2022-06-14,Silver
C24068,Wahyu Permana,Pria,1984,Jakarta Barat,DKI Jakarta,2024-05-05,Basic
C24069,Putri Firmansyah,Wanita,2000,Surabaya,Jawa Timur,2024-01-23,Basic
C24070,Anisa Permana,Pria,1982,Balikpapan,Kalimantan Timur,2023-03-27,Basic
C24071,Sari Utami,Pria,1984,Medan,Sumatera Utara,2024-09-07,Silver
C24072,Lestari Ramadhan,Pria,1975,Denpasar,Bali,2024-06-02,Basic
C24073,Lestari Rahayu,Pria,1990,Bogor,Jawa Barat,2024-06-15,Basic
C24074,Galih Firmansyah,Wanita,1996,Jakarta Barat,DKI Jakarta,2023-08-09,Basic
C24075,Vina Nugroho,,1988,Bekasi,Jawa Barat,2023-06-02,Basic
C24076,Reza Wijaya,Wanita,1984,Semarang,Jawa Tengah,2023-05-31,Basic
C24077,Rani Pratama,Wanita,1981,SBY,Jawa Timur,2024-01-06,Gold
C24078,Fajar Kusuma,Pria,1991,Jakarta Selatan,DKI Jakarta,2023-04-17,Basic
C24079,Intan Nugroho,Pria,1991,Jakarta Timur,DKI Jakarta,2024-02-22,Silver
C24080,Agus Firmansyah,Wanita,1997,Jakarta Barat,DKI Jakarta,2024-07-25,Silver
C24081,Maya Pratama,Wanita,1976,Medan,Sumatera Utara,2024-09-01,Basic
C24082,Nadia Firmansyah,Wanita,1990,jakarta timur,DKI Jakarta,2023-12-11,Silver
C24083,Intan Halim,Pria,1999,Bogor,Jawa Barat,2024-02-05,Basic
C24084,Ayu Permana,Pria,1970,Semarang,Jawa Tengah,2023-09-25,Silver
C24085,Iqbal Hidayat,Wanita,1987,Malang,Jawa Timur,2023-12-18,Basic
C24086,Sari Permana,Wanita,1992,Denpasar,Bali,2022-01-25,Basic
C24087,Anisa Wijaya,Wanita,1975,Bekasi,Jawa Barat,2024-08-07,Basic
C24088,Dewi Hidayat,Pria,2001,Bandung,Jawa Barat,2023-02-05,Basic
C24089,Fitri Pratama,Pria,1979,Palembang,Sumatera Selatan,2022-01-24,Silver
C24090,Iqbal Saputra,Wanita,1973,Balikpapan,Kalimantan Timur,2022-04-16,Silver
C24091,Siti Setiawan,Pria,1973,Malang,Jawa Timur,2022-06-13,Silver
C24092,Putri Hidayat,Pria,1972,Palembang,Sumatera Selatan,2023-09-07,Silver
C24093,Budi Kusuma,Wanita,1973, Bandung,Jawa Barat,2023-02-01,Silver
C24094,Budi Firmansyah,Pria,1985,Jaktim,DKI Jakarta,2022-05-13,Basic
C24095,Vina Saputra,Pria,1972,Bekasi,Jawa Barat,2023-09-29,Basic
C24096,Sari Wijaya,Wanita,1991,Makassar,Sulawesi Selatan,2023-12-11,Basic
C24097,Wahyu Wijaya,,1984,Tangerang Selatan,Banten,2022-05-15,Silver
C24098,Reza Kusuma,Pria,1974,Bandung,Jawa Barat,2023-02-04,Basic
C24099,Citra Halim,Wanita,2003,Surabaya,Jawa Timur,2023-12-30,Silver
C24100,Yoga Halim,Wanita,1997,Surabaya,Jawa Timur,2023-10-09,Silver
C24101,Siti Wijaya,Pria,1986,Yogyakarta,DI Yogyakarta,2023-04-23,Gold
C24102,Putri Ramadhan,Wanita,1983,Bogor,Jawa Barat,2023-11-19,Basic
C24103,Agus Saputra,Wanita,1970,Malang,Jawa Timur,2022-04-07,Silver
C24104,Fajar Setiawan,Wanita,1983,jakarta barat,DKI Jakarta,2022-07-22,Basic
C24105,Budi Hidayat,Wanita,1989,Jaksel,DKI Jakarta,2023-04-16,Silver
C24106,Fajar Permana,,1991,Surabaya,Jawa Timur,2022-01-21,Silver
C24107,Rizky Halim,Pria,1972,Palembang,Sumatera Selatan,2023-12-18,Basic
C24108,Reza Firmansyah,Wanita,1976,Malang,Jawa Timur,2022-09-29,Silver
C24109,Ayu Setiawan,Pria,1972,Tangerang,Banten,2023-09-26,Silver
C24110,Siti Firmansyah,Pria,1993,BANDUNG,Jawa Barat,2024-01-30,Basic
C24111,Rani Santoso,Pria,2003,Jakarta Barat,DKI Jakarta,2023-08-07,Basic
C24112,Putri Nugroho,Wanita,1996,Semarang,Jawa Tengah,2022-06-23,Silver
C24113,Reza Saputra,Pria,1989,JAKARTA BARAT,DKI Jakarta,2023-06-08,Silver
C24114,Iqbal Permana,Wanita,1986,Depok,Jawa Barat,2024-05-06,Silver
C24115,Andi Santoso,Wanita,1975,Surabaya,Jawa Timur,2022-10-05,Silver
C24116,Arif Halim,Wanita,1990,Denpasar,Bali,2022-10-08,Silver
C24117,Andi Halim,Pria,1979,JAKARTA SELATAN,DKI Jakarta,2023-01-22,Basic
C24118,Siti Halim,Pria,1996,Balikpapan,Kalimantan Timur,2022-09-10,Silver
C24119,Fajar Ramadhan,Wanita,1991,Tangerang Selatan,Banten,2024-07-31,Basic
C24120,Dewi Permana,Wanita,1992,Surabaya,Jawa Timur,2023-07-30,Basic
C24121,Intan Nugroho,Wanita,1990,Jakarta Timur,DKI Jakarta,2024-05-13,Basic
C24122,Dimas Firmansyah,Wanita,1999,Makassar,Sulawesi Selatan,2022-09-25,Basic
C24123,Budi Nugroho,Pria,1970,Jakarta Barat,DKI Jakarta,2022-11-19,Basic
C24124,Galih Firmansyah,Wanita,1972,Yogyakarta,DI Yogyakarta,2024-04-27,Basic
C24125,Budi Santoso,Pria,1980,Surabaya,Jawa Timur,2022-03-07,Gold
C24126,Dimas Pratama,Pria,1980,surabaya,Jawa Timur,2022-01-16,Basic
C24127,Dewi Halim,Pria,1993,Bandung,Jawa Barat,2023-04-21,Silver
C24128,Hendra Ramadhan,Wanita,1975,Jaktim,DKI Jakarta,2023-01-05,Basic
C24129,Wahyu Permana,Wanita,1990,jakarta timur,DKI Jakarta,2024-08-31,Basic
C24130,Wahyu Hidayat,Pria,1977,Depok,Jawa Barat,2022-07-06,Silver
C24131,Putri Wijaya,Pria,1984,Bogor,Jawa Barat,2023-09-30,Silver
C24132,Teguh Rahayu,Wanita,1974,surabaya,Jawa Timur,2022-03-21,Basic
C24133,Intan Anggraini,Wanita,1997,BANDUNG,Jawa Barat,2022-05-11,Basic
C24134,Agus Nugroho,Wanita,1994,Bogor,Jawa Barat,2022-07-18,
C24135,Hendra Wijaya,Wanita,1989,Tangerang,Banten,2022-12-04,Basic
C24136,Teguh Anggraini,Wanita,1987,Jakarta Timur,DKI Jakarta,2023-11-14,Basic
C24137,Bayu Santoso,Pria,1995,Jakarta Barat,DKI Jakarta,2023-12-14,Silver
C24138,Iqbal Setiawan,,1998,Malang,Jawa Timur,2022-08-15,Basic
C24139,Nurul Kusuma,Wanita,1987,Surabaya,Jawa Timur,2023-01-01,Basic
C24140,Nadia Hidayat,Wanita,1995,Jaktim,DKI Jakarta,2024-02-14,Basic
C24141,Rani Santoso,Wanita,1995,Jakarta Barat,DKI Jakarta,2022-12-09,Silver
C24142,Maya Anggraini,Pria,1980,JAKARTA BARAT,DKI Jakarta,2022-11-20,Silver
C24143,Yoga Halim,Pria,1971,Malang,Jawa Timur,2022-06-12,Silver
C24144,Fajar Permana,Pria,1971,Tangsel,Banten,2022-10-18,Basic
C24145,Sari Permana,Pria,1977,Makassar,Sulawesi Selatan,2023-07-26,Basic
C24146,Citra Pratama,Pria,1995,Malang,Jawa Timur,2022-03-09,Basic
C24147,Iqbal Santoso,Wanita,1996,Semarang,Jawa Tengah,2022-08-02,Basic
C24148,Nurul Anggraini,Wanita,2002,Bekasi,Jawa Barat,2022-05-27,Basic
C24149,Bayu Nugroho,Wanita,1992,Bekasi,Jawa Barat,2024-05-22,Silver
C24150,Galih Wijaya,Pria,1997,Depok,Jawa Barat,2023-03-15,Basic
C24151,Intan Halim,Wanita,1978,Depok,Jawa Barat,2024-09-16,Basic
C24152,Teguh Halim,Wanita,1993,Palembang,Sumatera Selatan,2024-01-21,Basic
C24153,Intan Utami,Pria,1976,Jakarta Selatan,DKI Jakarta,2022-09-08,Basic
C24154,Putri Saputra,Wanita,1983,Bogor,Jawa Barat,2024-01-15,Basic
C24155,Nadia Firmansyah,Pria,1982,Bogor,Jawa Barat,2023-10-27,Basic
C24156,Vina Anggraini,Pria,1978,Bekasi,Jawa Barat,2023-12-07,Basic
C24157,Reza Saputra,Pria,1976,TANGSEL,Banten,2024-04-11,Basic
C24158,Anisa Ramadhan,Wanita,1999,Surabaya,Jawa Timur,2022-04-27,Basic
C24159,Siti Kusuma,Wanita,2003,Surabaya,Jawa Timur,2023-07-19,Basic
C24160,Yoga Pratama,,1980,Malang,Jawa Timur,2024-04-04,Basic
C24161,Intan Firmansyah,Pria,1987,Depok,Jawa Barat,2022-01-06,Basic
C24162,Reza Nugroho,Wanita,1979,Jaksel,DKI Jakarta,2023-06-08,Basic
C24163,Maya Kusuma,Wanita,1989,Depok,Jawa Barat,2024-03-29,Silver
C24164,Siti Rahayu,Wanita,1986,Depok,Jawa Barat,2024-03-17,Basic
C24165,Galih Hidayat,Wanita,1995,Bekasi,Jawa Barat,2024-08-31,Basic
C24166,Sari Pratama,,2001,Medan,Sumatera Utara,2022-06-05,Silver
C24167,Fitri Ramadhan,Wanita,1982,Makassar,Sulawesi Selatan,2024-06-20,Basic
C24168,Sari Halim,Wanita,1981,Jakarta Selatan,DKI Jakarta,2022-09-04,Basic
C24169,Yoga Hidayat,Wanita,1990,SBY,Jawa Timur,2022-03-01,Basic
C24170,Teguh Kusuma,Pria,1970,Medan,Sumatera Utara,2022-01-30,Basic
C24171,Maya Pratama,Wanita,1986,Makassar,Sulawesi Selatan,2023-08-18,Basic
C24172,Ayu Hidayat,Wanita,1994,Balikpapan,Kalimantan Timur,2024-02-02,Basic
C24173,Galih Rahayu,Wanita,1985,Jakbar,DKI Jakarta,2024-03-07,Basic
C24174,Arif Nugroho,Pria,1982,Malang,Jawa Timur,2022-03-05,Silver
C24175,Agus Ramadhan,Wanita,1994,Semarang,Jawa Tengah,2022-10-18,Basic
C24176,Teguh Pratama,Wanita,1971,Jakarta Timur,DKI Jakarta,2022-09-27,Silver
C24177,Dewi Kusuma,Pria,1988,Tangerang Selatan,Banten,2022-04-08,Gold
C24178,Putri Ramadhan,Wanita,1972,Makassar,Sulawesi Selatan,2023-03-16,Basic
C24179,Reza Anggraini,Wanita,1978,BANDUNG,Jawa Barat,2023-03-25,Basic
C24180,Iqbal Permana,Pria,1984,Bekasi,Jawa Barat,2023-09-13,Basic
C24181,Yoga Santoso,,1997,Bekasi,Jawa Barat,2023-01-15,Gold
C24182,Yoga Nugroho,Pria,1980,Jakarta selatan,DKI Jakarta,2024-06-06,Basic
C24183,Lestari Halim,Pria,1978,jakarta barat,DKI Jakarta,2022-03-05,Basic
C24184,Dimas Nugroho,Pria,2000,Palembang,Sumatera Selatan,2023-07-24,Basic
C24185,Andi Setiawan,Wanita,2002,Jakarta Barat,DKI Jakarta,2022-04-04,Silver
C24186,Budi Kusuma,Wanita,1992,Jakarta Barat,DKI Jakarta,2023-03-09,Basic
C24187,Lestari Ramadhan,,1991,Malang,Jawa Timur,2022-09-26,Silver
C24188,Agus Ramadhan,Pria,1981,JAKARTA SELATAN,DKI Jakarta,2023-02-14,Basic
C24189,Lestari Ramadhan,Pria,1976,Surabaya,Jawa Timur,2022-04-11,Basic
C24190,Dimas Permana,,1981,Jakarta Barat,DKI Jakarta,2023-02-14,Silver
C24191,Putri Kusuma,Wanita,1972,Makassar,Sulawesi Selatan,2024-05-07,Gold
C24192,Dimas Wijaya,Pria,1987,Semarang,Jawa Tengah,2022-03-14,Basic
C24193,Nurul Utami,Wanita,2003,Palembang,Sumatera Selatan,2024-02-05,Basic
C24194,Intan Firmansyah,Wanita,1980,Bekasi,Jawa Barat,2023-05-22,Silver
C24195,Nadia Saputra,Pria,1980,Tangerang,Banten,2023-06-16,Silver
C24196,Andi Halim,Wanita,1991,Depok,Jawa Barat,2024-08-30,
C24197,Siti Nugroho,Pria,1980,Bekasi,Jawa Barat,2024-03-31,Basic
C24198,Anisa Anggraini,Wanita,1978,BANDUNG,Jawa Barat,2022-04-10,Basic
C24199,Agus Saputra,Wanita,1998,Bandung,Jawa Barat,2023-11-06,Basic
C24200,Reza Hidayat,Wanita,1990,Jakarta Selatan,DKI Jakarta,2022-01-31,Basic
C24201,Maya Hidayat,Wanita,1983,Tangsel,Banten,2022-08-04,Gold
C24202,Lestari Nugroho,Pria,1999,Makassar,Sulawesi Selatan,2023-06-23,Silver
C24203,Agus Hidayat,Wanita,1973,Jakarta Selatan,DKI Jakarta,2024-07-22,Silver
C24204,Wahyu Kusuma,Pria,1989,Surabaya,Jawa Timur,2024-02-26,Basic
C24205,Siti Hidayat,Wanita,1997,Medan,Sumatera Utara,2024-06-20,Basic
C24206,Ayu Hidayat,Wanita,1997,Jaksel,DKI Jakarta,2024-05-25,Gold
C24207,Rani Setiawan,Wanita,1976,Jakarta Barat,DKI Jakarta,2022-03-28,Basic
C24208,Hendra Ramadhan,Wanita,1977,Surabaya,Jawa Timur,2023-07-14,Basic
C24209,Hendra Wijaya,Wanita,1988,Bekasi,Jawa Barat,2023-01-12,Basic
C24210,Siti Anggraini,Pria,1986,yogyakarta,DI Yogyakarta,2024-08-30,Basic
C24211,Rani Rahayu,Pria,2000,Yogyakarta,DI Yogyakarta,2024-03-24,Silver
C24212,Vina Kusuma,,1996,Yogyakarta,DI Yogyakarta,2022-09-13,Basic
C24213,Anisa Firmansyah,Wanita,2003,Medan,Sumatera Utara,2023-06-18,Silver
C24214,Galih Saputra,Pria,1991,Jakarta Barat,DKI Jakarta,2024-05-17,Basic
C24215,Maya Wijaya,Pria,1993,Jakarta Barat,DKI Jakarta,2024-09-10,Silver
C24216,Vina Firmansyah,Wanita,1997,Depok,Jawa Barat,2023-09-28,Basic
C24217,Budi Utami,Pria,2000,Bekasi,Jawa Barat,2024-05-08,Basic
C24218,Bayu Wijaya,Pria,1998,Bandung,Jawa Barat,2024-04-16,Basic
C24219,Fitri Pratama,Wanita,1998,Bekasi,Jawa Barat,2022-12-24,Basic
C24220,Rani Kusuma,Pria,1990,Depok,Jawa Barat,2023-07-08,Basic
C24221,Lestari Wijaya,Pria,1997,Medan,Sumatera Utara,2023-06-23,Basic
C24222,Nurul Hidayat,Wanita,1973,jakarta timur,DKI Jakarta,2023-07-07,Basic
C24223,Rani Setiawan,Pria,1999,Jakarta Timur,DKI Jakarta,2024-07-03,Gold
C24224,Maya Hidayat,Wanita,1983,Bekasi,Jawa Barat,2022-03-29,Basic
C24225,Rizky Utami,Pria,1989,Bandung,Jawa Barat,2022-08-30,Basic
C24226,Dewi Ramadhan,Pria,1999,Jakarta Barat,DKI Jakarta,2023-05-08,Basic
C24227,Budi Utami,Wanita,1993,Denpasar,Bali,2022-09-24,Silver
C24228,Rizky Halim,Pria,1995,Medan,Sumatera Utara,2022-06-12,Gold
C24229,Iqbal Ramadhan,Wanita,1975,Jakarta Barat,DKI Jakarta,2023-11-28,Silver
C24230,Arif Nugroho,,1997,Tangerang,Banten,2024-09-20,Basic
C24231,Nurul Santoso,Pria,1990,tangerang selatan,Banten,2024-05-28,Basic
C24232,Nadia Hidayat,Pria,1978,Bandung,Jawa Barat,2022-08-31,Silver
C24233,Arif Anggraini,Wanita,1980,Bekasi,Jawa Barat,2022-10-22,Basic
C24234,Reza Kusuma,Wanita,1979,Bandung,Jawa Barat,2023-02-04,Basic
C24235,Bayu Kusuma,Pria,1984,Tangerang Selatan,Banten,2024-09-14,Basic
C24236,Bayu Firmansyah,Wanita,1987,Jakarta Selatan,DKI Jakarta,2023-10-31,
C24237,Andi Nugroho,Wanita,1989,Bogor,Jawa Barat,2022-08-18,Basic
C24238,Andi Pratama,Pria,1979,Jakbar,DKI Jakarta,2022-07-10,Silver
C24239,Arif Wijaya,Pria,1985,Yogyakarta,DI Yogyakarta,2022-05-14,Silver
C24240,Rani Rahayu,Wanita,1993,bandung,Jawa Barat,2024-07-01,Basic
C24241,Siti Rahayu,Pria,1972,yogyakarta,DI Yogyakarta,2024-03-12,Basic
C24242,Putri Ramadhan,,1972,Semarang,Jawa Tengah,2023-08-25,Basic
C24243,Bayu Anggraini,Wanita,2003,Jakarta Barat,DKI Jakarta,2022-08-19,Basic
C24244,Yoga Utami,Wanita,1985,Tangerang Selatan,Banten,2024-04-30,Silver
C24245,Putri Pratama,,1983,Balikpapan,Kalimantan Timur,2023-12-16,Basic
C24246,Bayu Hidayat,Pria,2003,Semarang,Jawa Tengah,2024-02-01,Basic
C24247,Vina Kusuma,Wanita,1973,Bekasi,Jawa Barat,2024-01-27,Basic
C24248,Reza Ramadhan,Pria,1998,Bekasi,Jawa Barat,2024-08-23,Gold
C24249,Reza Saputra,Pria,2002,BANDUNG,Jawa Barat,2022-05-22,
C24250,Fitri Setiawan,Wanita,1991,Jakarta Timur,DKI Jakarta,2023-07-23,Silver
C24251,Yoga Anggraini,Wanita,1978,Bandung,Jawa Barat,2024-05-05,Basic
C24252,Andi Nugroho,Pria,1979,Makassar,Sulawesi Selatan,2023-08-26,Gold
C24253,Ayu Nugroho,Wanita,1987,Denpasar,Bali,2023-09-04,Silver
C24254,Vina Pratama,Pria,1982,Jakarta Selatan,DKI Jakarta,2022-10-26,Basic
C24255,Rani Santoso,Wanita,1999,Jakarta Selatan,DKI Jakarta,2023-03-06,
C24256,Rani Pratama,Pria,1993,Depok,Jawa Barat,2022-03-28,Basic
C24257,Nadia Kusuma,Pria,1982,Bekasi,Jawa Barat,2024-05-21,Silver
C24258,Wahyu Permana,Wanita,1982,Bekasi,Jawa Barat,2023-12-16,Gold
C24259,Rani Hidayat,Pria,1985,Bekasi,Jawa Barat,2024-04-13,Gold
C24260,Anisa Hidayat,Wanita,1997,Bandung,Jawa Barat,2022-01-16,
C24261,Yoga Ramadhan,Wanita,1972,Depok,Jawa Barat,2022-03-08,Basic
C24262,Intan Hidayat,Wanita,1997,Tangerang,Banten,2023-02-05,Basic
C24263,Reza Halim,Wanita,1992,jakarta timur,DKI Jakarta,2022-12-20,Basic
C24264,Dimas Ramadhan,Wanita,1973,Malang,Jawa Timur,2023-10-07,Basic
C24265,Ayu Pratama,Pria,1978,Tangerang,Banten,2022-08-22,Basic
C24266,Dimas Rahayu,Wanita,1993,Jakarta Barat,DKI Jakarta,2023-10-18,Silver
C24267,Budi Pratama,Wanita,1994,Jakarta Timur,DKI Jakarta,2023-09-11,Silver
C24268,Intan Permana,Wanita,1975,Semarang,Jawa Tengah,2023-05-31,Basic
C24269,Vina Wijaya,Pria,1984,Malang,Jawa Timur,2022-10-19,Silver
C24270,Bayu Saputra,Pria,1988,Palembang,Sumatera Selatan,2024-05-11,Gold
C24271,Yoga Pratama,Wanita,1972,Medan,Sumatera Utara,2022-06-24,Basic
C24272,Arif Utami,Wanita,2000,Denpasar,Bali,2023-02-17,Gold
C24273,Sari Anggraini,Wanita,1996,Surabaya,Jawa Timur,2022-05-20,Silver
C24274,Hendra Firmansyah,,1984,Malang,Jawa Timur,2022-07-06,Basic
C24275,Maya Hidayat,Pria,1977,JAKARTA SELATAN,DKI Jakarta,2022-07-27,Silver
C24276,Maya Anggraini,Pria,1973,Bekasi,Jawa Barat,2024-06-12,Silver
C24277,Wahyu Kusuma,Pria,1989,Tangerang Selatan,Banten,2023-03-26,Basic
C24278,Ayu Nugroho,Pria,1990,Jaktim,DKI Jakarta,2022-10-13,Basic
C24279,Vina Rahayu,Pria,1997,Balikpapan,Kalimantan Timur,2022-11-28,Silver
C24280,Teguh Halim,Pria,1979,Semarang,Jawa Tengah,2022-04-22,Basic
C24281,Vina Kusuma,Pria,1988,Bogor,Jawa Barat,2022-12-31,Basic
C24282,Vina Anggraini,Pria,2002,Surabaya,Jawa Timur,2024-01-22,Basic
C24283,Yoga Setiawan,Pria,1985,Jakarta Selatan,DKI Jakarta,2023-02-18,Basic
C24284,Arif Hidayat,Wanita,1981,Makassar,Sulawesi Selatan,2022-03-07,Basic
C24285,Siti Kusuma,Wanita,1985,Palembang,Sumatera Selatan,2024-08-13,Basic
C24286,Hendra Santoso,Wanita,1971,Semarang,Jawa Tengah,2022-10-19,Basic
C24287,Andi Utami,Pria,2001,Tangerang,Banten,2024-05-13,Basic
C24288,Intan Kusuma,Wanita,1990,Jakarta Timur,DKI Jakarta,2022-05-21,Basic
C24289,Fitri Anggraini,Wanita,1981,Palembang,Sumatera Selatan,2024-04-23,Basic
C24290,Dimas Nugroho,Pria,1981,Bandung,Jawa Barat,2024-06-03,Basic
C24291,Nadia Pratama,Wanita,1976,Jakarta Timur,DKI Jakarta,2024-07-13,Silver
C24292,Nadia Hidayat,Pria,1996,Jakarta Timur,DKI Jakarta,2022-06-20,Basic
C24293,Anisa Wijaya,Pria,1992,Jakarta Selatan,DKI Jakarta,2022-04-27,Silver
C24294,Teguh Nugroho,Pria,1980,Tangerang,Banten,2022-01-10,Silver
C24295,Maya Wijaya,Pria,1974,Jakarta Timur,DKI Jakarta,2023-02-05,Silver
C24296,Hendra Wijaya,Pria,1973,Bandung,Jawa Barat,2023-08-21,Silver
C24297,Vina Hidayat,Pria,1991,Semarang,Jawa Tengah,2024-04-16,Gold
C24298,Bayu Hidayat,Pria,1981,Surabaya ,Jawa Timur,2024-07-17,Gold
C24299,Hendra Utami,Wanita,1982,Tangerang Selatan,Banten,2024-03-21,Basic
C24300,Fitri Firmansyah,Pria,1987,Depok,Jawa Barat,2024-02-09,Basic
C24301,Ayu Saputra,Pria,1998,Malang,Jawa Timur,2022-09-20,Basic
C24302,Rani Ramadhan,Pria,1984,Surabaya,Jawa Timur,2023-06-30,Basic
C24303,Siti Utami,Wanita,1986,Bekasi,Jawa Barat,2023-02-19,Basic
C24304,Hendra Halim,Wanita,1972,Makassar,Sulawesi Selatan,2022-08-13,Basic
C24305,Fajar Permana,Wanita,1980,jakarta timur,DKI Jakarta,2023-12-23,Basic
C24306,Teguh Wijaya,Pria,1992,Tangerang Selatan,Banten,2022-11-29,Basic
C24307,Anisa Pratama,Pria,1982,Tangerang,Banten,2023-10-14,Silver
C24308,Anisa Wijaya,Pria,1994,Balikpapan,Kalimantan Timur,2022-08-07,Basic
C24309,Nadia Firmansyah,Wanita,1998,Jakarta Selatan,DKI Jakarta,2024-04-23,Silver
C24310,Fajar Pratama,Wanita,1974,Tangerang,Banten,2023-04-16,Silver
C24311,Anisa Setiawan,Wanita,1994,Bekasi,Jawa Barat,2024-08-18,Silver
C24312,Maya Pratama,Pria,1973,Semarang,Jawa Tengah,2022-07-01,Silver
C24313,Iqbal Rahayu,Pria,1976,jakarta selatan,DKI Jakarta,2022-12-09,Silver
C24314,Anisa Setiawan,Pria,1985,Palembang,Sumatera Selatan,2023-03-02,Basic
C24315,Reza Anggraini,,2002,jakarta barat,DKI Jakarta,2024-03-01,Basic
C24316,Siti Rahayu,Pria,1979,Bandung,Jawa Barat,2022-03-13,Gold
C24317,Galih Utami,Pria,1980,Malang,Jawa Timur,2024-05-05,Silver
C24318,Fitri Rahayu,Wanita,1970,Tangerang Selatan,Banten,2023-06-26,Silver
C24319,Yoga Saputra,Wanita,1997,Makassar,Sulawesi Selatan,2023-05-20,Basic
C24320,Ayu Halim,Wanita,1979,Jakarta Barat,DKI Jakarta,2022-12-22,Basic
C24321,Hendra Nugroho,Wanita,1988,Medan,Sumatera Utara,2024-05-13,Silver
C24322,Intan Pratama,Wanita,1994,Jakarta Selatan,DKI Jakarta,2023-02-17,Basic
C24323,Budi Ramadhan,Pria,1982,Depok,Jawa Barat,2024-07-01,Basic
C24324,Lestari Utami,Pria,1997,Surabaya ,Jawa Timur,2024-04-13,
C24325,Vina Anggraini,Pria,1999,Balikpapan,Kalimantan Timur,2023-01-20,Gold
C24326,Nadia Hidayat,Wanita,1974,DIY,DI Yogyakarta,2023-08-25,Silver
C24327,Fajar Rahayu,Wanita,2000,Jakbar,DKI Jakarta,2022-05-04,Silver
C24328,Hendra Pratama,Pria,2001,Jakarta selatan,DKI Jakarta,2022-09-25,Basic
C24329,Fitri Setiawan,Pria,1996,Bekasi,Jawa Barat,2024-03-29,Basic
C24330,Budi Ramadhan,Wanita,1986,Jakarta Selatan,DKI Jakarta,2024-07-08,Basic
C24331,Fajar Ramadhan,Pria,2002,Bekasi,Jawa Barat,2022-03-02,Basic
C24332,Andi Nugroho,Pria,2001,Jakarta Timur,DKI Jakarta,2023-10-14,Basic
C24333,Arif Nugroho,Pria,1988,Surabaya,Jawa Timur,2022-04-24,Basic
C24334,Fajar Pratama,Wanita,2001,Jakarta Timur,DKI Jakarta,2022-06-05,Basic
C24335,Wahyu Wijaya,Wanita,1999,Bandung,Jawa Barat,2023-04-13,Silver
C24336,Maya Santoso,Pria,2001,Depok,Jawa Barat,2022-08-30,Basic
C24337,Arif Rahayu,Pria,2002,JAKARTA BARAT,DKI Jakarta,2022-02-15,Silver
C24338,Nadia Firmansyah,Wanita,1989,Balikpapan,Kalimantan Timur,2022-05-17,Basic
C24339,Sari Anggraini,Wanita,1977,Depok,Jawa Barat,2022-03-07,Silver
C24340,Agus Wijaya,Wanita,1996,Bogor,Jawa Barat,2022-01-20,Basic
C24341,Dimas Firmansyah,Pria,2000,Bandung,Jawa Barat,2022-06-03,Basic
C24342,Rani Kusuma,Pria,1990,Bekasi,Jawa Barat,2024-01-01,Basic
C24343,Lestari Saputra,Wanita,1971,Bekasi,Jawa Barat,2024-06-30,
C24344,Citra Nugroho,,1999,Tangerang,Banten,2024-08-11,Gold
C24345,Iqbal Setiawan,Wanita,1988,bandung,Jawa Barat,2023-01-29,Basic
C24346,Rizky Santoso,Wanita,1987,Surabaya,Jawa Timur,2022-06-18,Silver
C24347,Sari Santoso,Pria,1999,Jakbar,DKI Jakarta,2022-03-13,Basic
C24348,Bayu Pratama,Pria,1976,Tangerang Selatan,Banten,2024-09-04,Basic
C24349,Fitri Permana,Wanita,1980,Depok,Jawa Barat,2023-09-23,Gold
C24350,Ayu Saputra,Wanita,1980,Bekasi,Jawa Barat,2024-02-06,Basic
C24351,Arif Anggraini,Pria,1990,Bekasi,Jawa Barat,2022-02-17,Basic
C24352,Lestari Halim,Wanita,1979, Bandung,Jawa Barat,2022-10-07,Basic
C24353,Hendra Ramadhan,Wanita,1984,Bekasi,Jawa Barat,2024-09-05,Silver
C24354,Anisa Santoso,,1972,Jakarta Timur,DKI Jakarta,2022-12-17,
C24355,Arif Hidayat,Wanita,1981,Bandung,Jawa Barat,2024-07-28,Gold
C24356,Putri Firmansyah,Pria,1971,Yogyakarta,DI Yogyakarta,2022-03-20,
C24357,Sari Saputra,Pria,1981,Bekasi,Jawa Barat,2024-08-01,Basic
C24358,Rani Rahayu,Wanita,1986,Medan,Sumatera Utara,2024-01-23,Gold
C24359,Nadia Saputra,Pria,2003,Medan,Sumatera Utara,2024-05-07,Basic
C24360,Maya Saputra,Wanita,1997,Tangerang,Banten,2022-08-05,Basic
C24361,Reza Utami,Wanita,1980,Medan,Sumatera Utara,2023-09-14,Basic
C24362,Citra Ramadhan,Wanita,1989,Bandung,Jawa Barat,2022-05-18,Silver
C24363,Teguh Setiawan,Wanita,2003,Palembang,Sumatera Selatan,2022-03-30,Basic
C24364,Rizky Utami,Wanita,1996,Bekasi,Jawa Barat,2024-08-19,Gold
C24365,Sari Saputra,Wanita,1980,tangerang selatan,Banten,2023-09-05,Gold
C24366,Intan Ramadhan,Wanita,1972,Jakarta Selatan,DKI Jakarta,2023-09-20,Basic
C24367,Nadia Anggraini,Pria,2001,JAKARTA BARAT,DKI Jakarta,2022-07-26,Basic
C24368,Budi Firmansyah,Pria,2003,Tangerang Selatan,Banten,2022-01-22,Basic
C24369,Budi Santoso,,1983,Balikpapan,Kalimantan Timur,2023-09-12,Basic
C24370,Bayu Nugroho,,1983,Malang,Jawa Timur,2022-10-04,Gold
C24371,Bayu Anggraini,Wanita,2001,Bekasi,Jawa Barat,2023-09-09,Basic
C24372,Agus Ramadhan,Pria,2002,Jakarta Barat,DKI Jakarta,2022-03-06,Basic
C24373,Ayu Anggraini,Wanita,1982,Semarang,Jawa Tengah,2022-07-23,Basic
C24374,Reza Setiawan,Pria,1972,Medan,Sumatera Utara,2024-09-08,Basic
C24375,Galih Ramadhan,Pria,2001,Bandung,Jawa Barat,2023-05-20,Gold
C24376,Anisa Rahayu,,1997,Jakarta Selatan,DKI Jakarta,2023-03-16,Basic
C24377,Dewi Kusuma,Wanita,1971,Bandung,Jawa Barat,2022-11-01,Silver
C24378,Iqbal Hidayat,Wanita,1982,Jakarta Timur,DKI Jakarta,2024-03-26,Silver
C24379,Anisa Hidayat,Pria,1987,Balikpapan,Kalimantan Timur,2024-02-24,Basic
C24380,Vina Nugroho,Pria,1976,Surabaya,Jawa Timur,2024-04-17,Basic
C24381,Lestari Permana,Pria,1972,Semarang,Jawa Tengah,2022-04-14,
C24382,Arif Nugroho,Wanita,1978,Bandung,Jawa Barat,2022-09-05,Silver
C24383,Fitri Hidayat,Wanita,1993,Tangerang,Banten,2024-06-13,Silver
C24384,Teguh Nugroho,,1996,Depok,Jawa Barat,2024-04-13,
C24385,Fajar Rahayu,Wanita,1975,Yogyakarta,DI Yogyakarta,2022-05-15,Silver
C24386,Budi Nugroho,Wanita,1973,DIY,DI Yogyakarta,2023-10-04,Silver
C24387,Bayu Utami,Pria,2002,Tangerang,Banten,2024-01-11,Basic
C24388,Rani Setiawan,Pria,1992,Depok,Jawa Barat,2024-06-14,Basic
C24389,Galih Permana,Wanita,1995,Tangerang Selatan,Banten,2022-06-01,Basic
C24390,Iqbal Permana,Wanita,1992,Bandung,Jawa Barat,2024-04-19,Basic
C24391,Citra Rahayu,Wanita,2002,Malang,Jawa Timur,2024-06-28,Silver
C24392,Budi Firmansyah,Wanita,1977,Jaksel,DKI Jakarta,2022-08-08,Silver
C24393,Teguh Pratama,Pria,1971,Jakarta Selatan,DKI Jakarta,2024-02-01,Basic
C24394,Reza Ramadhan,Wanita,2000,Medan,Sumatera Utara,2022-01-12,
C24395,Siti Kusuma,Pria,1985,Tangerang Selatan,Banten,2024-06-04,Basic
C24396,Intan Permana,Pria,1973,Bekasi,Jawa Barat,2022-11-26,Silver
C24397,Wahyu Permana,Pria,1994,Bekasi,Jawa Barat,2023-10-29,Basic
C24398,Lestari Anggraini,Wanita,2003,Malang,Jawa Timur,2022-02-01,Basic
C24399,Yoga Wijaya,Wanita,1978,Depok,Jawa Barat,2023-07-26,Basic
C24400,Agus Hidayat,Wanita,1997,Bekasi,Jawa Barat,2023-10-20,Silver
C24401,Teguh Permana,,1994,Tangerang,Banten,2022-02-23,Basic
C24402,Ayu Halim,Wanita,1997,Tangerang,Banten,2023-08-16,
C24403,Citra Santoso,Wanita,1991,Palembang,Sumatera Selatan,2022-09-21,Basic
C24404,Arif Rahayu,Pria,1975,BANDUNG,Jawa Barat,2024-07-16,Silver
C24405,Maya Pratama,,2000,Surabaya,Jawa Timur,2023-08-07,Basic
C24406,Reza Ramadhan,Wanita,2000,Jakarta Barat,DKI Jakarta,2023-04-01,Basic
C24407,Agus Setiawan,Pria,1989,Medan,Sumatera Utara,2022-10-31,Silver
C24408,Putri Anggraini,Wanita,1996,Jaktim,DKI Jakarta,2023-07-06,Silver
C24409,Agus Kusuma,Pria,1999,Bogor,Jawa Barat,2023-07-14,Gold
C24410,Galih Ramadhan,,2000,Tangsel,Banten,2022-02-18,Basic
C24411,Dimas Pratama,Pria,2001,Jakarta Timur,DKI Jakarta,2022-09-26,Basic
C24412,Budi Kusuma,Pria,1992,Denpasar,Bali,2022-02-09,Silver
C24413,Bayu Anggraini,,2000,Yogyakarta,DI Yogyakarta,2022-06-14,Silver
C24414,Vina Kusuma,Wanita,1972,Jakarta Timur,DKI Jakarta,2023-09-28,Basic
C24415,Nadia Rahayu,Wanita,1983,Medan,Sumatera Utara,2024-01-21,Basic
C24416,Ayu Kusuma,Pria,1982,Bogor,Jawa Barat,2022-04-26,Basic
C24417,Anisa Hidayat,Pria,1995,Jaktim,DKI Jakarta,2024-06-23,Silver
C24418,Galih Kusuma,Pria,1974,Tangerang Selatan,Banten,2022-06-15,Basic
C24419,Vina Setiawan,Pria,1976,Tangerang,Banten,2024-03-19,Basic
C24420,Dimas Pratama,Wanita,1995,Jakarta Selatan,DKI Jakarta,2023-04-11,Basic
C24421,Fajar Santoso,Wanita,1983,Bekasi,Jawa Barat,2024-06-10,Basic
C24422,Ayu Rahayu,Wanita,1971,Tangerang,Banten,2022-03-04,
C24423,Ayu Rahayu,Wanita,1970,Jakarta Timur,DKI Jakarta,2022-03-06,
C24424,Putri Anggraini,Pria,1988,Denpasar,Bali,2022-01-15,Basic
C24425,Fajar Ramadhan,Pria,1978,Surabaya,Jawa Timur,2024-02-04,Basic
C24426,Fitri Setiawan,Pria,1986,Medan,Sumatera Utara,2023-02-21,Basic
C24427,Hendra Rahayu,Pria,1978,Bandung,Jawa Barat,2024-02-25,Gold
C24428,Rizky Kusuma,Pria,2003,Bandung,Jawa Barat,2024-02-13,Basic
C24429,Ayu Setiawan,Wanita,1996,Balikpapan,Kalimantan Timur,2023-01-24,
C24430,Rani Saputra,Wanita,1988,Bekasi,Jawa Barat,2024-09-15,Silver
C24431,Rani Nugroho,Wanita,1995,Bekasi,Jawa Barat,2022-12-09,Gold
C24432,Siti Firmansyah,Pria,1975,Palembang,Sumatera Selatan,2023-02-23,Basic
C24433,Nurul Setiawan,Wanita,1970,Palembang,Sumatera Selatan,2024-08-07,Silver
C24434,Nurul Rahayu,Pria,1986,Depok,Jawa Barat,2022-07-27,Basic
C24435,Nadia Halim,Wanita,1970, Bandung,Jawa Barat,2023-06-07,Gold
C24436,Fitri Setiawan,Wanita,1971,Yogyakarta,DI Yogyakarta,2022-07-14,Basic
C24437,Teguh Permana,Pria,1994,Depok,Jawa Barat,2023-08-30,Basic
C24438,Yoga Santoso,Wanita,1998,Semarang,Jawa Tengah,2022-01-22,Basic
C24439,Anisa Utami,Pria,1987,jakarta timur,DKI Jakarta,2022-07-01,Silver
C24440,Wahyu Rahayu,Wanita,1988,Bogor,Jawa Barat,2023-07-18,Basic
C24441,Intan Rahayu,Wanita,1997,Yogyakarta,DI Yogyakarta,2024-03-13,Basic
C24442,Nadia Rahayu,Wanita,1980,Denpasar,Bali,2023-03-06,Basic
C24443,Citra Pratama,Wanita,1971,Bekasi,Jawa Barat,2022-02-18,Basic
C24444,Galih Kusuma,Wanita,1976,Medan,Sumatera Utara,2023-09-15,Basic
C24445,Andi Anggraini,Wanita,1976,Depok,Jawa Barat,2022-11-19,Basic
C24446,Ayu Nugroho,Wanita,1998,Yogyakarta,DI Yogyakarta,2023-05-16,Silver
C24447,Siti Nugroho,Pria,1975,Bandung,Jawa Barat,2023-04-13,Silver
C24448,Vina Kusuma,Pria,2002,Bogor,Jawa Barat,2022-10-09,Basic
C24449,Nurul Kusuma,Wanita,1976,Bogor,Jawa Barat,2022-03-15,
C24450,Iqbal Santoso,Wanita,1985,BANDUNG,Jawa Barat,2022-07-14,Silver
C24451,Citra Saputra,Pria,1990,Palembang,Sumatera Selatan,2023-05-08,Basic
C24452,Budi Pratama,Wanita,1998,Jakarta Selatan,DKI Jakarta,2023-12-19,Basic
C24453,Budi Ramadhan,Wanita,2003,Jakarta Timur,DKI Jakarta,2023-02-21,Basic
C24454,Vina Setiawan,Wanita,1987,Tangerang Selatan,Banten,2024-01-21,Basic
C24455,Maya Pratama,Wanita,1975,Malang,Jawa Timur,2023-11-23,Basic
C24456,Nurul Nugroho,Wanita,1989,Tangerang Selatan,Banten,2023-03-04,Gold
C24457,Iqbal Saputra,Pria,1998,Jakarta Selatan,DKI Jakarta,2022-07-12,Silver
C24458,Vina Santoso,Pria,1973,Depok,Jawa Barat,2023-01-16,Basic
C24459,Iqbal Saputra,Wanita,1988,Jakarta Timur,DKI Jakarta,2023-06-03,Basic
C24460,Arif Hidayat,Wanita,2002,Depok,Jawa Barat,2023-01-10,Basic
C24461,Agus Halim,Wanita,1977,Denpasar,Bali,2022-04-03,Silver
C24462,Teguh Wijaya,Wanita,1986,yogyakarta,DI Yogyakarta,2023-06-20,Basic
C24463,Dewi Kusuma,Wanita,1973,Palembang,Sumatera Selatan,2023-05-22,Basic
C24464,Budi Permana,Wanita,2003,Bandung,Jawa Barat,2023-07-03,Basic
C24465,Ayu Ramadhan,Pria,1985,Depok,Jawa Barat,2022-10-13,Silver
C24466,Ayu Pratama,Wanita,1999,Jakarta Selatan,DKI Jakarta,2022-12-13,Basic
C24467,Siti Pratama,Wanita,1982,Makassar,Sulawesi Selatan,2023-01-27,Basic
C24468,Anisa Ramadhan,Pria,1977,Tangerang Selatan,Banten,2022-11-25,Gold
C24469,Ayu Anggraini,Wanita,1984,Surabaya,Jawa Timur,2022-08-19,Silver
C24470,Ayu Rahayu,Pria,1971,Semarang,Jawa Tengah,2022-08-21,Basic
C24471,Yoga Hidayat,Pria,1974,Jakarta Selatan,DKI Jakarta,2023-01-18,Basic
C24472,Iqbal Anggraini,Wanita,1986,Depok,Jawa Barat,2023-02-28,Gold
C24473,Galih Setiawan,Wanita,1999,Surabaya,Jawa Timur,2022-09-19,Basic
C24474,Galih Setiawan,Wanita,1991,Jakarta Barat,DKI Jakarta,2022-05-24,Basic
C24475,Dimas Nugroho,Wanita,1988,Bogor,Jawa Barat,2023-11-10,Basic
C24476,Budi Setiawan,Pria,1991,Semarang,Jawa Tengah,2024-08-28,Silver
C24477,Nurul Wijaya,Wanita,1997,Surabaya ,Jawa Timur,2022-08-27,
C24478,Nadia Ramadhan,Pria,1990,Bogor,Jawa Barat,2023-02-15,Basic
C24479,Nadia Wijaya,Pria,1986,Depok,Jawa Barat,2022-12-31,Silver
C24480,Anisa Kusuma,Wanita,1992,Tangerang Selatan,Banten,2024-03-10,Basic
C24481,Nurul Saputra,Pria,1977,Medan,Sumatera Utara,2024-05-30,Basic
C24482,Andi Permana,,1976,Bandung,Jawa Barat,2022-06-11,Gold
C24483,Dimas Utami,,2002,Malang,Jawa Timur,2023-07-26,
C24484,Andi Wijaya,Wanita,1993,Surabaya,Jawa Timur,2024-06-21,Gold
C24485,Ayu Wijaya,Pria,1983,Makassar,Sulawesi Selatan,2024-08-14,Silver
C24486,Bayu Kusuma,Wanita,1989,Malang,Jawa Timur,2023-01-08,Basic
C24487,Andi Saputra,Pria,1980,Jakarta Selatan,DKI Jakarta,2024-02-25,Basic
C24488,Fajar Anggraini,Wanita,1972,Bekasi,Jawa Barat,2022-02-14,Gold
C24489,Bayu Permana,Pria,1980,Tangerang Selatan,Banten,2022-12-01,Basic
C24490,Nadia Ramadhan,Pria,1990,Tangerang,Banten,2022-11-08,Basic
C24491,Nadia Ramadhan,Wanita,1999,Medan,Sumatera Utara,2022-02-05,Silver
C24492,Reza Setiawan,,1981,Tangsel,Banten,2023-10-29,Basic
C24493,Wahyu Kusuma,Wanita,1993,Bekasi,Jawa Barat,2023-06-08,Basic
C24494,Putri Santoso,,1973,TANGSEL,Banten,2023-09-27,Basic
C24495,Anisa Nugroho,Wanita,1987,Jakarta Barat,DKI Jakarta,2022-03-02,Basic
C24496,Yoga Ramadhan,Wanita,1972,Jakarta Barat,DKI Jakarta,2022-11-17,Basic
C24497,Rizky Hidayat,Wanita,2001,Medan,Sumatera Utara,2022-09-29,Basic
C24498,Wahyu Hidayat,Wanita,2003,Yogyakarta,DI Yogyakarta,2024-06-02,Basic
C24499,Fitri Setiawan,Pria,1990,Malang,Jawa Timur,2024-07-03,Basic
C24500,Arif Setiawan,Wanita,1973,Jakarta Timur,DKI Jakarta,2024-01-30,Basic
C24501,Budi Saputra,Wanita,2003,SBY,Jawa Timur,2023-11-08,Basic
C24502,Ayu Pratama,Pria,1993,Medan,Sumatera Utara,2024-07-29,Silver
C24503,Iqbal Anggraini,Pria,1980,jakarta timur,DKI Jakarta,2023-07-05,Basic
C24504,Anisa Kusuma,Wanita,1983,Bogor,Jawa Barat,2023-02-25,Silver
C24505,Nurul Rahayu,,1998,Bekasi,Jawa Barat,2023-01-18,Basic
C24506,Vina Halim,Pria,1990,Palembang,Sumatera Selatan,2022-09-13,Basic
C24507,Budi Utami,Pria,1985,Tangerang Selatan,Banten,2022-12-04,Silver
C24508,Siti Rahayu,Wanita,1986,Depok,Jawa Barat,2024-05-06,Basic
C24509,Intan Firmansyah,Pria,2002,Tangerang Selatan,Banten,2023-01-17,Basic
C24510,Fajar Rahayu,Wanita,1991,Tangerang Selatan,Banten,2024-02-01,Basic
C24511,Maya Kusuma,Pria,1991,Tangerang Selatan,Banten,2023-03-29,Basic
C24512,Galih Anggraini,Pria,1977, Bandung,Jawa Barat,2024-03-17,Basic
C24513,Iqbal Nugroho,Pria,1976,Bandung,Jawa Barat,2023-10-05,Basic
C24514,Reza Hidayat,Wanita,1977,Bogor,Jawa Barat,2022-11-04,Basic
C24515,Nurul Kusuma,Pria,1987,Bekasi,Jawa Barat,2024-02-14,Silver
C24516,Citra Saputra,Pria,1975,Tangerang Selatan,Banten,2023-04-28,Basic
C24517,Fajar Ramadhan,Wanita,1995,Balikpapan,Kalimantan Timur,2024-06-14,Silver
C24518,Nurul Halim,,1981,Semarang,Jawa Tengah,2022-12-11,Silver
C24519,Budi Nugroho,Wanita,1991,Bogor,Jawa Barat,2023-06-20,Silver
C24520,Nurul Wijaya,Pria,1973,Jakarta Selatan,DKI Jakarta,2024-07-22,Silver
C24521,Budi Hidayat,Pria,1977,Yogyakarta,DI Yogyakarta,2024-02-23,Basic
C24522,Galih Santoso,Wanita,1984,Surabaya,Jawa Timur,2022-06-28,Basic
C24523,Agus Santoso,Pria,1977,Tangerang Selatan,Banten,2022-10-03,Silver
C24524,Dimas Santoso,Wanita,1988,Jakarta Selatan,DKI Jakarta,2022-10-30,Basic
C24525,Rani Halim,Pria,1974,Semarang,Jawa Tengah,2023-03-01,Basic
C24526,Galih Ramadhan,Pria,2003,Jakarta Timur,DKI Jakarta,2022-08-14,Basic
C24527,Bayu Wijaya,Pria,1983,Surabaya,Jawa Timur,2022-03-15,Basic
C24528,Reza Ramadhan,Wanita,1972,Surabaya,Jawa Timur,2022-07-05,
C24529,Andi Nugroho,Pria,1986,Tangerang Selatan,Banten,2024-03-18,Silver
C24530,Maya Hidayat,Wanita,1995,Makassar,Sulawesi Selatan,2022-04-03,Basic
C24531,Galih Rahayu,Pria,1992,Surabaya,Jawa Timur,2024-09-01,Basic
C24532,Bayu Hidayat,,1981,Tangerang,Banten,2023-01-03,Gold
C24533,Nadia Halim,Pria,1974,Jakarta Barat,DKI Jakarta,2024-08-12,Gold
C24534,Reza Ramadhan,Wanita,1978,Jakarta Selatan,DKI Jakarta,2024-07-22,Silver
C24535,Agus Santoso,Wanita,1983,Medan,Sumatera Utara,2023-10-24,Basic
C24536,Reza Setiawan,Pria,1981,jakarta selatan,DKI Jakarta,2022-06-09,Basic
C24537,Vina Pratama,Pria,1985,Tangerang,Banten,2023-03-26,Basic
C24538,Bayu Wijaya,Wanita,1996,Malang,Jawa Timur,2024-03-09,Basic
C24539,Reza Permana,Wanita,1970,SBY,Jawa Timur,2024-09-06,Basic
C24540,Dimas Setiawan,Wanita,2003,Balikpapan,Kalimantan Timur,2022-07-13,Silver
C24541,Maya Santoso,Pria,1985,Jakarta Barat,DKI Jakarta,2024-05-27,Basic
C24542,Rizky Santoso,Pria,1998,Bekasi,Jawa Barat,2024-02-18,Basic
C24543,Budi Saputra,,1981,Depok,Jawa Barat,2024-04-15,
C24544,Dewi Santoso,Wanita,1977,Bandung,Jawa Barat,2023-06-21,Silver
C24545,Teguh Nugroho,Pria,1976,Surabaya ,Jawa Timur,2024-07-30,Basic
C24546,Fajar Setiawan,Pria,2000,Tangerang,Banten,2024-02-25,Basic
C24547,Andi Rahayu,Pria,1987,jakarta selatan,DKI Jakarta,2024-03-21,Silver
C24548,Rani Firmansyah,Pria,1983,Jakarta Timur,DKI Jakarta,2022-07-22,Basic
C24549,Fajar Firmansyah,Wanita,1977,Balikpapan,Kalimantan Timur,2023-01-01,Silver
C24550,Nurul Wijaya,Pria,1974,SBY,Jawa Timur,2022-10-14,Silver
C24551,Citra Kusuma,Pria,1982,Jakarta Selatan,DKI Jakarta,2022-07-22,Gold
C24552,Citra Firmansyah,Pria,1976,Tangerang,Banten,2024-01-12,Basic
C24553,Putri Firmansyah,Wanita,1970,Depok,Jawa Barat,2024-06-24,Silver
C24554,Fajar Setiawan,Wanita,1981,Yogyakarta,DI Yogyakarta,2023-02-18,Basic
C24555,Budi Ramadhan,Wanita,1994,Bekasi,Jawa Barat,2023-05-17,Basic
C24556,Teguh Pratama,Pria,1993,Balikpapan,Kalimantan Timur,2023-12-15,Basic
C24557,Putri Permana,Wanita,1992,Surabaya,Jawa Timur,2024-04-05,Gold
C24558,Rani Wijaya,Pria,1988,Malang,Jawa Timur,2024-01-19,Silver
C24559,Agus Hidayat,Pria,1992,tangerang selatan,Banten,2022-10-16,Basic
C24560,Reza Anggraini,Pria,1999,Bandung,Jawa Barat,2022-03-04,Basic
C24561,Reza Hidayat,Wanita,1975,Balikpapan,Kalimantan Timur,2022-12-25,Silver
C24562,Anisa Firmansyah,Wanita,1986,Bogor,Jawa Barat,2024-06-03,Silver
C24563,Agus Permana,Pria,1970,Jakarta Selatan,DKI Jakarta,2022-10-15,Silver
C24564,Rani Kusuma,Wanita,1980,Malang,Jawa Timur,2022-01-24,Silver
C24565,Fitri Hidayat,Wanita,1991,Depok,Jawa Barat,2023-02-12,Basic
C24566,Hendra Nugroho,Pria,1994,tangerang selatan,Banten,2024-07-26,Basic
C24567,Sari Firmansyah,Pria,1990,Bogor,Jawa Barat,2022-10-26,Silver
C24568,Sari Santoso,Wanita,1973,Denpasar,Bali,2024-09-05,Basic
C24569,Rizky Anggraini,Pria,1992, Bandung,Jawa Barat,2022-08-13,Silver
C24570,Arif Kusuma,Wanita,1991,Depok,Jawa Barat,2023-05-17,Basic
C24571,Rani Firmansyah,Wanita,1977,Semarang,Jawa Tengah,2023-07-17,Basic
C24572,Intan Hidayat,Pria,1982,Tangerang,Banten,2023-08-14,Basic
C24573,Lestari Permana,Wanita,1990,jakarta selatan,DKI Jakarta,2023-09-28,Basic
C24574,Reza Permana,Pria,1991,Jakarta Barat,DKI Jakarta,2023-08-02,Basic
C24575,Arif Nugroho,Wanita,1973,Jakarta Timur,DKI Jakarta,2024-01-29,Basic
C24576,Nadia Rahayu,Pria,2003,Jaktim,DKI Jakarta,2022-01-25,Basic
C24577,Fitri Rahayu,Wanita,1970,Yogyakarta,DI Yogyakarta,2022-09-08,Basic
C24578,Ayu Santoso,Pria,1996,Medan,Sumatera Utara,2024-09-07,Basic
C24579,Budi Halim,Pria,1977,Jakarta Barat,DKI Jakarta,2023-04-29,Basic
C24580,Sari Firmansyah,Wanita,1988,Depok,Jawa Barat,2024-07-26,Basic
C24581,Teguh Halim,,1970,Denpasar,Bali,2022-12-07,Basic
C24582,Siti Saputra,Wanita,1988,Bogor,Jawa Barat,2022-08-19,Basic
C24583,Nadia Permana,Pria,1971,Semarang,Jawa Tengah,2024-08-11,Silver
C24584,Teguh Rahayu,Pria,1988,Makassar,Sulawesi Selatan,2022-07-17,Silver
C24585,Dimas Pratama,Wanita,1996,Depok,Jawa Barat,2024-09-25,Basic
C24586,Arif Kusuma,Pria,1976,surabaya,Jawa Timur,2022-04-08,Basic
C24587,Citra Permana,Pria,1985,Malang,Jawa Timur,2023-02-25,Silver
C24588,Hendra Anggraini,Wanita,1979,Depok,Jawa Barat,2024-08-08,Basic
C24589,Putri Ramadhan,Pria,1994,Semarang,Jawa Tengah,2022-05-29,Basic
C24590,Vina Permana,Pria,1970,Balikpapan,Kalimantan Timur,2022-04-26,Basic
C24591,Putri Anggraini,Wanita,1991,Medan,Sumatera Utara,2022-08-11,Basic
C24592,Galih Nugroho,Pria,1988,surabaya,Jawa Timur,2022-11-13,Basic
C24593,Iqbal Firmansyah,Pria,1988,Malang,Jawa Timur,2023-08-28,Basic
C24594,Sari Ramadhan,Pria,1997,Jakarta Timur,DKI Jakarta,2023-07-18,Basic
C24595,Putri Ramadhan,Wanita,1999,Jakarta Selatan,DKI Jakarta,2023-06-28,Basic
C24596,Dimas Firmansyah,Pria,1989,Semarang,Jawa Tengah,2023-04-05,Silver
C24597,Dimas Santoso,Wanita,1982,Medan,Sumatera Utara,2022-03-27,Silver
C24598,Dimas Kusuma,Pria,1982,BANDUNG,Jawa Barat,2023-07-29,Basic
C24599,Ayu Pratama,Pria,1993,Medan,Sumatera Utara,2023-12-10,Basic
C24600,Agus Utami,Pria,1994,Malang,Jawa Timur,2022-06-08,Silver
C24601,Siti Pratama,Wanita,1995,Medan,Sumatera Utara,2024-03-05,Gold
C24602,Arif Utami,Pria,1974,Depok,Jawa Barat,2024-06-22,Basic
C24603,Ayu Santoso,Wanita,1981,Surabaya,Jawa Timur,2024-05-14,Basic
C24604,Dewi Kusuma,Wanita,1984,Bogor,Jawa Barat,2023-05-16,Basic
C24605,Lestari Hidayat,Wanita,1974,Bekasi,Jawa Barat,2022-01-09,Basic
C24606,Reza Halim,Pria,1989,Bogor,Jawa Barat,2023-05-03,Silver
C24607,Lestari Kusuma,Wanita,1974,Depok,Jawa Barat,2022-02-22,Basic
C24608,Sari Nugroho,Pria,1985,Makassar,Sulawesi Selatan,2023-04-07,Gold
C24609,Teguh Wijaya,Wanita,1988,jakarta timur,DKI Jakarta,2022-02-26,Silver
C24610,Anisa Halim,Wanita,1996,SBY,Jawa Timur,2024-09-17,Silver
C24611,Dewi Utami,Wanita,1975,JAKARTA BARAT,DKI Jakarta,2023-10-06,Silver
C24612,Reza Permana,Pria,1993,SBY,Jawa Timur,2023-01-06,Basic
C24613,Intan Anggraini,Pria,2001,Bekasi,Jawa Barat,2022-03-31,Basic
C24614,Sari Utami,Wanita,1999,Bogor,Jawa Barat,2024-03-15,Basic
C24615,Anisa Permana,,1993,Bandung,Jawa Barat,2022-08-29,Basic
C24616,Nadia Pratama,Wanita,1992,Jakarta Selatan,DKI Jakarta,2023-10-31,Basic
C24617,Putri Nugroho,Pria,2003,Tangerang,Banten,2022-09-26,Silver
C24618,Dimas Santoso,Wanita,1982,Tangerang Selatan,Banten,2023-09-18,Gold
C24619,Rani Rahayu,Wanita,1977,Bogor,Jawa Barat,2022-01-03,Basic
C24620,Fitri Ramadhan,Pria,1973,Bekasi,Jawa Barat,2023-01-12,Basic
C24621,Dimas Hidayat,Wanita,2001,Tangerang,Banten,2023-04-03,Basic
C24622,Bayu Utami,Wanita,1983,Depok,Jawa Barat,2023-09-13,Basic
C24623,Wahyu Kusuma,Pria,1988,Bandung,Jawa Barat,2024-07-18,Basic
C24624,Putri Kusuma,Wanita,1970,Jaksel,DKI Jakarta,2023-02-12,Basic
C24625,Maya Utami,Pria,2003,Depok,Jawa Barat,2024-05-23,Basic
C24626,Reza Saputra,Pria,1974,Balikpapan,Kalimantan Timur,2022-10-20,Basic
C24627,Ayu Permana,Pria,1994,Malang,Jawa Timur,2023-10-11,Silver
C24628,Vina Rahayu,Wanita,1995,Bogor,Jawa Barat,2024-01-22,Basic
C24629,Citra Kusuma,Wanita,1973,Denpasar,Bali,2022-01-30,Basic
C24630,Nadia Permana,Pria,1994,bandung,Jawa Barat,2023-08-06,Basic
C24631,Dewi Wijaya,Pria,1997,Surabaya,Jawa Timur,2024-09-02,Gold
C24632,Agus Anggraini,Wanita,1979,Semarang,Jawa Tengah,2023-10-19,Silver
C24633,Fajar Ramadhan,Wanita,2002,Jakarta Barat,DKI Jakarta,2023-05-25,Basic
C24634,Arif Anggraini,Wanita,1980,Jakarta Timur,DKI Jakarta,2024-02-22,Silver
C24635,Anisa Santoso,Wanita,1985,Tangerang,Banten,2022-01-21,Silver
C24636,Ayu Santoso,Wanita,2001,Denpasar,Bali,2022-12-26,Basic
C24637,Bayu Setiawan,Wanita,1989,Jakarta Selatan,DKI Jakarta,2023-04-08,Basic
C24638,Intan Utami,Pria,2003,jakarta selatan,DKI Jakarta,2024-07-30,Basic
C24639,Nadia Wijaya,Wanita,1979,Jakarta Barat,DKI Jakarta,2022-09-21,Basic
C24640,Nadia Hidayat,Pria,1974,Bandung,Jawa Barat,2023-03-27,Basic
C24641,Nadia Saputra,Pria,1991,Bandung,Jawa Barat,2023-05-08,Gold
C24642,Anisa Kusuma,Pria,1983,Surabaya,Jawa Timur,2022-10-31,
C24643,Teguh Anggraini,Wanita,1982,Malang,Jawa Timur,2024-08-16,Basic
C24644,Citra Ramadhan,Wanita,1998,Bandung,Jawa Barat,2022-05-18,Basic
C24645,Iqbal Ramadhan,Pria,1980,Malang,Jawa Timur,2023-08-20,Basic
C24646,Fajar Hidayat,Wanita,1997,Jakarta Barat,DKI Jakarta,2022-03-28,Silver
C24647,Ayu Hidayat,Pria,1972,Surabaya,Jawa Timur,2022-01-12,Silver
C24648,Wahyu Wijaya,Wanita,1971,tangerang selatan,Banten,2022-03-30,Basic
C24649,Dewi Pratama,Pria,1982,Semarang,Jawa Tengah,2022-10-20,Basic
C24650,Arif Nugroho,Wanita,1984,Bandung,Jawa Barat,2022-02-10,Basic
C24651,Galih Permana,Pria,1991,Surabaya,Jawa Timur,2023-08-19,Basic
C24652,Arif Utami,Wanita,1984,Semarang,Jawa Tengah,2023-02-05,Basic
C24653,Nurul Hidayat,Pria,1975,Bekasi,Jawa Barat,2022-12-10,
C24654,Iqbal Nugroho,Wanita,1987,Semarang,Jawa Tengah,2023-08-10,Basic
C24655,Intan Nugroho,Pria,1982,Tangerang Selatan,Banten,2022-11-02,Basic
C24656,Dimas Setiawan,,1986,Surabaya,Jawa Timur,2024-04-11,Basic
C24657,Anisa Halim,Wanita,1979,Medan,Sumatera Utara,2023-02-24,Basic
C24658,Vina Hidayat,Wanita,1978,Balikpapan,Kalimantan Timur,2024-01-18,Basic
C24659,Bayu Setiawan,Pria,1992,Bandung,Jawa Barat,2022-09-25,Basic
C24660,Reza Pratama,Pria,1995,Makassar,Sulawesi Selatan,2024-09-18,Silver
C24661,Citra Ramadhan,Pria,2000,Surabaya,Jawa Timur,2023-09-13,Basic
C24662,Vina Setiawan,Pria,2001,Yogyakarta,DI Yogyakarta,2024-07-16,Gold
C24663,Sari Santoso,Pria,1990,Tangerang,Banten,2023-05-27,Basic
C24664,Galih Wijaya,Pria,1982,Depok,Jawa Barat,2023-05-07,Basic
C24665,Putri Ramadhan,Pria,1979,Bandung,Jawa Barat,2024-03-15,Gold
C24666,Reza Setiawan,Pria,1986,Depok,Jawa Barat,2024-04-11,Basic
C24667,Fajar Halim,Pria,1996,SBY,Jawa Timur,2022-11-09,Basic
C24668,Yoga Firmansyah,Wanita,1985,Jakarta Selatan,DKI Jakarta,2023-06-20,Silver
C24669,Andi Wijaya,Pria,1996,Medan,Sumatera Utara,2023-05-02,Basic
C24670,Andi Halim,Wanita,1985,Medan,Sumatera Utara,2024-04-19,Silver
C24671,Fajar Nugroho,Pria,1974,Depok,Jawa Barat,2022-06-13,Basic
C24672,Arif Halim,,1976,Tangerang Selatan,Banten,2023-07-03,Basic
C24673,Citra Permana,,1990, Bandung,Jawa Barat,2022-04-24,Basic
C24674,Nurul Pratama,Pria,1975,Bekasi,Jawa Barat,2023-12-05,Basic
C24675,Andi Pratama,Pria,2002,Jaktim,DKI Jakarta,2023-12-21,Silver
C24676,Putri Firmansyah,Wanita,1994,Depok,Jawa Barat,2022-11-29,Silver
C24677,Hendra Saputra,Wanita,1974,Denpasar,Bali,2023-06-01,Basic
C24678,Anisa Nugroho,Wanita,2001,Surabaya,Jawa Timur,2023-07-28,Basic
C24679,Intan Kusuma,Wanita,1973,Denpasar,Bali,2023-09-23,Silver
C24680,Iqbal Halim,Pria,1993,Medan,Sumatera Utara,2023-02-17,Silver
C24681,Dewi Pratama,Wanita,1994,Makassar,Sulawesi Selatan,2023-10-10,Basic
C24682,Wahyu Nugroho,,1989,Medan,Sumatera Utara,2023-03-27,Basic
C24683,Hendra Wijaya,Wanita,1993,Jakarta Barat,DKI Jakarta,2023-04-09,Basic
C24684,Budi Saputra,Wanita,2001,Balikpapan,Kalimantan Timur,2023-07-19,Silver
C24685,Maya Saputra,Wanita,1976,BANDUNG,Jawa Barat,2023-08-16,Basic
C24686,Hendra Nugroho,Wanita,1985,Depok,Jawa Barat,2023-07-13,Basic
C24687,Budi Utami,,1988,Depok,Jawa Barat,2022-09-24,
C24688,Iqbal Anggraini,Pria,1994,Depok,Jawa Barat,2023-02-11,Basic
C24689,Galih Wijaya,Wanita,1984,Tangerang,Banten,2024-05-28,Silver
C24690,Dewi Kusuma,Pria,1977,Makassar,Sulawesi Selatan,2024-02-21,Silver
C24691,Arif Nugroho,,1998,Palembang,Sumatera Selatan,2023-12-04,Silver
C24692,Agus Ramadhan,Pria,1998,Balikpapan,Kalimantan Timur,2022-07-22,Silver
C24693,Rizky Kusuma,Pria,1991,Tangerang Selatan,Banten,2024-06-22,Basic
C24694,Reza Permana,,1994,Jakarta Selatan,DKI Jakarta,2023-07-13,
C24695,Hendra Rahayu,Wanita,1992,Jogja,DI Yogyakarta,2022-04-10,Basic
C24696,Vina Anggraini,Pria,1998,Makassar,Sulawesi Selatan,2023-01-31,Basic
C24697,Rizky Hidayat,Pria,1996,Surabaya ,Jawa Timur,2023-03-02,Silver
C24698,Citra Firmansyah,Pria,1981,Malang,Jawa Timur,2024-08-10,Basic
C24699,Putri Utami,Pria,1982,Bogor,Jawa Barat,2022-05-31,Basic
C24700,Dimas Firmansyah,,1998,Makassar,Sulawesi Selatan,2024-04-04,Basic
C24701,Anisa Pratama,Pria,1976,Depok,Jawa Barat,2022-11-17,Basic
C24702,Citra Utami,Wanita,1999,Bekasi,Jawa Barat,2022-11-18,Gold
C24703,Teguh Halim,,1976,Bandung,Jawa Barat,2024-03-17,Basic
C24704,Putri Firmansyah,Wanita,1984,Bekasi,Jawa Barat,2023-09-29,Basic
C24705,Citra Halim,Wanita,1988,Bandung,Jawa Barat,2024-07-06,Gold
C24706,Siti Utami,Wanita,1986,Bogor,Jawa Barat,2023-07-31,Basic
C24707,Nurul Firmansyah,Pria,1973,Semarang,Jawa Tengah,2023-11-08,Gold
C24708,Dimas Permana,Pria,2002,Palembang,Sumatera Selatan,2024-01-09,Silver
C24709,Galih Nugroho,Wanita,1990,Bogor,Jawa Barat,2022-07-21,Basic
C24710,Fitri Wijaya,Wanita,1985,Bandung,Jawa Barat,2023-08-18,Basic
C24711,Nurul Saputra,Wanita,1974,Depok,Jawa Barat,2022-02-14,
C24712,Nurul Halim,Pria,1982,Bandung,Jawa Barat,2022-11-23,Basic
C24713,Galih Anggraini,Pria,1991,Tangerang Selatan,Banten,2024-09-19,
C24714,Rani Rahayu,,1988,Medan,Sumatera Utara,2022-10-15,Basic
C24715,Bayu Wijaya,Wanita,1998,jakarta timur,DKI Jakarta,2022-07-07,Silver
C24716,Lestari Permana,Wanita,1980,Semarang,Jawa Tengah,2022-10-28,Silver
C24717,Reza Setiawan,Pria,1988,jakarta barat,DKI Jakarta,2023-12-24,Silver
C24718,Nurul Permana,Pria,1984,Bekasi,Jawa Barat,2022-10-09,Silver
C24719,Ayu Utami,,1979,bandung,Jawa Barat,2022-08-07,Basic
C24720,Vina Pratama,Wanita,2000,Tangsel,Banten,2024-08-02,Silver
C24721,Andi Anggraini,Wanita,1983,Jaksel,DKI Jakarta,2024-05-18,Silver
C24722,Nurul Permana,Wanita,1997,Jakarta selatan,DKI Jakarta,2024-09-03,Silver
C24723,Sari Anggraini,Wanita,1983,Malang,Jawa Timur,2024-07-07,Silver
C24724,Dewi Nugroho,Wanita,1985,Depok,Jawa Barat,2022-01-03,Basic
C24725,Dewi Santoso,Pria,1980,Palembang,Sumatera Selatan,2023-07-28,Basic
C24726,Iqbal Utami,,2000,Bogor,Jawa Barat,2022-06-12,Silver
C24727,Dimas Halim,Pria,2000,Makassar,Sulawesi Selatan,2022-04-12,Basic
C24728,Nurul Permana,Pria,2002,Depok,Jawa Barat,2022-11-24,Silver
C24729,Rizky Permana,Wanita,2002,jakarta selatan,DKI Jakarta,2022-06-12,Silver
C24730,Maya Halim,Wanita,1993,Surabaya,Jawa Timur,2022-06-05,Basic
C24731,Wahyu Utami,Pria,1980,Palembang,Sumatera Selatan,2024-02-14,Silver
C24732,Intan Setiawan,Wanita,1979,Malang,Jawa Timur,2024-07-04,Basic
C24733,Sari Hidayat,Wanita,1971,Balikpapan,Kalimantan Timur,2024-04-01,Basic
C24734,Arif Setiawan,Wanita,1982,Bekasi,Jawa Barat,2022-07-11,Basic
C24735,Hendra Halim,Pria,2001,Bekasi,Jawa Barat,2022-06-15,Gold
C24736,Intan Hidayat,,1989,Semarang,Jawa Tengah,2022-01-30,Basic
C24737,Nadia Ramadhan,Wanita,2003,Tangsel,Banten,2022-08-02,Basic
C24738,Citra Ramadhan,Wanita,1985,Jakarta Selatan,DKI Jakarta,2023-12-17,Gold
C24739,Dewi Firmansyah,Pria,1979,Jakarta Barat,DKI Jakarta,2024-01-07,Basic
C24740,Teguh Firmansyah,Wanita,1973,Tangerang,Banten,2022-09-28,Silver
C24741,Wahyu Ramadhan,Pria,1998,Depok,Jawa Barat,2022-06-12,Basic
C24742,Rizky Kusuma,Wanita,1998,Medan,Sumatera Utara,2022-03-11,Basic
C24743,Maya Firmansyah,Wanita,1975,Medan,Sumatera Utara,2022-12-25,Basic
C24744,Maya Wijaya,Wanita,1992,Bekasi,Jawa Barat,2022-12-06,Basic
C24745,Budi Utami,Pria,2003,Tangerang Selatan,Banten,2022-12-08,Silver
C24746,Vina Utami,Pria,1980,Semarang,Jawa Tengah,2023-05-28,Basic
C24747,Ayu Utami,Wanita,1981,Bekasi,Jawa Barat,2024-07-17,Silver
C24748,Yoga Santoso,Wanita,1990,Jakarta Selatan,DKI Jakarta,2023-10-05,Basic
C24749,Citra Firmansyah,Pria,2001,Jakarta Barat,DKI Jakarta,2022-12-02,Gold
C24750,Siti Firmansyah,Wanita,1987,Tangsel,Banten,2023-11-20,Basic
C24751,Fitri Anggraini,Pria,1974,Surabaya,Jawa Timur,2022-01-24,Silver
C24752,Yoga Firmansyah,Pria,1999,Surabaya,Jawa Timur,2022-09-25,
C24753,Putri Halim,Wanita,1975,Surabaya,Jawa Timur,2024-04-25,Basic
C24754,Nurul Wijaya,Wanita,1992,Jakarta Selatan,DKI Jakarta,2022-05-07,Basic
C24755,Galih Santoso,Pria,1984,Depok,Jawa Barat,2023-02-25,Basic
C24756,Lestari Rahayu,Pria,1974,Tangerang,Banten,2023-12-05,Silver
C24757,Reza Firmansyah,Pria,1977,Bogor,Jawa Barat,2022-11-28,Silver
C24758,Teguh Saputra,Wanita,1975,Palembang,Sumatera Selatan,2024-01-02,Silver
C24759,Andi Anggraini,Pria,1975,Bekasi,Jawa Barat,2023-02-23,
C24760,Bayu Pratama,Wanita,1974,Malang,Jawa Timur,2022-01-12,Gold
C24761,Andi Kusuma,Pria,1998,Surabaya ,Jawa Timur,2023-11-24,Basic
C24762,Putri Anggraini,Wanita,1970,Balikpapan,Kalimantan Timur,2022-12-29,Silver
C24763,Andi Wijaya,Wanita,1985,Tangerang,Banten,2022-12-16,Silver
C24764,Citra Permana,Wanita,2000,BANDUNG,Jawa Barat,2024-02-27,Silver
C24765,Galih Setiawan,Wanita,2000,Surabaya,Jawa Timur,2023-12-01,Silver
C24766,Fajar Firmansyah,Pria,2002,Depok,Jawa Barat,2022-07-07,Silver
C24767,Putri Wijaya,Wanita,1975,Makassar,Sulawesi Selatan,2024-03-20,Gold
C24768,Andi Rahayu,Wanita,1988,Tangerang Selatan,Banten,2024-03-30,Basic
C24769,Andi Pratama,Pria,1977,Tangerang,Banten,2024-05-09,Silver
C24770,Bayu Santoso,Wanita,1973,Depok,Jawa Barat,2023-02-14,Basic
C24771,Putri Anggraini,Wanita,1974,Bandung,Jawa Barat,2022-08-13,Basic
C24772,Nurul Pratama,Wanita,2000,Depok,Jawa Barat,2023-04-12,
C24773,Vina Halim,Wanita,1985,Jogja,DI Yogyakarta,2023-05-10,Basic
C24774,Budi Ramadhan,Wanita,1982,Jakarta Selatan,DKI Jakarta,2024-05-16,Basic
C24775,Intan Kusuma,Pria,1995,Jakarta Selatan,DKI Jakarta,2023-12-26,Basic
C24776,Bayu Setiawan,Pria,1997,SBY,Jawa Timur,2022-03-16,Basic
C24777,Nadia Saputra,Pria,1972,Malang,Jawa Timur,2022-03-11,Basic
C24778,Nadia Halim,Pria,2000,Bekasi,Jawa Barat,2023-10-13,Basic
C24779,Vina Rahayu,Pria,1991,Jakarta Selatan,DKI Jakarta,2024-08-11,Silver
C24780,Andi Saputra,Wanita,1989,Tangerang,Banten,2023-09-25,Basic
C24781,Galih Santoso,Pria,1980,Bekasi,Jawa Barat,2023-02-09,Silver
C24782,Andi Rahayu,Pria,1983,Medan,Sumatera Utara,2023-04-24,Basic
C24783,Reza Pratama,Wanita,1976,Bekasi,Jawa Barat,2024-02-05,Basic
C24784,Rani Pratama,Pria,1992,Jakarta Selatan,DKI Jakarta,2024-06-28,Basic
C24785,Agus Kusuma,Wanita,2001,Jakarta Timur,DKI Jakarta,2022-11-19,Silver
C24786,Budi Anggraini,Wanita,1994,Medan,Sumatera Utara,2024-01-16,Basic
C24787,Budi Pratama,Wanita,1980,Semarang,Jawa Tengah,2024-06-28,Silver
C24788,Dewi Pratama,Wanita,1980,Tangsel,Banten,2023-02-19,Basic
C24789,Teguh Permana,Pria,1984,Bandung,Jawa Barat,2022-08-06,Silver
C24790,Ayu Santoso,Pria,1994,Malang,Jawa Timur,2022-08-31,Basic
C24791,Intan Saputra,Pria,1998,Yogyakarta,DI Yogyakarta,2024-08-08,Basic
C24792,Andi Nugroho,Wanita,1978,Makassar,Sulawesi Selatan,2024-05-13,Silver
C24793,Agus Permana,Pria,1997,Bekasi,Jawa Barat,2022-03-19,Basic
C24794,Rani Ramadhan,Wanita,1996,Jakarta Timur,DKI Jakarta,2024-09-10,Basic
C24795,Vina Nugroho,Pria,1991,Depok,Jawa Barat,2022-07-28,Silver
C24796,Teguh Halim,Pria,1993,Bandung,Jawa Barat,2022-09-08,Basic
C24797,Hendra Ramadhan,Pria,2001,Medan,Sumatera Utara,2022-08-02,Silver
C24798,Yoga Nugroho,Wanita,1970,Balikpapan,Kalimantan Timur,2023-07-18,Basic
C24799,Anisa Anggraini,Wanita,1973,Tangerang,Banten,2022-12-04,Silver
C24800,Galih Firmansyah,Pria,1975,Yogyakarta,DI Yogyakarta,2022-12-09,Silver
C24801,Putri Anggraini,Pria,1982,Jakarta Timur,DKI Jakarta,2022-03-24,Gold
C24802,Nurul Setiawan,Pria,2003,Depok,Jawa Barat,2023-03-20,Silver
C24803,Sari Saputra,Wanita,1993,Medan,Sumatera Utara,2024-03-29,Gold
C24804,Intan Halim,Wanita,1993,Makassar,Sulawesi Selatan,2024-09-22,Basic
C24805,Siti Permana,Pria,1976,Surabaya ,Jawa Timur,2023-01-26,Basic
C24806,Siti Pratama,Pria,1981,Depok,Jawa Barat,2023-11-12,Silver
C24807,Nurul Nugroho,,1980,Bekasi,Jawa Barat,2022-09-19,Basic
C24808,Rani Anggraini,Wanita,2003,Jakarta Timur,DKI Jakarta,2022-01-12,Silver
C24809,Budi Anggraini,Pria,1984,Tangerang Selatan,Banten,2024-06-15,Basic
C24810,Intan Saputra,Wanita,1984,Jogjakarta,DI Yogyakarta,2022-01-15,Silver
C24811,Reza Hidayat,Pria,1988,Balikpapan,Kalimantan Timur,2024-05-23,Basic
C24812,Wahyu Pratama,Pria,1970,Jakarta Barat,DKI Jakarta,2022-02-01,Basic
C24813,Andi Kusuma,Pria,1995,Malang,Jawa Timur,2022-02-26,Gold
C24814,Galih Rahayu,Pria,1979,Surabaya,Jawa Timur,2022-01-01,
C24815,Budi Ramadhan,Pria,1979,Balikpapan,Kalimantan Timur,2024-05-11,Basic
C24816,Iqbal Halim,Wanita,1980, Bandung,Jawa Barat,2022-07-22,Gold
C24817,Iqbal Permana,Pria,1974,Tangerang,Banten,2024-04-30,Silver
C24818,Siti Permana,Pria,1997,Tangerang Selatan,Banten,2024-01-08,Silver
C24819,Fitri Rahayu,Wanita,2003,Jakarta selatan,DKI Jakarta,2023-03-14,Silver
C24820,Siti Firmansyah,Pria,2002,Palembang,Sumatera Selatan,2023-12-24,Basic
C24821,Citra Ramadhan,Pria,1989,Jakarta Timur,DKI Jakarta,2024-09-01,Silver
C24822,Siti Permana,Pria,1981,Depok,Jawa Barat,2022-06-07,Basic
C24823,Putri Anggraini,Wanita,1981,Depok,Jawa Barat,2024-03-26,Silver
C24824,Nadia Wijaya,,1998,Tangerang Selatan,Banten,2022-06-23,Silver
C24825,Dewi Rahayu,Wanita,1984,Tangerang,Banten,2023-03-07,Basic
C24826,Bayu Ramadhan,Wanita,1975,Bogor,Jawa Barat,2022-10-16,Silver
C24827,Wahyu Wijaya,Wanita,1998,Tangsel,Banten,2022-11-17,Basic
C24828,Fitri Hidayat,Pria,2003,Bekasi,Jawa Barat,2024-06-08,Basic
C24829,Sari Setiawan,Pria,1984,Surabaya,Jawa Timur,2022-07-24,Silver
C24830,Teguh Halim,,2001,TANGSEL,Banten,2022-03-10,Basic
C24831,Arif Saputra,Wanita,2000,Tangerang,Banten,2024-09-16,Silver
C24832,Yoga Setiawan,Pria,1982,Surabaya,Jawa Timur,2023-11-03,Basic
C24833,Vina Kusuma,Pria,1988,JAKARTA BARAT,DKI Jakarta,2023-10-08,Silver
C24834,Sari Hidayat,Pria,1981,Makassar,Sulawesi Selatan,2024-09-20,Basic
C24835,Agus Saputra,Pria,2000,Makassar,Sulawesi Selatan,2024-09-25,Silver
C24836,Reza Saputra,Wanita,1991,Jakarta Selatan,DKI Jakarta,2024-03-18,Basic
C24837,Sari Hidayat,Wanita,2003,Medan,Sumatera Utara,2023-12-26,Silver
C24838,Lestari Firmansyah,Pria,1979,Semarang,Jawa Tengah,2024-02-21,Gold
C24839,Budi Setiawan,Pria,1999,Jakarta Barat,DKI Jakarta,2022-10-22,Basic
C24840,Iqbal Hidayat,Wanita,1994,Palembang,Sumatera Selatan,2024-04-20,Silver
C24841,Galih Santoso,Pria,1990,Medan,Sumatera Utara,2024-08-08,Basic
C24842,Dimas Nugroho,Wanita,1986,Balikpapan,Kalimantan Timur,2022-05-23,Basic
C24843,Intan Wijaya,Wanita,1996,Tangerang Selatan,Banten,2022-02-12,Gold
C24844,Maya Anggraini,Wanita,1993,Jakarta Timur,DKI Jakarta,2023-03-18,Basic
C24845,Galih Santoso,Pria,1988,Bandung,Jawa Barat,2024-03-12,Basic
C24846,Andi Hidayat,Wanita,1987,Bogor,Jawa Barat,2024-05-23,Silver
C24847,Citra Saputra,Wanita,1973,Bekasi,Jawa Barat,2023-03-25,Basic
C24848,Anisa Firmansyah,Pria,1983,Jakarta Timur,DKI Jakarta,2022-02-22,Silver
C24849,Sari Setiawan,Wanita,1990,Tangerang Selatan,Banten,2023-05-26,
C24850,Dimas Rahayu,Wanita,1975,Jakarta Selatan,DKI Jakarta,2023-01-04,Basic
C24851,Fitri Firmansyah,Pria,1983,Bekasi,Jawa Barat,2023-09-26,Basic
C24852,Wahyu Kusuma,Pria,1970,Tangerang Selatan,Banten,2023-10-05,Silver
C24853,Yoga Halim,,1986,Bandung,Jawa Barat,2022-12-09,Basic
C24854,Sari Saputra,Pria,1988,Tangerang Selatan,Banten,2023-04-28,Basic
C24855,Rizky Nugroho,Pria,1980,Tangerang Selatan,Banten,2023-03-08,Basic
C24856,Rani Firmansyah,Wanita,1980,Jakarta Selatan,DKI Jakarta,2022-09-26,Silver
C24857,Hendra Kusuma,Wanita,1987,Bandung,Jawa Barat,2022-07-18,Basic
C24858,Putri Setiawan,,1990,Semarang,Jawa Tengah,2023-02-12,Basic
C24859,Budi Utami,Wanita,1979,Medan,Sumatera Utara,2023-11-02,Basic
C24860,Teguh Halim,Pria,1984,Jakbar,DKI Jakarta,2024-06-22,Silver
C24861,Anisa Setiawan,Pria,1999,Semarang,Jawa Tengah,2023-09-15,Basic
C24862,Lestari Pratama,Pria,1998,Balikpapan,Kalimantan Timur,2024-03-19,Basic
C24863,Lestari Permana,Wanita,1993,Jakarta Barat,DKI Jakarta,2022-07-25,Silver
C24864,Budi Firmansyah,Wanita,1981,Tangerang Selatan,Banten,2023-08-06,Basic
C24865,Fitri Santoso,Wanita,2003,Depok,Jawa Barat,2024-06-28,Basic
C24866,Agus Rahayu,,1990,Tangerang Selatan,Banten,2024-04-17,Basic
C24867,Andi Permana,Wanita,1999,Palembang,Sumatera Selatan,2024-08-25,Silver
C24868,Siti Kusuma,Wanita,1982,jakarta barat,DKI Jakarta,2024-06-21,Basic
C24869,Yoga Anggraini,Pria,1970,Yogyakarta,DI Yogyakarta,2023-10-31,Basic
C24870,Fitri Santoso,Pria,1994,Bandung,Jawa Barat,2024-09-06,Basic
C24871,Arif Setiawan,Pria,1996,Depok,Jawa Barat,2022-02-19,Basic
C24872,Agus Anggraini,,2001,Bandung,Jawa Barat,2022-08-02,
C24873,Fitri Santoso,Wanita,1994,Medan,Sumatera Utara,2022-06-15,Gold
C24874,Galih Hidayat,Wanita,1978,Depok,Jawa Barat,2022-11-01,Basic
C24875,Wahyu Utami,Wanita,1979,Bekasi,Jawa Barat,2022-09-09,Basic
C24876,Teguh Anggraini,Wanita,2000,Denpasar,Bali,2022-01-04,Basic
C24877,Lestari Hidayat,Wanita,1994,Semarang,Jawa Tengah,2023-07-25,Basic
C24878,Bayu Halim,Pria,1991,Makassar,Sulawesi Selatan,2022-11-12,Basic
C24879,Rani Rahayu,Pria,1997,Surabaya,Jawa Timur,2022-08-15,Basic
C24880,Bayu Hidayat,,1989,SBY,Jawa Timur,2022-03-02,Silver
C24881,Budi Nugroho,,1980,Malang,Jawa Timur,2022-11-21,Basic
C24882,Citra Hidayat,Wanita,1983,Bogor,Jawa Barat,2022-08-19,Basic
C24883,Arif Nugroho,Wanita,1993,Jakarta Barat,DKI Jakarta,2022-07-02,Basic
C24884,Rani Halim,Wanita,2003,Bandung,Jawa Barat,2023-06-01,Basic
C24885,Dimas Permana,Pria,1988,Semarang,Jawa Tengah,2022-02-21,Basic
C24886,Rani Setiawan,Wanita,1974,Jakarta Timur,DKI Jakarta,2024-03-06,Basic
C24887,Nurul Ramadhan,Wanita,1999,Makassar,Sulawesi Selatan,2023-11-30,Silver
C24888,Lestari Kusuma,Wanita,1977,Jakarta Barat,DKI Jakarta,2022-10-13,Silver
C24889,Nurul Ramadhan,Wanita,1975,Jakarta Selatan,DKI Jakarta,2024-07-09,Basic
C24890,Iqbal Rahayu,Wanita,1997,Jakarta Selatan,DKI Jakarta,2023-02-23,Basic
C24891,Dewi Utami,Pria,1984,Semarang,Jawa Tengah,2023-11-08,Basic
C24892,Dimas Santoso,Wanita,1997,Medan,Sumatera Utara,2023-06-19,Basic
C24893,Siti Permana,Wanita,1978,SBY,Jawa Timur,2024-07-13,Basic
C24894,Fajar Ramadhan,Wanita,1980,Jakarta Barat,DKI Jakarta,2023-12-21,Silver
C24895,Ayu Wijaya,Wanita,1998,JAKARTA SELATAN,DKI Jakarta,2023-05-16,
C24896,Fajar Hidayat,Wanita,1971,Denpasar,Bali,2022-05-14,Basic
C24897,Arif Kusuma,Wanita,1996,Surabaya,Jawa Timur,2024-06-18,Basic
C24898,Rani Utami,Pria,1990,Jakarta Selatan,DKI Jakarta,2022-03-20,Basic
C24899,Agus Santoso,Pria,1975,Bandung,Jawa Barat,2023-06-20,Basic
C24900,Anisa Permana,,1994,Bogor,Jawa Barat,2024-05-26,Basic
C24901,Maya Permana,Pria,1983,Tangerang Selatan,Banten,2023-02-26,Basic
C24902,Wahyu Utami,Wanita,1978,Semarang,Jawa Tengah,2023-09-04,Silver
C24903,Iqbal Setiawan,Pria,1972,Tangerang,Banten,2024-05-08,Basic
C24904,Arif Santoso,Pria,1996,TANGSEL,Banten,2022-03-10,Basic
C24905,Putri Hidayat,Pria,1974,Jakarta Selatan,DKI Jakarta,2022-08-13,Silver
C24906,Sari Ramadhan,Pria,1997,Malang,Jawa Timur,2022-07-27,Basic
C24907,Nadia Kusuma,Wanita,1987,JAKARTA BARAT,DKI Jakarta,2022-01-21,Basic
C24908,Citra Anggraini,Pria,2001,Tangerang Selatan,Banten,2024-05-31,Basic
C24909,Ayu Pratama,Pria,1990,Depok,Jawa Barat,2024-02-12,Gold
C24910,Galih Pratama,Pria,1990,Jakbar,DKI Jakarta,2022-03-31,Gold
C24911,Nurul Hidayat,Pria,1979,Tangerang Selatan,Banten,2023-08-07,Basic
C24912,Lestari Pratama,Wanita,1990,Surabaya,Jawa Timur,2022-12-17,Basic
C24913,Vina Hidayat,Wanita,1998,Palembang,Sumatera Selatan,2024-03-24,Basic
C24914,Yoga Rahayu,Pria,1971,Bandung,Jawa Barat,2023-05-25,Gold
C24915,Ayu Firmansyah,Wanita,1976,Jakarta Selatan,DKI Jakarta,2024-02-02,Basic
C24916,Ayu Firmansyah,Wanita,1981,Jakbar,DKI Jakarta,2024-02-10,Gold
C24917,Andi Wijaya,Wanita,1982,Jakarta Barat,DKI Jakarta,2024-05-07,Basic
C24918,Maya Saputra,Pria,1997,Jakarta Timur,DKI Jakarta,2024-02-29,Silver
C24919,Andi Permana,Wanita,1993,Medan,Sumatera Utara,2023-11-25,
C24920,Fajar Kusuma,Wanita,2003,Bekasi,Jawa Barat,2024-05-16,Basic
C24921,Anisa Wijaya,Pria,1982,Jakarta Selatan,DKI Jakarta,2023-11-10,Basic
C24922,Budi Pratama,Pria,1972,Medan,Sumatera Utara,2023-08-05,Basic
C24923,Nadia Halim,Wanita,1995,Balikpapan,Kalimantan Timur,2023-06-24,Gold
C24924,Arif Kusuma,,1997,Surabaya,Jawa Timur,2023-02-09,Basic
C24925,Nadia Anggraini,Wanita,1981,Tangerang,Banten,2022-10-18,Basic
C24926,Vina Permana,Wanita,1982,Tangerang Selatan,Banten,2023-03-12,
C24927,Lestari Ramadhan,Wanita,1982,Tangsel,Banten,2022-10-29,Basic
C24928,Andi Ramadhan,Wanita,1999,Medan,Sumatera Utara,2022-05-27,Silver
C24929,Intan Setiawan,Wanita,2000,Tangerang,Banten,2022-04-20,Basic
C24930,Anisa Setiawan,Wanita,1976,Denpasar,Bali,2024-07-02,Basic
C24931,Ayu Kusuma,Wanita,1979,Tangerang Selatan,Banten,2023-09-09,Silver
C24932,Iqbal Halim,Pria,1995,Yogyakarta,DI Yogyakarta,2023-01-08,Basic
C24933,Siti Pratama,Pria,1971,Bekasi,Jawa Barat,2023-03-04,Gold
C24934,Intan Setiawan,Pria,1973,Medan,Sumatera Utara,2024-01-09,Silver
C24935,Nurul Saputra,Pria,1981,Bogor,Jawa Barat,2024-07-02,Silver
C24936,Nadia Setiawan,Wanita,1975,SBY,Jawa Timur,2024-01-10,Basic
C24937,Dewi Kusuma,Pria,1985,Surabaya,Jawa Timur,2024-09-26,Gold
C24938,Dimas Permana,Wanita,2002,Tangerang,Banten,2022-10-10,Silver
C24939,Reza Setiawan,Pria,1993,Bogor,Jawa Barat,2023-11-29,Basic
C24940,Lestari Halim,Pria,2000,Depok,Jawa Barat,2023-04-28,Basic
C24941,Fajar Anggraini,Pria,1979,Bogor,Jawa Barat,2023-05-05,Basic
C24942,Citra Firmansyah,Pria,1976,Tangerang Selatan,Banten,2024-01-29,Basic
C24943,Lestari Wijaya,Wanita,1984,Surabaya,Jawa Timur,2022-03-04,Basic
C24944,Siti Wijaya,Pria,2003,SBY,Jawa Timur,2022-07-30,Basic
C24945,Putri Utami,Wanita,1983,Medan,Sumatera Utara,2022-02-03,Basic
C24946,Sari Nugroho,Wanita,1987,Surabaya,Jawa Timur,2022-12-12,Basic
C24947,Reza Nugroho,Pria,1988,TANGSEL,Banten,2022-05-28,Basic
C24948,Hendra Anggraini,,1996,Medan,Sumatera Utara,2024-09-07,Basic
C24949,Yoga Wijaya,Pria,1988,Jaktim,DKI Jakarta,2022-04-08,Basic
C24950,Putri Anggraini,Pria,1983,Tangsel,Banten,2024-05-10,Basic
C24951,Anisa Firmansyah,Pria,1998,Bekasi,Jawa Barat,2024-08-15,Basic
C24952,Fajar Kusuma,Pria,1975,Jakarta Selatan,DKI Jakarta,2022-11-07,Gold
C24953,Maya Setiawan,Wanita,1988,Bekasi,Jawa Barat,2022-10-29,Gold
C24954,Anisa Pratama,Pria,1993,Semarang,Jawa Tengah,2024-03-26,Basic
C24955,Bayu Kusuma,Pria,1981,Bandung,Jawa Barat,2022-06-20,Basic
C24956,Putri Permana,Pria,1977,Malang,Jawa Timur,2024-08-14,Basic
C24957,Teguh Kusuma,Wanita,1993,Semarang,Jawa Tengah,2024-06-05,Basic
C24958,Intan Ramadhan,Pria,1990,Medan,Sumatera Utara,2024-03-16,Silver
C24959,Bayu Utami,Wanita,1996,Surabaya,Jawa Timur,2022-06-07,Gold
C24960,Rizky Rahayu,Pria,2000,Semarang,Jawa Tengah,2023-07-12,Basic
C24961,Rani Kusuma,,1975,Denpasar,Bali,2024-03-28,Basic
C24962,Vina Saputra,Wanita,1981,jakarta selatan,DKI Jakarta,2022-12-04,Silver
C24963,Hendra Halim,,1983,Bogor,Jawa Barat,2022-02-12,Silver
C24964,Sari Halim,Pria,1970,Semarang,Jawa Tengah,2023-12-13,Silver
C24965,Lestari Hidayat,Pria,2001,Tangerang Selatan,Banten,2023-12-11,Basic
C24966,Yoga Firmansyah,Wanita,1970,Bandung,Jawa Barat,2023-09-20,Basic
C24967,Hendra Firmansyah,Pria,1993,Malang,Jawa Timur,2023-01-08,Silver
C24968,Dewi Permana,,1984,Jakarta Barat,DKI Jakarta,2024-05-19,Basic
C24969,Andi Halim,,2001,tangerang selatan,Banten,2024-03-19,Basic
C24970,Dimas Utami,,1979,Tangerang,Banten,2022-09-19,Basic
C24971,Intan Utami,Pria,1976,Bekasi,Jawa Barat,2024-08-08,Basic
C24972,Dimas Santoso,Wanita,1978,Bekasi,Jawa Barat,2022-07-14,Basic
C24973,Vina Halim,Wanita,1996,Jakarta Timur,DKI Jakarta,2022-08-10,Basic
C24974,Sari Permana,Pria,1991,Jakarta selatan,DKI Jakarta,2023-04-26,Gold
C24975,Teguh Utami,Pria,1981,Bandung,Jawa Barat,2022-01-01,Basic
C24976,Arif Anggraini,Pria,1974,Depok,Jawa Barat,2022-01-11,Gold
C24977,Arif Santoso,Wanita,1982,jakarta selatan,DKI Jakarta,2023-11-13,Basic
C24978,Agus Halim,Wanita,1979,Jakarta Selatan,DKI Jakarta,2024-09-10,Basic
C24979,Galih Permana,Wanita,1986,Bandung,Jawa Barat,2023-12-08,Silver
C24980,Putri Kusuma,Pria,1984,Depok,Jawa Barat,2023-07-13,Silver
C24981,Citra Setiawan,Pria,1996,Denpasar,Bali,2024-08-15,Gold
C24982,Fajar Firmansyah,Wanita,1975,Jakarta Timur,DKI Jakarta,2022-08-17,Basic
C24983,Nurul Pratama,Pria,1989,Jakarta Barat,DKI Jakarta,2022-02-17,Basic
C24984,Hendra Wijaya,Pria,2001,Bekasi,Jawa Barat,2023-10-26,Basic
C24985,Reza Rahayu,Pria,1993,Malang,Jawa Timur,2023-03-09,Gold
C24986,Ayu Hidayat,Wanita,1970,Jakarta Barat,DKI Jakarta,2022-12-10,
C24987,Citra Firmansyah,Pria,2000,bandung,Jawa Barat,2022-12-22,Gold
C24988,Bayu Hidayat,Wanita,2002,Jakarta Barat,DKI Jakarta,2024-08-25,Basic
C24989,Dewi Saputra,Wanita,1977,Jakarta Timur,DKI Jakarta,2022-10-04,Basic
C24990,Budi Permana,Pria,1983,Surabaya ,Jawa Timur,2023-09-18,Basic
C24991,Andi Rahayu,Pria,1972,Bogor,Jawa Barat,2023-04-06,Basic
C24992,Citra Firmansyah,Wanita,1978,Yogyakarta,DI Yogyakarta,2022-02-24,Gold
C24993,Fajar Nugroho,Wanita,1973,Bogor,Jawa Barat,2024-08-11,Silver
C24994,Ayu Rahayu,Wanita,1992,Tangerang,Banten,2023-03-02,Basic
C24995,Hendra Setiawan,Pria,1981,Balikpapan,Kalimantan Timur,2022-08-15,Silver
C24996,Anisa Pratama,Wanita,1990,surabaya,Jawa Timur,2023-03-05,Basic
C24997,Bayu Setiawan,Wanita,2001,jakarta timur,DKI Jakarta,2022-10-23,Basic
C24998,Bayu Nugroho,Wanita,1974,Tangerang,Banten,2024-04-02,Basic
C24999,Agus Permana,Wanita,1996,Malang,Jawa Timur,2022-03-11,
C25000,Teguh Rahayu,Pria,1998,bandung,Jawa Barat,2022-07-11,Silver
C25001,Putri Kusuma,Wanita,1991,Surabaya,Jawa Timur,2022-03-24,Basic
C25002,Putri Ramadhan,Wanita,1988,Tangsel,Banten,2023-11-10,Basic
C25003,Vina Hidayat,Wanita,1973,Tangerang Selatan,Banten,2022-02-15,Silver
C25004,Iqbal Permana,Pria,1996,Tangerang Selatan,Banten,2023-06-11,Gold
C25005,Maya Utami,,1992,Surabaya,Jawa Timur,2022-12-06,Gold
C25006,Putri Utami,Wanita,1977,Depok,Jawa Barat,2024-02-22,Basic
C25007,Nadia Pratama,Pria,1973,Jakarta Timur,DKI Jakarta,2023-08-07,Basic
C25008,Vina Setiawan,Wanita,1990,Denpasar,Bali,2022-08-15,Basic
C25009,Rizky Halim,Wanita,1998,Yogyakarta,DI Yogyakarta,2023-05-10,Basic
C25010,Galih Halim,Pria,2001,Palembang,Sumatera Selatan,2022-11-05,Basic
C25011,Fajar Santoso,Wanita,2001,Makassar,Sulawesi Selatan,2023-08-23,Basic
C25012,Bayu Permana,Wanita,1970,Balikpapan,Kalimantan Timur,2022-05-30,Basic
C25013,Nadia Pratama,Wanita,2002,Balikpapan,Kalimantan Timur,2023-06-23,Basic
C25014,Dimas Halim,Wanita,1998,Jakarta Selatan,DKI Jakarta,2024-01-09,Basic
C25015,Dimas Wijaya,Wanita,1999,Bandung,Jawa Barat,2022-04-26,Basic
C25016,Siti Wijaya,Pria,1983,Yogyakarta,DI Yogyakarta,2023-04-14,Gold
C25017,Wahyu Nugroho,Pria,1977,Depok,Jawa Barat,2022-01-10,Basic
C25018,Lestari Santoso,Pria,1973,Jakbar,DKI Jakarta,2022-04-21,Basic
C25019,Putri Pratama,Wanita,1975,Palembang,Sumatera Selatan,2024-07-07,Basic
C25020,Sari Rahayu,Wanita,2000,Palembang,Sumatera Selatan,2024-08-30,Basic
C25021,Nurul Wijaya,Wanita,1996,Bekasi,Jawa Barat,2024-06-01,Basic
C25022,Siti Hidayat,,1992,Jaksel,DKI Jakarta,2024-09-10,Basic
C25023,Maya Saputra,Wanita,1992,Surabaya,Jawa Timur,2023-12-23,Silver
C25024,Sari Setiawan,Pria,1973,TANGSEL,Banten,2023-01-17,Basic
C25025,Andi Halim,Wanita,2002,Jakarta Barat,DKI Jakarta,2024-04-16,Basic
C25026,Vina Ramadhan,Pria,1996,Bogor,Jawa Barat,2022-09-25,Basic
C25027,Teguh Utami,Pria,1997,Malang,Jawa Timur,2022-10-16,Silver
C25028,Wahyu Anggraini,Pria,1976,BANDUNG,Jawa Barat,2023-02-02,Basic
C25029,Bayu Pratama,Wanita,1977,Bekasi,Jawa Barat,2024-02-21,Basic
C25030,Intan Wijaya,Pria,1970,bandung,Jawa Barat,2023-09-01,Silver
C25031,Hendra Halim,Wanita,1979,Palembang,Sumatera Selatan,2024-01-01,Silver
C25032,Dewi Setiawan,Wanita,1979,Tangerang Selatan,Banten,2024-06-05,Basic
C25033,Arif Halim,Wanita,1980,Palembang,Sumatera Selatan,2023-12-22,Gold
C25034,Nadia Firmansyah,Wanita,1971,Jakarta Selatan,DKI Jakarta,2022-08-25,Basic
C25035,Siti Santoso,Wanita,1990,Jakarta Timur,DKI Jakarta,2024-09-03,Silver
C25036,Reza Firmansyah,Pria,1988,Denpasar,Bali,2023-03-06,Basic
C25037,Intan Hidayat,Wanita,1996,Makassar,Sulawesi Selatan,2024-01-15,Basic
C25038,Vina Santoso,Wanita,1974,surabaya,Jawa Timur,2022-12-25,
C25039,Ayu Saputra,Pria,1986,Surabaya,Jawa Timur,2024-01-05,Basic
C25040,Dewi Ramadhan,Wanita,1985, Bandung,Jawa Barat,2023-08-31,Silver
C25041,Bayu Rahayu,Pria,1970,Bandung,Jawa Barat,2023-01-16,Basic
C25042,Ayu Firmansyah,Pria,1998,Tangerang Selatan,Banten,2024-03-11,Gold
C25043,Nadia Anggraini,Pria,1992,Depok,Jawa Barat,2022-03-26,Silver
C25044,Yoga Saputra,,1988,Jakarta Barat,DKI Jakarta,2024-05-31,Basic
C25045,Rani Firmansyah,Wanita,1988,Denpasar,Bali,2023-03-10,Silver
C25046,Galih Firmansyah,Pria,1993,Surabaya,Jawa Timur,2024-02-05,Basic
C25047,Anisa Pratama,Pria,1988,Denpasar,Bali,2022-02-28,Basic
C25048,Nadia Setiawan,Pria,1977,Jakarta Selatan,DKI Jakarta,2024-08-08,Basic
C25049,Dimas Rahayu,Pria,1971,Bogor,Jawa Barat,2022-01-16,Basic
C25050,Wahyu Hidayat,Pria,1997,Medan,Sumatera Utara,2022-08-26,Basic
C25051,Maya Saputra,Pria,2002,Yogyakarta,DI Yogyakarta,2022-05-09,Silver
C25052,Rizky Hidayat,Wanita,1973,Jakarta Selatan,DKI Jakarta,2022-05-05,Basic
C25053,Lestari Setiawan,Pria,1999,Denpasar,Bali,2023-06-09,Gold
C25054,Maya Halim,Wanita,1981,Jakarta Timur,DKI Jakarta,2023-10-30,Gold
C25055,Siti Santoso,Pria,1992,Jaksel,DKI Jakarta,2022-09-21,Basic
C25056,Anisa Setiawan,Pria,1974,Surabaya,Jawa Timur,2023-08-05,Basic
C25057,Vina Pratama,Wanita,1984,Bekasi,Jawa Barat,2022-07-26,Basic
C25058,Nadia Utami,Pria,1975,tangerang selatan,Banten,2022-12-13,Silver
C25059,Iqbal Setiawan,Wanita,1979,Bogor,Jawa Barat,2023-06-06,Basic
C25060,Nadia Pratama,Wanita,1993,Palembang,Sumatera Selatan,2022-04-25,Silver
C25061,Budi Halim,Pria,1971,Bogor,Jawa Barat,2024-02-03,Gold
C25062,Sari Rahayu,Pria,1990,Bekasi,Jawa Barat,2024-08-03,Basic
C25063,Rizky Utami,Pria,1985,Bekasi,Jawa Barat,2022-02-02,Basic
C25064,Rizky Nugroho,Pria,1993,Jakarta Barat,DKI Jakarta,2023-06-04,Basic
C25065,Fitri Ramadhan,Wanita,1971,Jakbar,DKI Jakarta,2024-06-04,Basic
C25066,Hendra Wijaya,Pria,1972,Semarang,Jawa Tengah,2022-02-19,
C25067,Ayu Permana,Pria,1981,Tangsel,Banten,2023-09-19,Basic
C25068,Nadia Permana,Wanita,1995,Tangerang,Banten,2024-09-06,Basic
C25069,Dewi Anggraini,,1972,Semarang,Jawa Tengah,2023-08-22,Basic
C25070,Reza Nugroho,Pria,1992,Tangerang,Banten,2024-09-19,
C25071,Budi Halim,Pria,1997,Depok,Jawa Barat,2023-11-08,Gold
C25072,Wahyu Anggraini,,2002,tangerang selatan,Banten,2024-06-16,Silver
C25073,Nurul Santoso,Pria,1992,Bekasi,Jawa Barat,2022-08-13,Basic
C25074,Andi Nugroho,Pria,1997,Surabaya,Jawa Timur,2022-06-07,Basic
C25075,Fitri Halim,Wanita,1979,Bandung,Jawa Barat,2022-01-06,Gold
C25076,Hendra Firmansyah,Pria,1994,Medan,Sumatera Utara,2024-08-09,Basic
C25077,Wahyu Nugroho,Pria,1980,Bogor,Jawa Barat,2022-01-13,Basic
C25078,Rizky Setiawan,,1981,Surabaya,Jawa Timur,2022-03-14,Basic
C25079,Siti Anggraini,Wanita,1993,Bekasi,Jawa Barat,2023-09-03,Silver
C25080,Citra Nugroho,Wanita,1972,Bogor,Jawa Barat,2022-02-07,Basic
C25081,Dimas Utami,Pria,2000,JAKARTA BARAT,DKI Jakarta,2022-05-15,Gold
C25082,Fajar Saputra,Wanita,2002,Semarang,Jawa Tengah,2023-04-28,Gold
C25083,Nurul Rahayu,Pria,1980,Tangerang,Banten,2022-04-09,Basic
C25084,Galih Halim,Wanita,1994,Semarang,Jawa Tengah,2024-03-27,Basic
C25085,Siti Nugroho,Wanita,1990,Bogor,Jawa Barat,2022-10-29,Basic
C25086,Budi Permana,Pria,1999,Malang,Jawa Timur,2023-07-22,Gold
C25087,Yoga Rahayu,Wanita,1997,Jakarta Timur,DKI Jakarta,2023-06-13,Basic
C25088,Sari Hidayat,Wanita,1999,Surabaya,Jawa Timur,2023-07-15,Basic
C25089,Wahyu Kusuma,,1981,Bekasi,Jawa Barat,2023-12-15,Basic
C25090,Vina Firmansyah,Pria,1992,JAKARTA BARAT,DKI Jakarta,2023-12-16,Basic
C25091,Vina Wijaya,,1990,Jakarta Selatan,DKI Jakarta,2022-09-23,Basic
C25092,Nurul Halim,Pria,1970,Makassar,Sulawesi Selatan,2022-08-29,Basic
C25093,Sari Hidayat,Wanita,1977,Semarang,Jawa Tengah,2022-03-29,Gold
C25094,Wahyu Nugroho,Wanita,2000,Jakarta Timur,DKI Jakarta,2024-09-11,Basic
C25095,Hendra Saputra,Pria,2000,Semarang,Jawa Tengah,2024-09-12,Basic
C25096,Sari Setiawan,Pria,1970,Tangsel,Banten,2023-11-23,Basic
C25097,Arif Kusuma,Pria,1970,Jakarta Timur,DKI Jakarta,2023-06-21,
C25098,Arif Nugroho,Pria,1976,Medan,Sumatera Utara,2022-06-03,Basic
C25099,Wahyu Setiawan,Pria,1995,Bogor,Jawa Barat,2022-09-01,Silver
C25100,Intan Saputra,,1998,Semarang,Jawa Tengah,2024-09-08,Gold
C25101,Siti Saputra,Wanita,1990,Jakarta Selatan,DKI Jakarta,2024-08-07,Silver
C25102,Dewi Saputra,Pria,1987,Jakarta Timur,DKI Jakarta,2023-09-30,Gold
C25103,Agus Halim,Wanita,1981,Makassar,Sulawesi Selatan,2024-05-31,Basic
C25104,Galih Nugroho,Wanita,1987,Balikpapan,Kalimantan Timur,2024-07-02,Basic
C25105,Dimas Halim,Wanita,1987,Bekasi,Jawa Barat,2022-04-28,Basic
C25106,Budi Firmansyah,Pria,2003,Medan,Sumatera Utara,2024-01-08,Basic
C25107,Andi Rahayu,Wanita,1997,Surabaya,Jawa Timur,2024-04-01,Silver
C25108,Lestari Kusuma,Pria,1981,Denpasar,Bali,2024-05-12,Basic
C25109,Intan Firmansyah,Wanita,1987,Palembang,Sumatera Selatan,2022-05-15,Silver
C25110,Rizky Nugroho,Pria,1991,TANGSEL,Banten,2023-01-30,
C25111,Ayu Santoso,Pria,1986,SBY,Jawa Timur,2023-02-24,Basic
C25112,Bayu Hidayat,Pria,1993,Makassar,Sulawesi Selatan,2024-03-23,Silver
C25113,Fitri Ramadhan,Pria,2003,Tangerang,Banten,2023-06-07,Silver
C25114,Anisa Anggraini,Pria,1985,Semarang,Jawa Tengah,2022-02-02,Basic
C25115,Bayu Pratama,Wanita,1992,jakarta timur,DKI Jakarta,2024-05-11,Basic
C25116,Siti Halim,Wanita,1980,Tangerang,Banten,2024-05-26,Basic
C25117,Agus Pratama,Pria,1978,Bekasi,Jawa Barat,2023-01-26,Basic
C25118,Hendra Saputra,Pria,1983,Tangerang,Banten,2024-06-25,Gold
C25119,Bayu Halim,Wanita,1981,Jakarta Selatan,DKI Jakarta,2023-05-07,Gold
C25120,Anisa Kusuma,Pria,1996,Semarang,Jawa Tengah,2022-06-11,Gold
C25121,Teguh Hidayat,Pria,1995,Bandung,Jawa Barat,2024-09-23,Basic
C25122,Rizky Saputra,Pria,2002,Makassar,Sulawesi Selatan,2022-02-25,Silver
C25123,Intan Hidayat,Pria,1999,Balikpapan,Kalimantan Timur,2023-10-13,Silver
C25124,Yoga Pratama,Pria,1996,Jakarta selatan,DKI Jakarta,2022-12-04,Basic
C25125,Vina Hidayat,Wanita,1977,Medan,Sumatera Utara,2023-05-02,Silver
C25126,Anisa Santoso,Wanita,1997,Depok,Jawa Barat,2023-10-24,Basic
C25127,Wahyu Pratama,Pria,1979,Bandung,Jawa Barat,2022-12-17,Basic
C25128,Andi Kusuma,Pria,1983,Jakarta Barat,DKI Jakarta,2023-04-03,Basic
C25129,Ayu Permana,Pria,1994,surabaya,Jawa Timur,2024-04-19,Basic
C25130,Anisa Ramadhan,Pria,1971,Tangerang Selatan,Banten,2024-05-11,Basic
C25131,Reza Utami,Wanita,1985,Jogja,DI Yogyakarta,2023-05-03,
C25132,Fajar Kusuma,Wanita,1973,Jaksel,DKI Jakarta,2023-09-17,Basic
C25133,Putri Halim,Wanita,1979,Bandung,Jawa Barat,2022-10-06,Gold
C25134,Dewi Permana,Pria,1972,Medan,Sumatera Utara,2022-12-06,Basic
C25135,Arif Kusuma,Wanita,1990,Bekasi,Jawa Barat,2023-07-04,Gold
C25136,Anisa Rahayu,Wanita,2003,Semarang,Jawa Tengah,2023-03-23,Silver
C25137,Agus Hidayat,Wanita,1986,surabaya,Jawa Timur,2024-08-16,Basic
C25138,Nadia Permana,Wanita,1971,Jakarta Timur,DKI Jakarta,2022-05-16,Silver
C25139,Rizky Halim,Wanita,1982,Jakarta Barat,DKI Jakarta,2022-08-07,Gold
C25140,Arif Setiawan,Pria,1997,Jakarta Selatan,DKI Jakarta,2023-06-25,Basic
C25141,Dewi Pratama,Pria,1997,Balikpapan,Kalimantan Timur,2023-06-18,Basic
C25142,Nurul Saputra,Pria,1978,Malang,Jawa Timur,2023-09-05,Silver
C25143,Yoga Anggraini,Pria,1973,Bandung,Jawa Barat,2022-09-26,Basic
C25144,Putri Anggraini,Wanita,1982,Jakarta Timur,DKI Jakarta,2023-02-12,Silver
C25145,Yoga Utami,Pria,1980,Malang,Jawa Timur,2023-03-01,Basic
C25146,Rani Santoso,Wanita,1981,Tangerang Selatan,Banten,2024-02-15,Basic
C25147,Intan Firmansyah,Wanita,1984,Jaktim,DKI Jakarta,2023-09-08,Basic
C25148,Nadia Utami,Wanita,1993,Surabaya ,Jawa Timur,2022-11-25,
C25149,Andi Kusuma,Pria,1987,Bandung,Jawa Barat,2023-07-28,Basic
C25150,Iqbal Saputra,Pria,1994,Jakarta Selatan,DKI Jakarta,2022-06-20,Basic
C25151,Galih Firmansyah,Wanita,1970,jakarta barat,DKI Jakarta,2024-07-17,Basic
C25152,Nadia Santoso,Wanita,2000,Tangerang,Banten,2022-10-06,Basic
C25153,Galih Anggraini,Wanita,1976,Surabaya,Jawa Timur,2022-08-07,Gold
C25154,Arif Utami,Wanita,1998,Jakarta Timur,DKI Jakarta,2023-05-19,Basic
C25155,Vina Nugroho,,1981,Balikpapan,Kalimantan Timur,2022-01-23,Silver
C25156,Dimas Utami,Pria,1981,Tangerang,Banten,2023-12-12,Silver
C25157,Siti Anggraini,Wanita,1993,Palembang,Sumatera Selatan,2022-03-11,Basic
C25158,Nurul Utami,Pria,1978,Bogor,Jawa Barat,2023-07-12,Basic
C25159,Fitri Pratama,Pria,1999,BANDUNG,Jawa Barat,2023-02-20,Basic
C25160,Fitri Anggraini,Wanita,1998,Denpasar,Bali,2024-02-14,
C25161,Yoga Rahayu,,1976,Tangerang,Banten,2023-07-23,Silver
C25162,Sari Santoso,Wanita,1984,Depok,Jawa Barat,2023-10-31,Basic
C25163,Citra Santoso,Wanita,1996,Yogyakarta,DI Yogyakarta,2023-05-27,Silver
C25164,Dimas Santoso,Pria,1999,Surabaya,Jawa Timur,2023-11-15,Basic
C25165,Maya Ramadhan,Wanita,1982,Medan,Sumatera Utara,2022-11-22,Gold
C25166,Lestari Hidayat,Wanita,1976,Jakarta Barat,DKI Jakarta,2023-01-12,Silver
C25167,Arif Pratama,Wanita,1989,jakarta selatan,DKI Jakarta,2022-06-20,Silver
C25168,Vina Hidayat,Wanita,1993,Denpasar,Bali,2022-11-13,Silver
C25169,Nurul Pratama,Pria,1984,Tangerang,Banten,2022-11-12,Silver
C25170,Intan Anggraini,Wanita,1974,Jakarta selatan,DKI Jakarta,2023-06-06,Basic
C25171,Yoga Ramadhan,Wanita,1990,Surabaya,Jawa Timur,2022-09-09,Basic
C25172,Rani Halim,Pria,1982,Jakarta selatan,DKI Jakarta,2022-08-07,Gold
C25173,Ayu Kusuma,Wanita,1994,Surabaya,Jawa Timur,2022-04-26,
C25174,Anisa Halim,Wanita,1993,Jakarta Timur,DKI Jakarta,2023-04-04,Basic
C25175,Iqbal Saputra,Wanita,1986,Depok,Jawa Barat,2023-12-30,Basic
C25176,Budi Saputra,Wanita,2000,DIY,DI Yogyakarta,2022-03-02,Silver
C25177,Lestari Nugroho,Pria,1981,Jogjakarta,DI Yogyakarta,2023-05-22,Basic
C25178,Vina Permana,Pria,1973,Semarang,Jawa Tengah,2024-06-12,Basic
C25179,Anisa Hidayat,Wanita,1982,Yogyakarta,DI Yogyakarta,2024-09-18,Basic
C25180,Hendra Santoso,Wanita,2001,Jakarta Timur,DKI Jakarta,2023-07-02,Basic
C25181,Teguh Utami,Pria,1980,jakarta timur,DKI Jakarta,2024-03-07,Gold
C25182,Rizky Permana,Pria,1981,Jakbar,DKI Jakarta,2022-04-21,Basic
C25183,Maya Nugroho,,2002,Jakarta Barat,DKI Jakarta,2023-01-08,Gold
C25184,Citra Saputra,Pria,1985,Bogor,Jawa Barat,2024-09-21,Silver
C25185,Teguh Nugroho,Wanita,1981,Jakarta Selatan,DKI Jakarta,2022-01-18,Basic
C25186,Budi Anggraini,Wanita,2002,Semarang,Jawa Tengah,2024-03-21,Silver
C25187,Dewi Utami,Wanita,2000,Palembang,Sumatera Selatan,2023-03-15,Basic
C25188,Teguh Anggraini,Wanita,2000,Jakarta Barat,DKI Jakarta,2023-07-15,Basic
C25189,Wahyu Santoso,Pria,1986,Semarang,Jawa Tengah,2022-08-04,Basic
C25190,Siti Saputra,Pria,1996,Surabaya,Jawa Timur,2022-06-23,Gold
C25191,Andi Permana,Pria,1980,Denpasar,Bali,2023-02-12,Basic
C25192,Reza Pratama,Wanita,1972,Bandung,Jawa Barat,2022-09-18,Basic
C25193,Nurul Rahayu,Wanita,1983,Jakarta Selatan,DKI Jakarta,2024-07-19,Basic
C25194,Iqbal Firmansyah,Wanita,1983,Bogor,Jawa Barat,2024-09-21,Silver
C25195,Rizky Nugroho,Pria,2002,Depok,Jawa Barat,2022-09-29,Basic
C25196,Anisa Firmansyah,Wanita,1977,Depok,Jawa Barat,2024-05-29,Basic
C25197,Andi Hidayat,Wanita,1987,Bandung,Jawa Barat,2022-09-24,Basic
C25198,Siti Santoso,,1996,Tangerang Selatan,Banten,2024-09-03,Basic
C25199,Vina Setiawan,Wanita,1982,Balikpapan,Kalimantan Timur,2024-03-05,Silver
C25200,Hendra Nugroho,Pria,1982,Denpasar,Bali,2024-07-10,Silver
C25201,Teguh Halim,Pria,1974,jakarta selatan,DKI Jakarta,2024-02-29,Basic
C25202,Yoga Halim,Wanita,1999,Denpasar,Bali,2022-09-17,Basic
C25203,Budi Wijaya,Pria,1981,Jakarta Selatan,DKI Jakarta,2022-04-30,Silver
C25204,Anisa Hidayat,Wanita,1982,Tangsel,Banten,2023-12-11,Basic
C25205,Agus Saputra,Wanita,1983,Jakarta Selatan,DKI Jakarta,2022-11-10,Silver
C25206,Ayu Pratama,Pria,1994,surabaya,Jawa Timur,2022-05-31,Basic
C25207,Ayu Utami,Wanita,1992,Jakarta Barat,DKI Jakarta,2022-06-30,Gold
C25208,Yoga Saputra,,1976,Jakarta Selatan,DKI Jakarta,2022-02-02,Gold
C25209,Rani Santoso,Wanita,1984,jakarta timur,DKI Jakarta,2022-10-09,Basic
C25210,Arif Pratama,Wanita,1982,Jaksel,DKI Jakarta,2023-06-06,Basic
C25211,Arif Rahayu,Pria,1972,Jakarta Selatan,DKI Jakarta,2022-09-27,Basic
C25212,Dewi Ramadhan,Wanita,1979,Tangerang Selatan,Banten,2023-07-25,Silver
C25213,Andi Saputra,Wanita,1996,Semarang,Jawa Tengah,2023-03-23,Basic
C25214,Galih Kusuma,Wanita,1990,Palembang,Sumatera Selatan,2024-02-22,Basic
C25215,Fitri Rahayu,Wanita,1992,Bekasi,Jawa Barat,2023-06-13,Basic
C25216,Putri Wijaya,Wanita,1988,Tangerang,Banten,2024-01-29,Basic
C25217,Dewi Santoso,Pria,1977,Bekasi,Jawa Barat,2022-05-13,Silver
C25218,Putri Firmansyah,Wanita,1985,Tangerang Selatan,Banten,2023-11-10,Silver
C25219,Dewi Nugroho,Wanita,1997,Depok,Jawa Barat,2022-08-26,Basic
C25220,Vina Permana,Wanita,1971,Balikpapan,Kalimantan Timur,2024-08-19,Basic
C25221,Maya Halim,Pria,1991,Bekasi,Jawa Barat,2022-05-18,Basic
C25222,Intan Halim,Wanita,1988,Palembang,Sumatera Selatan,2024-02-11,Basic
C25223,Iqbal Rahayu,Pria,1973,Medan,Sumatera Utara,2024-09-15,Basic
C25224,Yoga Permana,Wanita,1979,Jakarta Barat,DKI Jakarta,2023-05-30,Silver
C25225,Rani Utami,Wanita,1984,Surabaya ,Jawa Timur,2022-02-26,Basic
C25226,Dimas Firmansyah,Pria,1971,Balikpapan,Kalimantan Timur,2024-05-30,Silver
C25227,Putri Nugroho,Wanita,2003,Bandung,Jawa Barat,2024-05-26,Silver
C25228,Galih Santoso,Pria,1990,Tangerang Selatan,Banten,2023-04-20,Basic
C25229,Rizky Rahayu,Wanita,1991,Bekasi,Jawa Barat,2023-12-21,Silver
C25230,Reza Santoso,Pria,1972,Denpasar,Bali,2022-05-21,Silver
C25231,Reza Anggraini,Pria,1983,Tangerang Selatan,Banten,2022-07-05,Silver
C25232,Teguh Setiawan,Wanita,1989,Bekasi,Jawa Barat,2022-04-19,Silver
C25233,Bayu Hidayat,Wanita,1994,JAKARTA SELATAN,DKI Jakarta,2022-09-09,Basic
C25234,Nadia Setiawan,Pria,2001,Tangerang Selatan,Banten,2023-10-06,Basic
C25235,Sari Kusuma,Pria,1982,Bogor,Jawa Barat,2022-02-14,Gold
C25236,Yoga Ramadhan,Wanita,1980,Depok,Jawa Barat,2023-04-14,Basic
C25237,Dimas Santoso,Wanita,1984,Bandung,Jawa Barat,2022-07-09,Silver
C25238,Rizky Utami,Pria,2000,jakarta timur,DKI Jakarta,2024-08-04,Gold
C25239,Hendra Rahayu,Wanita,1997,Jakarta Selatan,DKI Jakarta,2022-03-19,Basic
C25240,Fitri Utami,Wanita,1990,Semarang,Jawa Tengah,2023-01-16,Basic
C25241,Iqbal Utami,Wanita,2001,Yogyakarta,DI Yogyakarta,2022-10-21,Silver
C25242,Fitri Nugroho,,1998,Balikpapan,Kalimantan Timur,2022-12-27,Gold
C25243,Dimas Saputra,Wanita,1973,Tangerang,Banten,2023-04-29,Silver
C25244,Rani Saputra,Pria,1980,Denpasar,Bali,2022-03-28,Silver
C25245,Anisa Anggraini,Pria,1971,Bekasi,Jawa Barat,2023-02-11,Basic
C25246,Vina Pratama,Pria,1974,Jakarta Barat,DKI Jakarta,2024-08-13,Basic
C25247,Vina Santoso,Pria,2002,Palembang,Sumatera Selatan,2022-12-15,Silver
C25248,Teguh Anggraini,Wanita,1986,Tangerang Selatan,Banten,2024-02-15,Basic
C25249,Agus Ramadhan,Wanita,1970,Tangerang,Banten,2022-05-02,Silver
C25250,Wahyu Firmansyah,Wanita,1982,Bekasi,Jawa Barat,2023-07-12,Silver
C25251,Dimas Santoso,Wanita,2001,Denpasar,Bali,2023-02-19,Silver
C25252,Reza Wijaya,Pria,1995,Tangerang,Banten,2022-03-12,Silver
C25253,Wahyu Rahayu,,2000,jakarta timur,DKI Jakarta,2022-08-05,Basic
C25254,Anisa Wijaya,Pria,1980,Jakarta Selatan,DKI Jakarta,2024-06-01,Basic
C25255,Budi Halim,Wanita,1985,Bekasi,Jawa Barat,2024-02-02,Silver
C25256,Rani Ramadhan,Wanita,2003,Bekasi,Jawa Barat,2023-07-27,Gold
C25257,Dewi Setiawan,Pria,1993,Balikpapan,Kalimantan Timur,2023-12-30,Basic
C25258,Siti Halim,Pria,1992,Tangerang Selatan,Banten,2024-04-30,Basic
C25259,Rizky Pratama,Wanita,1983,Jakarta Selatan,DKI Jakarta,2022-07-26,Basic
C25260,Citra Rahayu,Wanita,1991,Makassar,Sulawesi Selatan,2022-03-09,Gold
C25261,Dimas Nugroho,Pria,1981,Yogyakarta,DI Yogyakarta,2024-01-12,Silver
C25262,Budi Permana,Pria,1976,Makassar,Sulawesi Selatan,2022-11-05,Gold
C25263,Hendra Ramadhan,Pria,1982,Depok,Jawa Barat,2022-11-24,Gold
C25264,Fajar Permana,Pria,1989,Bandung,Jawa Barat,2023-10-18,Basic
C25265,Intan Ramadhan,,1990,Tangerang Selatan,Banten,2022-06-25,Basic
C25266,Hendra Saputra,Wanita,1987,Depok,Jawa Barat,2023-08-01,Basic
C25267,Sari Kusuma,Wanita,1976,Bandung,Jawa Barat,2024-05-28,Silver
C25268,Budi Kusuma,,1977,TANGSEL,Banten,2023-10-04,Basic
C25269,Fajar Permana,Wanita,1987,Tangerang,Banten,2022-07-13,Gold
C25270,Citra Pratama,Wanita,2003,Denpasar,Bali,2022-12-08,Silver
C25271,Bayu Nugroho,Pria,1995,Jakarta Selatan,DKI Jakarta,2022-10-22,Basic
C25272,Andi Ramadhan,Pria,1970,Semarang,Jawa Tengah,2022-08-01,Silver
C25273,Siti Kusuma,Wanita,2002,Jakarta Barat,DKI Jakarta,2022-09-24,Basic
C25274,Iqbal Saputra,Wanita,1972,Malang,Jawa Timur,2023-03-21,Basic
C25275,Nurul Ramadhan,,1981,Makassar,Sulawesi Selatan,2024-09-26,Basic
C25276,Siti Ramadhan,Wanita,1990,bandung,Jawa Barat,2022-12-15,Basic
C25277,Bayu Firmansyah,Wanita,1981,Bekasi,Jawa Barat,2022-11-24,Basic
C25278,Putri Pratama,Pria,1985,Makassar,Sulawesi Selatan,2023-02-14,Basic
C25279,Sari Ramadhan,Pria,1974,Surabaya,Jawa Timur,2022-08-08,Silver
C25280,Dewi Setiawan,Pria,1988,Tangerang Selatan,Banten,2024-09-09,Basic
C25281,Nurul Rahayu,Wanita,1997,Jakarta Barat,DKI Jakarta,2023-01-10,Basic
C25282,Dewi Kusuma,Wanita,1982,Jakarta Barat,DKI Jakarta,2022-02-20,Gold
C25283,Iqbal Santoso,Wanita,2002,Jakarta Timur,DKI Jakarta,2022-09-23,Basic
C25284,Reza Rahayu,Wanita,1977,Bogor,Jawa Barat,2023-04-10,Silver
C25285,Siti Utami,Wanita,2000,Jakarta Barat,DKI Jakarta,2022-10-24,Basic
C25286,Rizky Setiawan,Pria,1995,Depok,Jawa Barat,2022-07-05,Gold
C25287,Vina Rahayu,,1986,Depok,Jawa Barat,2023-01-31,Basic
C25288,Nurul Anggraini,Wanita,1973,Jakarta Timur,DKI Jakarta,2022-12-15,Gold
C25289,Vina Ramadhan,,1999,Yogyakarta,DI Yogyakarta,2023-01-05,Basic
C25290,Hendra Nugroho,Wanita,1982,Tangerang,Banten,2023-04-30,Basic
C25291,Nadia Permana,Pria,1976,Semarang,Jawa Tengah,2022-05-17,Silver
C25292,Lestari Setiawan,Pria,1989,Tangerang,Banten,2024-02-29,Gold
C25293,Dimas Firmansyah,Pria,1991,jakarta barat,DKI Jakarta,2023-09-26,Basic
C25294,Ayu Ramadhan,Pria,1993,Palembang,Sumatera Selatan,2023-09-20,Silver
C25295,Putri Permana,Pria,1984,BANDUNG,Jawa Barat,2023-02-07,Basic
C25296,Ayu Wijaya,,1994,TANGSEL,Banten,2022-03-02,Gold
C25297,Nadia Kusuma,,1971,Jakarta Selatan,DKI Jakarta,2024-06-26,Gold
C25298,Agus Utami,Wanita,1977,Malang,Jawa Timur,2024-03-20,Silver
C25299,Sari Kusuma,Wanita,1977,Denpasar,Bali,2023-03-11,Basic
C25300,Sari Pratama,Pria,1977,Surabaya,Jawa Timur,2024-07-15,Silver
C25301,Maya Rahayu,Wanita,1983,Jakbar,DKI Jakarta,2022-08-11,Basic
C25302,Intan Halim,,1983,Surabaya,Jawa Timur,2022-02-09,Basic
C25303,Lestari Pratama,Wanita,1979,Surabaya,Jawa Timur,2022-06-26,Basic
C25304,Bayu Nugroho,Wanita,1989,Surabaya,Jawa Timur,2023-08-10,Silver
C25305,Budi Firmansyah,Wanita,1984,jakarta barat,DKI Jakarta,2023-12-09,Basic
C25306,Fitri Kusuma,Pria,1990,Jakarta Barat,DKI Jakarta,2023-02-08,Silver
C25307,Citra Utami,Wanita,1986,Medan,Sumatera Utara,2024-09-01,Silver
C25308,Fajar Ramadhan,Wanita,1997,Jakarta Timur,DKI Jakarta,2022-10-09,Gold
C25309,Arif Santoso,Wanita,1996,Medan,Sumatera Utara,2022-04-13,Silver
C25310,Andi Ramadhan,Pria,1986,Semarang,Jawa Tengah,2022-04-30,Silver
C25311,Reza Halim,Pria,1983,Bekasi,Jawa Barat,2022-06-22,Basic
C25312,Reza Pratama,Pria,2001,Malang,Jawa Timur,2024-04-20,Silver
C25313,Galih Permana,Wanita,1997,Jakarta Barat,DKI Jakarta,2022-12-27,Silver
C25314,Sari Pratama,Pria,1998,Tangerang Selatan,Banten,2024-08-21,Basic
C25315,Agus Pratama,Wanita,1970,Bogor,Jawa Barat,2024-08-23,Gold
C25316,Intan Kusuma,Wanita,1974,Jakarta Selatan,DKI Jakarta,2022-05-27,Basic
C25317,Budi Setiawan,,1999,Jakarta Barat,DKI Jakarta,2022-08-17,Silver
C25318,Rizky Ramadhan,Pria,1976,Depok,Jawa Barat,2022-05-25,Silver
C25319,Arif Nugroho,Wanita,2003,tangerang selatan,Banten,2023-06-20,Basic
C25320,Sari Firmansyah,Wanita,1976,Palembang,Sumatera Selatan,2023-06-21,Basic
C25321,Citra Nugroho,Wanita,2003,Jakarta Barat,DKI Jakarta,2023-09-05,Silver
C25322,Reza Permana,Wanita,1981,Malang,Jawa Timur,2024-06-27,Basic
C25323,Yoga Rahayu,Pria,1979,Tangerang,Banten,2022-09-28,Silver
C25324,Rani Anggraini,Wanita,1975,Depok,Jawa Barat,2022-09-19,Basic
C25325,Dimas Kusuma,Wanita,1971,Denpasar,Bali,2023-11-02,Basic
C25326,Fitri Pratama,Wanita,1970,Bekasi,Jawa Barat,2023-03-04,Basic
C25327,Teguh Setiawan,Pria,1978,Balikpapan,Kalimantan Timur,2023-01-13,Basic
C25328,Bayu Setiawan,Pria,1996,Jakarta Selatan,DKI Jakarta,2024-09-17,Basic
C25329,Hendra Utami,Pria,1989,Tangerang Selatan,Banten,2022-11-25,Gold
C25330,Rizky Permana,Wanita,1977,Semarang,Jawa Tengah,2022-09-06,Gold
C25331,Lestari Saputra,Pria,1987,Bogor,Jawa Barat,2023-02-13,Basic
C25332,Citra Permana,Pria,1971,Depok,Jawa Barat,2022-04-29,Basic
C25333,Andi Nugroho,Wanita,1986,Surabaya,Jawa Timur,2024-06-08,Basic
C25334,Agus Permana,Pria,2003,Bandung,Jawa Barat,2022-04-04,Silver
C25335,Intan Halim,Wanita,1978,Bogor,Jawa Barat,2022-09-03,Basic
C25336,Teguh Kusuma,Wanita,2002,Malang,Jawa Timur,2023-02-06,Basic
C25337,Andi Permana,Wanita,2001,Malang,Jawa Timur,2022-12-31,Basic
C25338,Intan Utami,Wanita,1995,Jaktim,DKI Jakarta,2023-10-26,Basic
C25339,Wahyu Hidayat,Wanita,1982,Jakarta Timur,DKI Jakarta,2022-05-07,Basic
C25340,Iqbal Anggraini,Wanita,1985,Makassar,Sulawesi Selatan,2022-09-20,Silver
C25341,Vina Ramadhan,Wanita,1987,Bogor,Jawa Barat,2022-04-13,
C25342,Arif Pratama,Wanita,1975,Bekasi,Jawa Barat,2023-06-29,Basic
C25343,Putri Saputra,Wanita,1981,Jakarta Barat,DKI Jakarta,2022-04-28,Basic
C25344,Agus Hidayat,Wanita,1981,Tangerang,Banten,2022-06-19,Silver
C25345,Anisa Anggraini,Pria,1982,Bogor,Jawa Barat,2022-08-22,Basic
C25346,Dimas Utami,Wanita,1976,Medan,Sumatera Utara,2024-06-01,Basic
C25347,Sari Utami,Wanita,2002,JAKARTA BARAT,DKI Jakarta,2023-08-27,Basic
C25348,Iqbal Ramadhan,Pria,1976,Jakarta Selatan,DKI Jakarta,2022-07-01,
C25349,Andi Rahayu,Pria,1971,Palembang,Sumatera Selatan,2022-07-13,Gold
C25350,Bayu Rahayu,Pria,1993,Yogyakarta,DI Yogyakarta,2024-03-19,Basic
C25351,Maya Pratama,Pria,1979,Tangerang Selatan,Banten,2024-02-04,Basic
C25352,Dewi Rahayu,Wanita,1979,TANGSEL,Banten,2024-07-19,Basic
C25353,Teguh Firmansyah,Pria,2003,Bekasi,Jawa Barat,2023-11-07,Silver
C25354,Hendra Kusuma,Pria,2002,Jakarta Barat,DKI Jakarta,2022-02-27,Basic
C25355,Bayu Rahayu,Pria,2002,Tangerang Selatan,Banten,2024-01-21,Gold
C25356,Citra Santoso,Pria,2002,Bandung,Jawa Barat,2024-08-06,Gold
C25357,Siti Ramadhan,Pria,2003,Medan,Sumatera Utara,2022-10-05,Basic
C25358,Rizky Kusuma,Pria,1980,Tangerang Selatan,Banten,2024-03-12,Basic
C25359,Intan Setiawan,Wanita,1983,Jakarta Selatan,DKI Jakarta,2022-07-24,Basic
C25360,Dimas Halim,Pria,1991,Tangerang,Banten,2024-05-29,Basic
C25361,Sari Rahayu,Pria,2002,Jakarta Barat,DKI Jakarta,2023-11-13,Silver
C25362,Budi Santoso,Wanita,1978,Bandung,Jawa Barat,2024-05-21,
C25363,Putri Firmansyah,Wanita,1974,Bandung,Jawa Barat,2022-07-21,Silver
C25364,Rani Firmansyah,Pria,1978,Malang,Jawa Timur,2022-07-27,Basic
C25365,Citra Santoso,,2000,Malang,Jawa Timur,2023-01-10,Basic
C25366,Fitri Saputra,,2003,Bekasi,Jawa Barat,2022-03-21,Basic
C25367,Fajar Santoso,Pria,1981,Surabaya,Jawa Timur,2023-08-12,Basic
C25368,Yoga Setiawan,Wanita,1987,Malang,Jawa Timur,2022-04-18,Basic
C25369,Bayu Wijaya,Pria,1994,bandung,Jawa Barat,2022-12-11,Gold
C25370,Yoga Setiawan,Wanita,1983,surabaya,Jawa Timur,2022-03-04,Silver
C25371,Wahyu Ramadhan,,1981,Bandung,Jawa Barat,2023-09-27,Basic
C25372,Teguh Utami,Pria,1989,Jogjakarta,DI Yogyakarta,2024-03-04,Silver
C25373,Reza Hidayat,Pria,1976,Yogyakarta,DI Yogyakarta,2022-01-05,Basic
C25374,Yoga Saputra,Wanita,1975,surabaya,Jawa Timur,2023-02-05,Basic
C25375,Vina Nugroho,Pria,1978,Jakarta Selatan,DKI Jakarta,2023-06-04,Basic
C25376,Vina Hidayat,Pria,1970,Palembang,Sumatera Selatan,2022-06-24,Basic
C25377,Agus Santoso,Pria,1990,Bogor,Jawa Barat,2022-04-08,Gold
C25378,Teguh Santoso,Pria,1970,Medan,Sumatera Utara,2024-01-26,Gold
C25379,Bayu Permana,Pria,2003,Jaktim,DKI Jakarta,2022-04-17,Gold
C25380,Anisa Setiawan,Wanita,1999,Surabaya,Jawa Timur,2023-02-11,Basic
C25381,Dewi Halim,Wanita,1975,Jakarta Barat,DKI Jakarta,2024-03-27,Basic
C25382,Bayu Kusuma,,2002,Malang,Jawa Timur,2024-08-19,Basic
C25383,Fitri Halim,Wanita,1980,Jakarta Barat,DKI Jakarta,2022-12-18,
C25384,Nadia Saputra,Wanita,1978,Bekasi,Jawa Barat,2024-04-29,Gold
C25385,Yoga Halim,Wanita,1999,Medan,Sumatera Utara,2023-10-10,Basic
C25386,Lestari Setiawan,Pria,1989,Surabaya,Jawa Timur,2022-08-04,Silver
C25387,Bayu Ramadhan,Pria,1996,Surabaya,Jawa Timur,2022-10-11,Basic
C25388,Siti Nugroho,Pria,1987,Tangerang Selatan,Banten,2022-01-05,Basic
C25389,Vina Pratama,Wanita,1980, Bandung,Jawa Barat,2024-08-06,Basic
C25390,Agus Hidayat,Pria,1990,Tangerang Selatan,Banten,2022-02-03,Basic
C25391,Arif Anggraini,Pria,1997,Jakarta Barat,DKI Jakarta,2023-02-01,Basic
C25392,Teguh Permana,Wanita,1976,Tangerang,Banten,2022-05-30,Basic
C25393,Ayu Wijaya,,1985,Palembang,Sumatera Selatan,2024-02-10,Basic
C25394,Anisa Nugroho,Wanita,1991,Makassar,Sulawesi Selatan,2023-08-15,Basic
C25395,Lestari Ramadhan,Wanita,1998,Jakarta selatan,DKI Jakarta,2022-12-11,Silver
C25396,Intan Nugroho,Wanita,1983,surabaya,Jawa Timur,2023-07-24,Silver
C25397,Citra Utami,Pria,1991,Jakarta Selatan,DKI Jakarta,2022-07-08,Basic
C25398,Andi Halim,Wanita,1991,Medan,Sumatera Utara,2024-05-17,Silver
C25399,Fajar Pratama,Pria,1985,Palembang,Sumatera Selatan,2022-09-11,Gold
C25400,Agus Permana,Wanita,1972,Jakarta Barat,DKI Jakarta,2024-03-16,Basic
C25401,Agus Anggraini,Pria,1976,Palembang,Sumatera Selatan,2022-02-15,Basic
C25402,Lestari Pratama,Pria,1995,Bekasi,Jawa Barat,2023-04-21,Basic
C25403,Vina Santoso,Pria,1992,Jaktim,DKI Jakarta,2022-12-28,Gold
C25404,Anisa Pratama,Wanita,1987,Makassar,Sulawesi Selatan,2022-04-23,Gold
C25405,Rani Setiawan,Pria,1995,Jakarta Selatan,DKI Jakarta,2022-07-11,Basic
C25406,Dewi Ramadhan,Wanita,1982,Depok,Jawa Barat,2022-03-21,Basic
C25407,Reza Setiawan,Wanita,1990,Surabaya,Jawa Timur,2023-09-09,Basic
C25408,Anisa Anggraini,Pria,1990,Denpasar,Bali,2024-06-24,Basic
C25409,Fajar Wijaya,Pria,1973,Yogyakarta,DI Yogyakarta,2022-12-29,Silver
C25410,Maya Rahayu,Pria,1994,Bekasi,Jawa Barat,2023-12-19,Basic
C25411,Yoga Anggraini,Wanita,1972,Semarang,Jawa Tengah,2022-03-13,Silver
C25412,Maya Wijaya,Wanita,1983, Bandung,Jawa Barat,2022-09-10,Silver
C25413,Nurul Hidayat,Wanita,1973,Surabaya,Jawa Timur,2022-03-17,Gold
C25414,Anisa Santoso,,1984,Bekasi,Jawa Barat,2022-03-03,Basic
C25415,Dewi Wijaya,Wanita,1978,Jakarta Timur,DKI Jakarta,2022-08-21,Basic
C25416,Citra Nugroho,Wanita,1993,Jakarta Barat,DKI Jakarta,2024-05-19,Basic
C25417,Galih Ramadhan,Pria,1980,BANDUNG,Jawa Barat,2024-04-18,Basic
C25418,Teguh Rahayu,Pria,1986,Semarang,Jawa Tengah,2024-02-03,
C25419,Arif Hidayat,,1996,Bekasi,Jawa Barat,2023-02-16,Basic
C25420,Iqbal Ramadhan,Pria,1979,Jakarta Selatan,DKI Jakarta,2024-09-02,
C25421,Maya Permana,Wanita,1978,Jakarta Selatan,DKI Jakarta,2023-04-16,Basic
C25422,Agus Saputra,Pria,1991,Medan,Sumatera Utara,2024-08-29,Gold
C25423,Vina Ramadhan,Wanita,1994,Tangerang Selatan,Banten,2023-11-29,Basic
C25424,Citra Halim,Pria,1983,Semarang,Jawa Tengah,2023-03-02,Basic
C25425,Bayu Halim,Wanita,1976,Malang,Jawa Timur,2024-04-21,Silver
C25426,Intan Setiawan,Wanita,1981,jakarta timur,DKI Jakarta,2022-07-15,Basic
C25427,Vina Setiawan,Wanita,1973,Bogor,Jawa Barat,2023-08-03,Basic
C25428,Galih Anggraini,,1989,Depok,Jawa Barat,2023-09-10,Basic
C25429,Nadia Firmansyah,Pria,1986,Depok,Jawa Barat,2022-05-23,Basic
C25430,Andi Rahayu,Pria,1998,BANDUNG,Jawa Barat,2022-07-31,Basic
C25431,Yoga Setiawan,Wanita,1984,Jaktim,DKI Jakarta,2023-08-21,Basic
C25432,Anisa Kusuma,Wanita,2001,Malang,Jawa Timur,2022-10-09,Basic
C25433,Budi Santoso,Wanita,1974,Medan,Sumatera Utara,2024-09-19,Silver
C25434,Ayu Wijaya,Wanita,1981,Makassar,Sulawesi Selatan,2024-07-24,Silver
C25435,Hendra Saputra,Pria,2000,Jakarta Timur,DKI Jakarta,2024-03-01,Basic
C25436,Fitri Anggraini,Wanita,1975,Makassar,Sulawesi Selatan,2022-09-28,Basic
C25437,Vina Anggraini,Wanita,1984,Bandung,Jawa Barat,2022-07-12,Silver
C25438,Rani Hidayat,Wanita,1984,Jakarta Barat,DKI Jakarta,2022-08-04,Basic
C25439,Agus Wijaya,Wanita,2001,Jaksel,DKI Jakarta,2023-07-15,Basic
C25440,Anisa Santoso,Wanita,1982,bandung,Jawa Barat,2022-05-01,Silver
C25441,Vina Nugroho,Pria,1997,TANGSEL,Banten,2023-11-11,Basic
C25442,Rizky Anggraini,Pria,2003,Tangerang,Banten,2023-01-06,Basic
C25443,Ayu Permana,Wanita,2001,Bekasi,Jawa Barat,2022-11-28,Gold
C25444,Arif Wijaya,Wanita,1990,Medan,Sumatera Utara,2023-05-11,Basic
C25445,Galih Pratama,Wanita,1985,Jakbar,DKI Jakarta,2022-02-13,Silver
C25446,Siti Ramadhan,Pria,1997,Bandung,Jawa Barat,2022-12-15,Silver
C25447,Lestari Anggraini,Wanita,1977,Jakarta Barat,DKI Jakarta,2023-05-24,Gold
C25448,Teguh Halim,Pria,1970,Jakarta Barat,DKI Jakarta,2022-05-25,Basic
C25449,Anisa Pratama,Pria,1980,Bogor,Jawa Barat,2023-09-30,Basic
C25450,Iqbal Santoso,Pria,2002,Tangerang,Banten,2023-02-04,Gold
C25451,Dimas Wijaya,Pria,1989,Semarang,Jawa Tengah,2024-06-28,Basic
C25452,Vina Wijaya,Wanita,1980,Yogyakarta,DI Yogyakarta,2023-11-14,Basic
C25453,Rizky Hidayat,Wanita,2003,Medan,Sumatera Utara,2022-10-05,Basic
C25454,Siti Rahayu,Wanita,1970,Balikpapan,Kalimantan Timur,2024-08-01,Basic
C25455,Reza Rahayu,Wanita,1985,Malang,Jawa Timur,2024-06-23,Silver
C25456,Rizky Anggraini,Pria,1996,Medan,Sumatera Utara,2022-01-24,Gold
C25457,Siti Ramadhan,Pria,2001,Jakarta selatan,DKI Jakarta,2023-09-14,Basic
C25458,Anisa Halim,Wanita,1981,Semarang,Jawa Tengah,2024-08-14,Basic
C25459,Rizky Wijaya,Wanita,1970,Jakarta Selatan,DKI Jakarta,2022-09-14,Basic
C25460,Maya Rahayu,Pria,1995,jakarta timur,DKI Jakarta,2024-01-26,
C25461,Andi Saputra,Pria,1978,Bekasi,Jawa Barat,2022-12-31,Basic
C25462,Yoga Santoso,Wanita,1972,Denpasar,Bali,2022-05-22,Basic
C25463,Agus Ramadhan,Pria,1979,Jaktim,DKI Jakarta,2023-05-14,Basic
C25464,Citra Utami,Pria,1970,Balikpapan,Kalimantan Timur,2022-07-29,Basic
C25465,Dimas Wijaya,Wanita,1984,surabaya,Jawa Timur,2023-12-01,Silver
C25466,Fitri Santoso,Wanita,1981,Palembang,Sumatera Selatan,2023-11-01,Silver
C25467,Galih Setiawan,Pria,1989,Jakarta Selatan,DKI Jakarta,2024-07-23,Basic
C25468,Andi Kusuma,Pria,1984,Surabaya ,Jawa Timur,2024-04-24,Basic
C25469,Bayu Firmansyah,Wanita,1970,Depok,Jawa Barat,2022-05-23,Basic
C25470,Citra Rahayu,Wanita,1991,Surabaya,Jawa Timur,2023-04-19,Basic
C25471,Dimas Firmansyah,Wanita,1982,Jaktim,DKI Jakarta,2023-06-15,Silver
C25472,Hendra Rahayu,Pria,1978,Palembang,Sumatera Selatan,2024-08-03,
C25473,Teguh Nugroho,Pria,1985,Tangerang,Banten,2023-10-26,Gold
C25474,Andi Anggraini,Pria,1992,Bogor,Jawa Barat,2023-08-16,Silver
C25475,Lestari Hidayat,,1972,Semarang,Jawa Tengah,2024-07-19,Basic
C25476,Vina Rahayu,Pria,1976,Jakarta Timur,DKI Jakarta,2024-04-09,
C25477,Nurul Kusuma,Pria,1985,Malang,Jawa Timur,2023-01-02,Basic
C25478,Yoga Saputra,Pria,1977,Malang,Jawa Timur,2023-08-24,Gold
C25479,Reza Setiawan,Pria,1992,Semarang,Jawa Tengah,2023-05-25,Silver
C25480,Sari Pratama,Pria,1975,Balikpapan,Kalimantan Timur,2023-12-05,Basic
C25481,Fajar Ramadhan,Pria,1972,Bekasi,Jawa Barat,2023-07-02,Basic
C25482,Wahyu Pratama,,1988,Jakarta Timur,DKI Jakarta,2022-12-14,Basic
C25483,Dimas Nugroho,Pria,1999,Bogor,Jawa Barat,2022-06-11,Basic
C25484,Wahyu Anggraini,Wanita,1975,Tangsel,Banten,2022-08-26,Silver
C25485,Fitri Permana,Wanita,1998,bandung,Jawa Barat,2024-02-21,Basic
C25486,Fajar Ramadhan,Pria,2003,jakarta barat,DKI Jakarta,2022-04-02,Silver
C25487,Nurul Setiawan,Wanita,1987,Tangerang Selatan,Banten,2023-09-12,Silver
C25488,Nurul Rahayu,Wanita,1986,Malang,Jawa Timur,2022-05-29,Basic
C25489,Dimas Santoso,Wanita,1998,Jakarta Barat,DKI Jakarta,2023-05-04,Silver
C25490,Budi Anggraini,Pria,1991,Surabaya ,Jawa Timur,2024-07-05,Basic
C25491,Ayu Wijaya,Pria,1990,Denpasar,Bali,2023-01-12,Silver
C25492,Nadia Permana,Wanita,1994,tangerang selatan,Banten,2023-08-24,Basic
C25493,Maya Nugroho,Pria,1989,Tangerang,Banten,2022-04-16,Silver
C25494,Andi Halim,Wanita,1992,Jakarta Selatan,DKI Jakarta,2023-06-07,Gold
C25495,Yoga Permana,Wanita,1998,Denpasar,Bali,2022-04-11,Basic
C25496,Andi Anggraini,Pria,1983,Semarang,Jawa Tengah,2023-10-21,Basic
C25497,Yoga Santoso,Wanita,1986,Jakarta Selatan,DKI Jakarta,2024-05-21,Silver
C25498,Putri Firmansyah,Pria,1984,Jakarta Selatan,DKI Jakarta,2023-08-16,Basic
C25499,Galih Hidayat,Wanita,2003,Semarang,Jawa Tengah,2024-05-01,Silver
C25500,Anisa Ramadhan,Wanita,1987,Bekasi,Jawa Barat,2022-05-15,Basic
C25501,Ayu Rahayu,Pria,1998,Jakarta Timur,DKI Jakarta,2023-10-06,Basic
C25502,Lestari Wijaya,Pria,1982,Tangerang,Banten,2024-01-20,Basic
C25503,Dimas Hidayat,Wanita,2001,Surabaya,Jawa Timur,2023-11-17,Gold
C25504,Hendra Setiawan,Pria,1979,Jakarta Selatan,DKI Jakarta,2024-01-20,Basic
C25505,Dewi Pratama,Pria,1993,Malang,Jawa Timur,2023-06-17,Silver
C25506,Teguh Ramadhan,Wanita,1971,surabaya,Jawa Timur,2024-09-20,Gold
C25507,Maya Santoso,Pria,1998,TANGSEL,Banten,2024-04-15,Gold
C25508,Fajar Permana,Wanita,1994,Jakarta Barat,DKI Jakarta,2023-03-07,Basic
C25509,Siti Saputra,Wanita,1981,TANGSEL,Banten,2024-06-16,Basic
C25510,Rani Rahayu,Pria,1975,Jakarta Timur,DKI Jakarta,2024-05-21,Basic
C25511,Maya Rahayu,Pria,1983,Depok,Jawa Barat,2023-07-05,Basic
C25512,Rizky Saputra,Wanita,2002,Balikpapan,Kalimantan Timur,2023-03-01,Basic
C25513,Galih Santoso,Pria,1992,Depok,Jawa Barat,2022-03-01,Basic
C25514,Rani Pratama,Wanita,1996,Bandung,Jawa Barat,2022-10-18,Silver
C25515,Putri Halim,Wanita,2002,Jakarta Selatan,DKI Jakarta,2023-06-05,Basic
C25516,Galih Pratama,Pria,1972,Makassar,Sulawesi Selatan,2024-06-04,Basic
C25517,Galih Nugroho,Wanita,1996,Bekasi,Jawa Barat,2022-07-26,Basic
C25518,Dimas Saputra,Wanita,1981,Tangsel,Banten,2022-10-11,Silver
C25519,Fajar Permana,Pria,1974,Tangerang Selatan,Banten,2023-03-14,Basic
C25520,Fajar Pratama,Pria,1999,Medan,Sumatera Utara,2024-03-21,Silver
C25521,Putri Saputra,Wanita,1974,Surabaya,Jawa Timur,2023-12-08,Gold
C25522,Arif Kusuma,Wanita,1993,Malang,Jawa Timur,2024-03-11,Basic
C25523,Teguh Pratama,Wanita,1998,Jakarta Barat,DKI Jakarta,2023-12-08,Silver
C25524,Reza Ramadhan,,1993,Semarang,Jawa Tengah,2022-03-22,Basic
C25525,Siti Pratama,Wanita,1979,Depok,Jawa Barat,2023-07-15,Basic
C25526,Arif Anggraini,Pria,1993,Balikpapan,Kalimantan Timur,2024-03-24,Silver
C25527,Maya Wijaya,Pria,1975,DIY,DI Yogyakarta,2024-03-14,Basic
C25528,Sari Setiawan,Wanita,1988,Jakarta Selatan,DKI Jakarta,2023-08-07,Silver
C25529,Maya Ramadhan,Pria,1972,tangerang selatan,Banten,2023-02-01,Silver
C25530,Nurul Pratama,Wanita,2000,Malang,Jawa Timur,2024-04-06,Basic
C25531,Intan Setiawan,Pria,1996,Jakarta Timur,DKI Jakarta,2023-02-05,Basic
C25532,Dimas Halim,Pria,1981,Tangerang,Banten,2023-01-09,Basic
C25533,Hendra Pratama,Wanita,1991,Balikpapan,Kalimantan Timur,2022-05-21,Basic
C25534,Budi Anggraini,Wanita,1986,Jaktim,DKI Jakarta,2022-05-06,Silver
C25535,Teguh Saputra,Pria,2000,Surabaya,Jawa Timur,2023-01-18,Silver
C25536,Budi Setiawan,Pria,1998,Balikpapan,Kalimantan Timur,2023-12-06,Silver
C25537,Putri Wijaya,Pria,2002,Surabaya ,Jawa Timur,2023-04-04,Basic
C25538,Dimas Hidayat,Pria,1994,Jakarta Barat,DKI Jakarta,2024-05-16,Basic
C25539,Budi Anggraini,Pria,1986,Bogor,Jawa Barat,2023-02-26,Silver
C25540,Dimas Santoso,Wanita,1990,Malang,Jawa Timur,2023-04-29,Silver
C25541,Agus Firmansyah,Pria,2003,Denpasar,Bali,2022-06-15,Basic
C25542,Fajar Hidayat,Pria,1976,Jakarta Barat,DKI Jakarta,2022-11-18,Gold
C25543,Fajar Wijaya,Pria,1973,Bogor,Jawa Barat,2023-12-06,
C25544,Yoga Hidayat,Pria,1991,Bekasi,Jawa Barat,2022-09-10,Silver
C25545,Fitri Utami,Wanita,1991,Makassar,Sulawesi Selatan,2022-08-22,Basic
C25546,Lestari Firmansyah,Wanita,1983,Jakarta Timur,DKI Jakarta,2024-01-22,Basic
C25547,Budi Permana,Pria,1977,Yogyakarta,DI Yogyakarta,2022-11-14,Basic
C25548,Lestari Ramadhan,Pria,1975,Jakarta Timur,DKI Jakarta,2024-06-13,Basic
C25549,Nurul Utami,,1989,Jakarta selatan,DKI Jakarta,2022-03-06,Silver
C25550,Nurul Hidayat,Pria,1987,Jakarta Selatan,DKI Jakarta,2022-06-16,Basic
C25551,Yoga Rahayu,Wanita,1972,Medan,Sumatera Utara,2022-02-10,Basic
C25552,Teguh Rahayu,Wanita,1984,Jakarta Barat,DKI Jakarta,2022-08-25,Silver
C25553,Anisa Santoso,Wanita,1998,Jakarta Timur,DKI Jakarta,2022-11-13,Silver
C25554,Putri Ramadhan,,1981,Denpasar,Bali,2023-11-10,Basic
C25555,Dimas Nugroho,Wanita,1990,Medan,Sumatera Utara,2022-09-12,Basic
C25556,Arif Pratama,Pria,2001,Balikpapan,Kalimantan Timur,2023-01-08,Silver
C25557,Teguh Santoso,Wanita,1970,Surabaya ,Jawa Timur,2022-04-13,Basic
C25558,Hendra Halim,Pria,2003,Tangerang Selatan,Banten,2022-12-06,Silver
C25559,Fitri Saputra,Wanita,1981,Semarang,Jawa Tengah,2023-04-19,Silver
C25560,Teguh Santoso,Pria,1981,Medan,Sumatera Utara,2024-02-28,Basic
C25561,Rizky Anggraini,Wanita,1988,JAKARTA SELATAN,DKI Jakarta,2022-10-23,Silver
C25562,Lestari Rahayu,Pria,1980,Palembang,Sumatera Selatan,2023-11-18,Basic
C25563,Reza Wijaya,Wanita,1990,Tangerang,Banten,2022-01-02,Silver
C25564,Galih Santoso,Pria,1991,Semarang,Jawa Tengah,2022-06-10,Silver
C25565,Bayu Wijaya,Pria,1992,Surabaya,Jawa Timur,2024-08-13,Basic
C25566,Rizky Wijaya,Wanita,1971,Bekasi,Jawa Barat,2024-05-01,Silver
C25567,Ayu Wijaya,Pria,1975,Bekasi,Jawa Barat,2023-01-01,Silver
C25568,Rani Wijaya,Pria,1974,Surabaya,Jawa Timur,2022-06-18,Basic
C25569,Sari Firmansyah,Wanita,2003,Semarang,Jawa Tengah,2023-06-19,Basic
C25570,Dewi Rahayu,Wanita,2000,Jakarta Barat,DKI Jakarta,2024-03-13,Gold
C25571,Siti Santoso,Pria,2001,Malang,Jawa Timur,2023-09-19,Basic
C25572,Dewi Santoso,Wanita,1971,TANGSEL,Banten,2023-01-01,Basic
C25573,Hendra Setiawan,Pria,2003,Depok,Jawa Barat,2024-08-27,Basic
C25574,Ayu Rahayu,Pria,1979,TANGSEL,Banten,2024-03-02,
C25575,Iqbal Pratama,Pria,1973,Surabaya ,Jawa Timur,2023-07-04,Basic
C25576,Arif Santoso,Wanita,2002,Bekasi,Jawa Barat,2022-02-19,Silver
C25577,Andi Ramadhan,Wanita,1980,Tangerang Selatan,Banten,2023-07-15,Basic
C25578,Ayu Firmansyah,Pria,1991,Surabaya,Jawa Timur,2022-01-30,Basic
C25579,Maya Ramadhan,Pria,1993,tangerang selatan,Banten,2023-07-27,Basic
C25580,Reza Ramadhan,Pria,1971,Tangerang,Banten,2023-05-17,Basic
C25581,Iqbal Pratama,Wanita,1996,Bekasi,Jawa Barat,2024-07-08,Basic
C25582,Sari Anggraini,Pria,1991,Jakbar,DKI Jakarta,2022-09-12,
C25583,Anisa Firmansyah,Wanita,2000,Jakarta Selatan,DKI Jakarta,2023-05-15,Silver
C25584,Rani Anggraini,Wanita,1981,Palembang,Sumatera Selatan,2024-01-02,Basic
C25585,Teguh Saputra,Wanita,1996,Malang,Jawa Timur,2023-05-28,Basic
C25586,Sari Anggraini,Wanita,1980,Depok,Jawa Barat,2022-04-27,Gold
C25587,Siti Pratama,Pria,1985,Denpasar,Bali,2024-04-20,Silver
C25588,Hendra Ramadhan,Pria,1995,Balikpapan,Kalimantan Timur,2023-12-09,Gold
C25589,Dimas Nugroho,Pria,1979,Palembang,Sumatera Selatan,2022-07-23,Basic
C25590,Yoga Setiawan,Wanita,1985,Bandung,Jawa Barat,2022-08-27,Basic
C25591,Citra Utami,Wanita,1998,Jakarta Barat,DKI Jakarta,2023-11-24,Gold
C25592,Bayu Kusuma,Pria,1971,jakarta timur,DKI Jakarta,2024-02-17,Basic
C25593,Hendra Nugroho,Pria,1998,Bogor,Jawa Barat,2023-08-14,Gold
C25594,Agus Rahayu,Pria,2001, Bandung,Jawa Barat,2022-09-02,
C25595,Budi Pratama,Pria,1979,Surabaya,Jawa Timur,2023-02-02,Gold
C25596,Arif Permana,Wanita,1994,Tangerang,Banten,2024-04-05,Basic
C25597,Arif Setiawan,Wanita,2003,Jakarta Selatan,DKI Jakarta,2023-01-31,Gold
C25598,Intan Anggraini,Wanita,2001,Bogor,Jawa Barat,2024-08-03,Basic
C25599,Citra Ramadhan,,2002,jakarta timur,DKI Jakarta,2024-04-08,Basic
C25600,Agus Nugroho,Wanita,1994,Bekasi,Jawa Barat,2024-01-31,Basic
C25601,Intan Permana,Wanita,1972,Depok,Jawa Barat,2024-06-29,Gold
C25602,Andi Saputra,Pria,1992,jakarta timur,DKI Jakarta,2022-02-02,Basic
C25603,Fitri Wijaya,Pria,1983,tangerang selatan,Banten,2023-05-20,Basic
C25604,Putri Permana,Pria,1997,Jakarta Barat,DKI Jakarta,2024-03-20,Basic
C25605,Rizky Anggraini,,1977,Jakarta Selatan,DKI Jakarta,2022-01-18,Basic
C25606,Putri Wijaya,Wanita,1993,SBY,Jawa Timur,2023-02-23,Silver
C25607,Dewi Permana,Wanita,1989,Bekasi,Jawa Barat,2022-11-12,Silver
C25608,Fajar Saputra,Wanita,1984,Medan,Sumatera Utara,2024-09-20,Basic
C25609,Andi Kusuma,Pria,1987,Jakarta Selatan,DKI Jakarta,2022-06-05,Silver
C25610,Intan Ramadhan,Wanita,1974,Palembang,Sumatera Selatan,2024-09-02,
C25611,Fajar Pratama,Wanita,1971,Tangerang,Banten,2022-10-05,Basic
C25612,Teguh Setiawan,Wanita,1977,Depok,Jawa Barat,2023-10-17,Basic
C25613,Fajar Wijaya,Wanita,1999,Depok,Jawa Barat,2022-10-08,Basic
C25614,Nurul Halim,Wanita,1977,Jaktim,DKI Jakarta,2022-09-09,Basic
C25615,Ayu Utami,Pria,1986,Bekasi,Jawa Barat,2024-08-04,Basic
C25616,Anisa Kusuma,Wanita,1995,Medan,Sumatera Utara,2024-04-29,Basic
C25617,Dimas Utami,Wanita,1975,Jakarta Selatan,DKI Jakarta,2022-09-30,Basic
C25618,Nurul Permana,Wanita,1982,Bogor,Jawa Barat,2022-02-26,Silver
C25619,Rizky Utami,Pria,1997,Yogyakarta,DI Yogyakarta,2023-03-02,Basic
C25620,Yoga Kusuma,Wanita,1989,Denpasar,Bali,2022-05-03,Silver
C25621,Lestari Firmansyah,Wanita,1974,Jakarta Selatan,DKI Jakarta,2022-02-26,Basic
C25622,Vina Ramadhan,Wanita,1983,Bogor,Jawa Barat,2022-06-24,Gold
C25623,Rizky Permana,Wanita,1977,TANGSEL,Banten,2023-06-30,Silver
C25624,Teguh Kusuma,Pria,1997,Jakarta Timur,DKI Jakarta,2022-02-22,Basic
C25625,Rizky Nugroho,Wanita,1973,Depok,Jawa Barat,2024-05-31,Basic
C25626,Rani Santoso,Pria,1990,jakarta barat,DKI Jakarta,2024-07-21,Basic
C25627,Citra Saputra,Wanita,1970,Palembang,Sumatera Selatan,2023-08-07,Basic
C25628,Andi Permana,Pria,2002,Denpasar,Bali,2023-06-27,Basic
C25629,Rani Pratama,Wanita,1985,Balikpapan,Kalimantan Timur,2024-08-05,Basic
C25630,Teguh Utami,Wanita,2002,Yogyakarta,DI Yogyakarta,2023-12-27,Basic
C25631,Rizky Wijaya,Pria,1993,Yogyakarta,DI Yogyakarta,2023-06-18,Basic
C25632,Ayu Setiawan,Pria,1988,Jakarta Selatan,DKI Jakarta,2024-05-20,Basic
C25633,Vina Ramadhan,Pria,1976,Surabaya,Jawa Timur,2022-02-27,Silver
C25634,Sari Saputra,Pria,1979,JAKARTA SELATAN,DKI Jakarta,2022-12-24,Basic
C25635,Dimas Utami,Wanita,1994,SBY,Jawa Timur,2023-10-08,Gold
C25636,Iqbal Utami,Wanita,1995,Palembang,Sumatera Selatan,2024-03-01,Gold
C25637,Rizky Anggraini,Wanita,1987,Balikpapan,Kalimantan Timur,2022-11-02,Gold
C25638,Nadia Ramadhan,Pria,2001,Medan,Sumatera Utara,2023-09-22,Basic
C25639,Dimas Nugroho,Pria,1991,Bandung,Jawa Barat,2023-08-18,Silver
C25640,Fitri Permana,Wanita,1971,Makassar,Sulawesi Selatan,2024-01-11,Silver
C25641,Putri Halim,Pria,2000,Denpasar,Bali,2023-03-30,
C25642,Arif Hidayat,Pria,2003,Jakarta Selatan,DKI Jakarta,2023-04-01,
C25643,Intan Ramadhan,,2001,Tangerang,Banten,2024-04-27,Basic
C25644,Ayu Halim,Pria,2000,Tangerang Selatan,Banten,2022-11-09,Basic
C25645,Rizky Halim,Pria,1996,Jakarta Selatan,DKI Jakarta,2024-04-08,Basic
C25646,Dimas Halim,Wanita,2001,Denpasar,Bali,2024-04-20,Basic
C25647,Nurul Halim,Pria,1992,Bekasi,Jawa Barat,2023-09-28,
C25648,Wahyu Santoso,Wanita,1971,Bekasi,Jawa Barat,2022-05-10,Silver
C25649,Ayu Rahayu,Wanita,1998,Semarang,Jawa Tengah,2024-07-08,Basic
C25650,Nurul Halim,Wanita,1973,Jakarta Selatan,DKI Jakarta,2023-02-19,Silver
C25651,Bayu Anggraini,Pria,1999,Depok,Jawa Barat,2022-02-14,Silver
C25652,Bayu Utami,,1994,Bekasi,Jawa Barat,2022-04-25,Silver
C25653,Anisa Santoso,Wanita,1971,jakarta selatan,DKI Jakarta,2022-07-20,Silver
C25654,Budi Setiawan,Pria,1985,Bekasi,Jawa Barat,2024-05-27,Basic
C25655,Galih Kusuma,Wanita,1990,Depok,Jawa Barat,2024-08-01,Silver
C25656,Dewi Halim,Wanita,2001,Bandung,Jawa Barat,2024-04-09,Silver
C25657,Fajar Halim,Wanita,1989,Depok,Jawa Barat,2024-01-29,Basic
C25658,Vina Utami,Wanita,2001,Bogor,Jawa Barat,2022-12-03,Basic
C25659,Dimas Ramadhan,Pria,1977,Semarang,Jawa Tengah,2022-01-07,Gold
C25660,Rizky Pratama,Wanita,1999,Bekasi,Jawa Barat,2022-09-27,Basic
C25661,Anisa Saputra,Wanita,1974,Bandung,Jawa Barat,2022-08-06,Gold
C25662,Dewi Kusuma,,1982,JAKARTA SELATAN,DKI Jakarta,2024-02-01,Silver
C25663,Maya Nugroho,Pria,2001,Bogor,Jawa Barat,2022-04-19,Gold
C25664,Rani Ramadhan,Pria,1983,Depok,Jawa Barat,2023-10-07,Silver
C25665,Rizky Ramadhan,Pria,1988,Yogyakarta,DI Yogyakarta,2022-12-24,Basic
C25666,Ayu Saputra,Pria,1979,Tangerang,Banten,2024-07-25,Basic
C25667,Nadia Firmansyah,Wanita,1972,Malang,Jawa Timur,2024-02-04,Basic
C25668,Sari Permana,Pria,1977,Jaktim,DKI Jakarta,2022-01-13,Basic
C25669,Arif Santoso,Wanita,1977,Tangerang,Banten,2023-02-24,Basic
C25670,Rizky Firmansyah,Pria,1975,Denpasar,Bali,2024-04-30,Gold
C25671,Maya Anggraini,Pria,1989,Surabaya,Jawa Timur,2023-06-01,Basic
C25672,Rizky Kusuma,Pria,2000,Bandung,Jawa Barat,2024-08-02,Gold
C25673,Sari Utami,Wanita,1970,Bandung,Jawa Barat,2023-12-09,Basic
C25674,Lestari Ramadhan,Pria,1993,Depok,Jawa Barat,2023-05-23,Basic
C25675,Vina Utami,Wanita,1970,tangerang selatan,Banten,2022-09-21,Basic
C25676,Intan Utami,Wanita,1991,Depok,Jawa Barat,2023-04-25,Silver
C25677,Andi Anggraini,Pria,1983,Surabaya,Jawa Timur,2022-03-22,Basic
C25678,Rizky Firmansyah,Pria,1995,Surabaya,Jawa Timur,2022-09-01,Basic
C25679,Galih Firmansyah,Wanita,2001,Depok,Jawa Barat,2023-08-22,Basic
C25680,Fitri Hidayat,Pria,1996,Bogor,Jawa Barat,2022-10-09,Basic
C25681,Budi Setiawan,Pria,1987,Tangerang Selatan,Banten,2022-06-17,Basic
C25682,Lestari Permana,Pria,1982,Jakarta Timur,DKI Jakarta,2023-09-02,Basic
C25683,Reza Ramadhan,Pria,1982,Surabaya ,Jawa Timur,2024-08-09,Gold
C25684,Siti Wijaya,,1996,Tangerang,Banten,2024-03-10,Basic
C25685,Teguh Saputra,Pria,2003,Depok,Jawa Barat,2023-04-21,Basic
C25686,Andi Permana,Pria,1979,Jakarta Selatan,DKI Jakarta,2023-11-22,Basic
C25687,Teguh Saputra,Wanita,1984,Bandung,Jawa Barat,2022-04-26,Silver
C25688,Nurul Hidayat,Pria,1986,Bogor,Jawa Barat,2022-02-18,Silver
C25689,Anisa Halim,Wanita,1970,Semarang,Jawa Tengah,2024-06-28,Basic
C25690,Hendra Firmansyah,Wanita,1972,Tangerang,Banten,2024-09-11,Silver
C25691,Citra Anggraini,Pria,1998,Semarang,Jawa Tengah,2024-01-20,
C25692,Citra Rahayu,Pria,1982,Bandung,Jawa Barat,2023-02-25,Basic
C25693,Citra Firmansyah,Pria,1985,Tangerang,Banten,2024-05-14,Basic
C25694,Hendra Setiawan,Wanita,1997,Jakarta Selatan,DKI Jakarta,2024-07-23,Silver
C25695,Citra Halim,Wanita,1990,Makassar,Sulawesi Selatan,2022-01-10,Gold
C25696,Teguh Pratama,Wanita,1979,Bogor,Jawa Barat,2022-05-22,Basic
C25697,Agus Anggraini,Pria,1996,Tangerang Selatan,Banten,2024-02-02,Basic
C25698,Anisa Anggraini,Wanita,1992,Balikpapan,Kalimantan Timur,2023-02-14,Basic
C25699,Galih Wijaya,Pria,1980,yogyakarta,DI Yogyakarta,2022-04-25,Basic
C25700,Bayu Nugroho,Wanita,1992,Makassar,Sulawesi Selatan,2023-01-12,Basic
C25701,Dimas Rahayu,Pria,1993,jakarta barat,DKI Jakarta,2023-06-19,Basic
C25702,Andi Wijaya,Wanita,1970,Yogyakarta,DI Yogyakarta,2023-09-08,Gold
C25703,Agus Hidayat,Wanita,1979,Bandung,Jawa Barat,2024-02-09,Basic
C25704,Nurul Pratama,Wanita,2002,Yogyakarta,DI Yogyakarta,2022-02-18,Silver
C25705,Putri Rahayu,Pria,1983,Denpasar,Bali,2024-09-04,Basic
C25706,Sari Firmansyah,Wanita,1982,Tangerang Selatan,Banten,2022-06-02,Basic
C25707,Sari Setiawan,Wanita,1970,Surabaya,Jawa Timur,2022-06-21,Basic
C25708,Anisa Kusuma,Wanita,1988,JAKARTA BARAT,DKI Jakarta,2023-03-29,Silver
C25709,Vina Ramadhan,Pria,1997,Denpasar,Bali,2023-05-31,Basic
C25710,Rizky Halim,Wanita,2003,Denpasar,Bali,2024-03-21,Basic
C25711,Hendra Santoso,Wanita,1983,Depok,Jawa Barat,2022-04-26,Basic
C25712,Galih Rahayu,Pria,1990,Jaktim,DKI Jakarta,2024-06-06,Silver
C25713,Teguh Saputra,,1974,Surabaya,Jawa Timur,2023-06-21,
C25714,Siti Ramadhan,Wanita,1976,Jakarta Timur,DKI Jakarta,2022-07-29,Silver
C25715,Sari Saputra,Pria,1984,Tangerang,Banten,2023-03-14,
C25716,Siti Pratama,Pria,1978,Jakarta selatan,DKI Jakarta,2024-07-28,Basic
C25717,Arif Setiawan,Wanita,1992,Jakarta Barat,DKI Jakarta,2023-02-25,Basic
C25718,Hendra Permana,Pria,1989,Bogor,Jawa Barat,2022-09-20,Basic
C25719,Wahyu Nugroho,Wanita,1971,JAKARTA BARAT,DKI Jakarta,2022-01-12,Silver
C25720,Vina Hidayat,Pria,1970,Depok,Jawa Barat,2022-10-03,Basic
C25721,Wahyu Nugroho,Pria,1994,Bandung,Jawa Barat,2022-11-13,Basic
C25722,Rani Anggraini,Wanita,1992,TANGSEL,Banten,2023-07-30,Basic
C25723,Nurul Anggraini,Wanita,1971,SBY,Jawa Timur,2023-06-14,Basic
C25724,Lestari Permana,Wanita,1971,Surabaya,Jawa Timur,2022-06-26,Basic
C25725,Rizky Setiawan,Pria,1993,Jakarta Barat,DKI Jakarta,2023-12-09,Silver
C25726,Dewi Wijaya,Wanita,1999,Bekasi,Jawa Barat,2023-07-25,Basic
C25727,Teguh Rahayu,,1970,Jakarta Selatan,DKI Jakarta,2023-05-13,Basic
C25728,Vina Kusuma,Wanita,1998,Malang,Jawa Timur,2023-05-16,Basic
C25729,Maya Halim,Wanita,2003,Jakarta Barat,DKI Jakarta,2022-05-21,
C25730,Reza Hidayat,Wanita,1990,Jakarta Selatan,DKI Jakarta,2022-04-29,Basic
C25731,Nadia Utami,Pria,1976,Jakarta Timur,DKI Jakarta,2023-12-29,Basic
C25732,Nurul Rahayu,Pria,1999,DIY,DI Yogyakarta,2023-11-03,Basic
C25733,Siti Kusuma,Pria,2000,Jakarta Timur,DKI Jakarta,2024-03-18,Silver
C25734,Teguh Santoso,Wanita,1992,Jakarta Barat,DKI Jakarta,2022-05-19,Basic
C25735,Citra Setiawan,Wanita,1973,Jakarta Timur,DKI Jakarta,2024-04-10,Silver
C25736,Wahyu Firmansyah,Wanita,1979,Yogyakarta,DI Yogyakarta,2024-01-26,Basic
C25737,Nurul Nugroho,Wanita,1989,Bekasi,Jawa Barat,2022-01-05,Silver
C25738,Teguh Nugroho,Pria,1990,Bandung,Jawa Barat,2024-02-17,Gold
C25739,Fitri Santoso,Wanita,1983,tangerang selatan,Banten,2022-01-13,Silver
C25740,Rani Setiawan,Pria,1977,Depok,Jawa Barat,2022-01-07,Silver
C25741,Reza Halim,Wanita,1972,Jakarta Barat,DKI Jakarta,2024-03-21,Basic
C25742,Nadia Nugroho,Wanita,1994,Jakarta Barat,DKI Jakarta,2023-01-06,Silver
C25743,Dimas Pratama,Pria,1978,Depok,Jawa Barat,2024-01-01,Basic
C25744,Siti Setiawan,Pria,1991,Bogor,Jawa Barat,2022-05-13,Basic
C25745,Ayu Saputra,Wanita,1982,Medan,Sumatera Utara,2023-08-24,Gold
C25746,Vina Ramadhan,Pria,1975,Semarang,Jawa Tengah,2022-09-19,Basic
C25747,Nurul Utami,Wanita,2002,Tangsel,Banten,2022-12-30,Silver
C25748,Siti Halim,Pria,1982,Jakarta Selatan,DKI Jakarta,2022-04-26,Basic
C25749,Fitri Pratama,Wanita,1992,DIY,DI Yogyakarta,2022-08-11,Basic
C25750,Siti Utami,Pria,2002,Jakarta Selatan,DKI Jakarta,2023-12-11,Basic
C25751,Hendra Nugroho,Wanita,1988,Tangerang,Banten,2023-02-03,Basic
C25752,Siti Utami,Wanita,1995,Jakarta Selatan,DKI Jakarta,2024-05-27,Basic
C25753,Maya Permana,Pria,1999,Semarang,Jawa Tengah,2024-04-04,Basic
C25754,Wahyu Setiawan,Pria,1970,Tangerang Selatan,Banten,2023-12-11,Gold
C25755,Bayu Halim,Pria,1970,Makassar,Sulawesi Selatan,2024-05-30,Basic
C25756,Yoga Santoso,Wanita,1979,Tangsel,Banten,2022-09-11,Gold
C25757,Iqbal Saputra,Wanita,1980,Malang,Jawa Timur,2024-06-20,Basic
C25758,Fitri Halim,Pria,1988,Bekasi,Jawa Barat,2022-12-21,Basic
C25759,Wahyu Rahayu,Wanita,1979,Malang,Jawa Timur,2024-07-06,Gold
C25760,Galih Nugroho,Wanita,1999,Jakarta Barat,DKI Jakarta,2022-05-11,Gold
C25761,Rani Pratama,Wanita,1976,Jakarta Timur,DKI Jakarta,2024-03-29,Basic
C25762,Fitri Ramadhan,,1990,surabaya,Jawa Timur,2023-12-18,Basic
C25763,Bayu Santoso,Pria,1979,bandung,Jawa Barat,2023-10-20,Silver
C25764,Anisa Santoso,Wanita,1989,Medan,Sumatera Utara,2023-02-14,Silver
C25765,Sari Kusuma,,1995,Bekasi,Jawa Barat,2022-12-12,Basic
C25766,Lestari Setiawan,Pria,2000,Jakarta Timur,DKI Jakarta,2023-11-03,Basic
C25767,Iqbal Kusuma,Pria,2002,Jakbar,DKI Jakarta,2022-05-10,Basic
C25768,Rizky Anggraini,Pria,1977,Bekasi,Jawa Barat,2022-12-30,Silver
C25769,Andi Nugroho,Wanita,1977,Balikpapan,Kalimantan Timur,2023-07-13,Basic
C25770,Citra Hidayat,Pria,1987,Bekasi,Jawa Barat,2024-03-16,Basic
C25771,Nurul Setiawan,Pria,1993,Depok,Jawa Barat,2024-06-25,Basic
C25772,Rizky Setiawan,Pria,1974,Surabaya,Jawa Timur,2023-02-07,Basic
C25773,Bayu Firmansyah,Pria,1986,Palembang,Sumatera Selatan,2022-07-09,Silver
C25774,Fajar Nugroho,Pria,1985,Tangerang Selatan,Banten,2023-08-05,Basic
C25775,Hendra Pratama,Wanita,1983,Jakarta Barat,DKI Jakarta,2022-05-26,Basic
C25776,Maya Rahayu,Pria,1985,Makassar,Sulawesi Selatan,2024-03-22,Basic
C25777,Maya Nugroho,Pria,1991,Surabaya,Jawa Timur,2023-10-11,Basic
C25778,Reza Santoso,Wanita,1984,Medan,Sumatera Utara,2022-01-07,Gold
C25779,Putri Firmansyah,Wanita,1977,Surabaya,Jawa Timur,2023-06-03,Silver
C25780,Budi Halim,Pria,1972,Jakarta Timur,DKI Jakarta,2024-04-08,Basic
C25781,Wahyu Ramadhan,Wanita,1981,Jakarta Timur,DKI Jakarta,2023-04-06,Silver
C25782,Budi Kusuma,Pria,1996,Semarang,Jawa Tengah,2024-06-12,Basic
C25783,Nadia Halim,Pria,1992,Jogjakarta,DI Yogyakarta,2022-06-27,Silver
C25784,Ayu Hidayat,,1999,Denpasar,Bali,2022-02-01,Basic
C25785,Fitri Hidayat,Wanita,1998,Denpasar,Bali,2023-11-19,Basic
C25786,Nadia Saputra,Wanita,1973,Jakarta Selatan,DKI Jakarta,2024-02-06,Basic
C25787,Arif Pratama,Pria,1999,Balikpapan,Kalimantan Timur,2023-12-12,Basic
C25788,Reza Ramadhan,Pria,2002,Yogyakarta,DI Yogyakarta,2023-07-20,Basic
C25789,Andi Hidayat,Pria,1972,Bogor,Jawa Barat,2023-05-18,Basic
C25790,Putri Kusuma,Wanita,1988,Jakarta Selatan,DKI Jakarta,2022-10-28,Basic
C25791,Fitri Permana,Pria,1976,Tangerang,Banten,2023-08-28,Basic
C25792,Nurul Ramadhan,Wanita,1982,Malang,Jawa Timur,2023-02-01,Basic
C25793,Anisa Permana,Wanita,1990,Bogor,Jawa Barat,2023-07-05,Basic
C25794,Bayu Nugroho,Pria,2001,Bekasi,Jawa Barat,2024-03-15,Basic
C25795,Hendra Kusuma,Wanita,1983,Bogor,Jawa Barat,2022-03-23,Basic
C25796,Lestari Halim,Pria,1987,Jakarta selatan,DKI Jakarta,2023-12-20,Silver
C25797,Fajar Firmansyah,,1976,BANDUNG,Jawa Barat,2022-07-18,Silver
C25798,Teguh Nugroho,Pria,1970,Semarang,Jawa Tengah,2023-02-25,Silver
C25799,Fajar Pratama,Wanita,1975,Bandung,Jawa Barat,2023-11-05,Basic
C25800,Arif Hidayat,Pria,1978,Tangerang,Banten,2022-09-11,Basic
C25801,Galih Halim,Wanita,1996,Makassar,Sulawesi Selatan,2023-12-04,Basic
C25802,Dewi Setiawan,Pria,1985,Tangerang Selatan,Banten,2022-08-28,Basic
C25803,Dewi Hidayat,Pria,1982,Surabaya,Jawa Timur,2024-08-29,Basic
C25804,Maya Utami,Pria,1993,Jogja,DI Yogyakarta,2023-06-23,Basic
C25805,Maya Ramadhan,Pria,1997,bandung,Jawa Barat,2022-11-08,Basic
C25806,Yoga Wijaya,Pria,1991,Bekasi,Jawa Barat,2023-10-27,Silver
C25807,Bayu Setiawan,Wanita,1991,Malang,Jawa Timur,2023-10-16,Basic
C25808,Agus Permana,Wanita,1980,Jakarta Selatan,DKI Jakarta,2023-03-08,Gold
C25809,Nurul Utami,Wanita,1973,jakarta timur,DKI Jakarta,2022-06-08,Silver
C25810,Andi Rahayu,Wanita,1991,Bekasi,Jawa Barat,2022-01-13,Basic
C25811,Lestari Nugroho,Wanita,1973,Jakarta Selatan,DKI Jakarta,2022-06-24,Basic
C25812,Dimas Saputra,Wanita,1994,Depok,Jawa Barat,2022-06-21,Basic
C25813,Yoga Hidayat,Wanita,1988,Bogor,Jawa Barat,2022-07-11,Silver
C25814,Iqbal Wijaya,Pria,2000,Jakarta Timur,DKI Jakarta,2022-12-12,Basic
C25815,Dewi Utami,Pria,1993,Bogor,Jawa Barat,2023-02-26,Basic
C25816,Fajar Nugroho,Pria,1990,Denpasar,Bali,2023-06-27,Basic
C25817,Ayu Permana,Wanita,1987,tangerang selatan,Banten,2024-03-05,Silver
C25818,Siti Rahayu,Wanita,1986,Palembang,Sumatera Selatan,2024-09-01,Basic
C25819,Vina Santoso,Wanita,1975,Tangerang Selatan,Banten,2022-01-31,Basic
C25820,Intan Halim,Pria,1996,Jakarta Selatan,DKI Jakarta,2023-04-04,Basic
C25821,Siti Pratama,Pria,2003,jakarta barat,DKI Jakarta,2022-02-09,Basic
C25822,Sari Utami,Wanita,1983,Tangerang Selatan,Banten,2022-05-02,Basic
C25823,Nurul Hidayat,Pria,1982,Jakarta Selatan,DKI Jakarta,2022-04-27,Basic
C25824,Fajar Ramadhan,Wanita,1989,jakarta timur,DKI Jakarta,2024-02-13,Basic
C25825,Lestari Permana,Wanita,1977,Bekasi,Jawa Barat,2024-06-15,Silver
C25826,Maya Anggraini,Pria,1990,Denpasar,Bali,2024-08-06,Basic
C25827,Dimas Halim,Wanita,2001,Bekasi,Jawa Barat,2022-05-01,Silver
C25828,Nurul Saputra,Wanita,1976,Bekasi,Jawa Barat,2023-03-27,Silver
C25829,Rani Santoso,Pria,1982,Bandung,Jawa Barat,2024-04-18,Basic
C25830,Bayu Halim,Wanita,1972,Surabaya,Jawa Timur,2023-09-09,Silver
C25831,Hendra Santoso,Wanita,1979,tangerang selatan,Banten,2023-11-10,Basic
C25832,Putri Saputra,Wanita,1973,Tangerang Selatan,Banten,2023-03-20,Silver
C25833,Rizky Rahayu,Wanita,1998,Medan,Sumatera Utara,2023-11-16,Silver
C25834,Nadia Ramadhan,Wanita,1971,Balikpapan,Kalimantan Timur,2023-04-10,
C25835,Fajar Firmansyah,Pria,1986,Malang,Jawa Timur,2023-01-04,Basic
C25836,Iqbal Anggraini,Wanita,1993,Surabaya,Jawa Timur,2023-09-23,Basic
C25837,Nadia Nugroho,Wanita,1996,Tangerang,Banten,2024-06-24,Basic
C25838,Bayu Pratama,Pria,1988,Bogor,Jawa Barat,2023-09-26,Silver
C25839,Ayu Ramadhan,Pria,1986,Jaktim,DKI Jakarta,2022-12-17,Basic
C25840,Sari Firmansyah,Wanita,1989,Depok,Jawa Barat,2022-04-26,Gold
C25841,Dimas Kusuma,Wanita,1999,Bandung,Jawa Barat,2024-02-22,Basic
C25842,Wahyu Ramadhan,Pria,1990,Bogor,Jawa Barat,2022-03-19,Basic
C25843,Fajar Ramadhan,Wanita,1977,Balikpapan,Kalimantan Timur,2023-11-12,Silver
C25844,Lestari Setiawan,Wanita,1976,Bogor,Jawa Barat,2024-06-16,Basic
C25845,Sari Setiawan,,1982,Tangsel,Banten,2022-07-30,Basic
C25846,Rani Permana,Pria,2001,Bogor,Jawa Barat,2022-12-17,Silver
C25847,Nurul Saputra,Wanita,1995,Makassar,Sulawesi Selatan,2022-04-19,Silver
C25848,Galih Kusuma,Wanita,1998,Yogyakarta,DI Yogyakarta,2024-01-11,Basic
C25849,Hendra Utami,Pria,1976,Jakarta Barat,DKI Jakarta,2022-06-04,Silver
C25850,Ayu Santoso,Wanita,1999,Jakarta Selatan,DKI Jakarta,2024-03-29,Gold
C25851,Dewi Nugroho,Pria,1982,Palembang,Sumatera Selatan,2023-07-31,Basic
C25852,Teguh Utami,Wanita,1982,Tangerang Selatan,Banten,2023-08-17,Basic
C25853,Rizky Pratama,Wanita,1999,Tangerang,Banten,2024-01-08,Basic
C25854,Agus Kusuma,Wanita,1988,Depok,Jawa Barat,2022-04-13,Basic
C25855,Reza Firmansyah,Pria,1984,Jakarta Timur,DKI Jakarta,2022-10-28,Basic
C25856,Nadia Firmansyah,Wanita,2001,Bandung,Jawa Barat,2022-12-03,Silver
C25857,Putri Halim,Pria,1990,Depok,Jawa Barat,2024-09-16,Basic
C25858,Putri Hidayat,Pria,2001,JAKARTA SELATAN,DKI Jakarta,2023-06-16,Basic
C25859,Rizky Utami,Pria,1998,Jakarta Timur,DKI Jakarta,2024-02-24,Basic
C25860,Yoga Kusuma,Pria,1981,Jakarta Selatan,DKI Jakarta,2022-08-03,Silver
C25861,Teguh Firmansyah,,1999,Bekasi,Jawa Barat,2024-04-14,Basic
C25862,Arif Setiawan,Pria,1976,jakarta timur,DKI Jakarta,2023-05-13,Basic
C25863,Galih Hidayat,Pria,1991,Jakarta Selatan,DKI Jakarta,2022-09-25,Basic
C25864,Intan Saputra,Pria,1985,Depok,Jawa Barat,2022-06-03,Basic
C25865,Arif Pratama,Wanita,1980,Balikpapan,Kalimantan Timur,2024-09-18,Gold
C25866,Bayu Nugroho,Wanita,1991,Bekasi,Jawa Barat,2023-08-14,Basic
C25867,Maya Anggraini,Wanita,2001,Tangerang,Banten,2023-05-12,Basic
C25868,Teguh Permana,Pria,1982,Jakarta Barat,DKI Jakarta,2024-03-24,Basic
C25869,Yoga Ramadhan,Pria,1972,Jakarta Timur,DKI Jakarta,2024-01-02,Basic
C25870,Siti Hidayat,Pria,2000,tangerang selatan,Banten,2022-12-26,Basic
C25871,Rani Saputra,Pria,1996,Depok,Jawa Barat,2023-06-18,Silver
C25872,Yoga Rahayu,Pria,1970,jakarta selatan,DKI Jakarta,2024-03-28,Basic
C25873,Arif Firmansyah,,1988,Bandung,Jawa Barat,2023-06-02,
C25874,Yoga Saputra,,1972,Jakarta Barat,DKI Jakarta,2023-07-11,Basic
C25875,Dewi Utami,Pria,1985,Tangerang,Banten,2024-03-02,Gold
C25876,Maya Pratama,Wanita,1993,Bandung,Jawa Barat,2023-03-10,Basic
C25877,Fajar Nugroho,Wanita,1999,Tangerang,Banten,2022-07-17,Basic
C25878,Dimas Santoso,Pria,1976,Jakarta Timur,DKI Jakarta,2023-11-12,Basic
C25879,Putri Pratama,Wanita,1983,jakarta timur,DKI Jakarta,2022-09-09,Basic
C25880,Dimas Ramadhan,,1984,Malang,Jawa Timur,2023-09-09,Basic
C25881,Lestari Ramadhan,Wanita,2002,tangerang selatan,Banten,2023-03-28,Silver
C25882,Lestari Wijaya,Wanita,1985,Jakarta Selatan,DKI Jakarta,2022-10-30,
C25883,Vina Wijaya,Wanita,1993,Tangerang,Banten,2023-01-10,Basic
C25884,Reza Halim,Wanita,1986,Tangerang Selatan,Banten,2022-06-26,Silver
C25885,Maya Firmansyah,,1984,Surabaya,Jawa Timur,2023-02-23,
C25886,Dewi Nugroho,,1977,Bandung,Jawa Barat,2023-09-07,Gold
C25887,Intan Firmansyah,Wanita,1970,Tangerang,Banten,2022-03-02,Basic
C25888,Intan Wijaya,Pria,1994,Denpasar,Bali,2022-04-10,Basic
C25889,Andi Permana,Wanita,1984,Jakarta Selatan,DKI Jakarta,2023-02-13,Silver
C25890,Fajar Nugroho,Wanita,1975,Tangerang,Banten,2024-08-24,Basic
C25891,Fajar Hidayat,Pria,1979,Balikpapan,Kalimantan Timur,2023-03-07,Basic
C25892,Galih Ramadhan,Pria,1972,Jakarta Timur,DKI Jakarta,2024-03-14,Silver
C25893,Dewi Firmansyah,Pria,1995,Tangerang,Banten,2022-03-31,Silver
C25894,Galih Anggraini,Pria,1991,Semarang,Jawa Tengah,2022-06-10,Silver
C25895,Putri Wijaya,Wanita,1975,Tangerang Selatan,Banten,2022-12-20,Basic
C25896,Fitri Nugroho,,1986,Bandung,Jawa Barat,2023-08-09,Basic
C25897,Ayu Kusuma,Wanita,1980,Bandung,Jawa Barat,2022-06-09,Silver
C25898,Galih Firmansyah,Wanita,1975,Tangerang,Banten,2023-05-12,Basic
C25899,Anisa Hidayat,Wanita,1971,Bandung,Jawa Barat,2023-11-22,Silver
C25900,Rizky Pratama,Wanita,1987,Denpasar,Bali,2024-02-14,Silver
C25901,Wahyu Nugroho,Pria,1988,Surabaya,Jawa Timur,2024-04-19,Silver
C25902,Andi Hidayat,Wanita,1988,Jakarta Timur,DKI Jakarta,2023-07-21,Basic
C25903,Nurul Nugroho,,1971,Jakarta Timur,DKI Jakarta,2022-10-18,Gold
C25904,Putri Santoso,Wanita,1987,Bekasi,Jawa Barat,2024-09-12,Silver
C25905,Hendra Utami,Pria,1999,Jaksel,DKI Jakarta,2022-12-27,Silver
C25906,Bayu Anggraini,Wanita,1979,Tangerang,Banten,2022-11-02,Basic
C25907,Dewi Anggraini,Pria,2003,Jakarta Barat,DKI Jakarta,2022-07-08,Basic
C25908,Dimas Saputra,Pria,1984,Surabaya,Jawa Timur,2024-02-01,
C25909,Bayu Utami,Wanita,1991,Tangerang Selatan,Banten,2023-02-25,Gold
C25910,Fitri Nugroho,Wanita,1993,Balikpapan,Kalimantan Timur,2022-05-17,Silver
C25911,Citra Ramadhan,Pria,1998,tangerang selatan,Banten,2022-06-11,Silver
C25912,Nurul Ramadhan,Pria,1970,BANDUNG,Jawa Barat,2022-03-31,Gold
C25913,Arif Pratama,Pria,1997,surabaya,Jawa Timur,2023-07-28,Gold
C25914,Vina Rahayu,Pria,1991,Medan,Sumatera Utara,2022-01-08,Basic
C25915,Anisa Anggraini,Wanita,1997,Jakarta Selatan,DKI Jakarta,2023-07-27,Basic
C25916,Citra Saputra,Pria,2000,Bekasi,Jawa Barat,2023-04-11,Basic
C25917,Citra Anggraini,,2003,Jakarta Barat,DKI Jakarta,2023-11-15,Gold
C25918,Wahyu Halim,Wanita,1972,Palembang,Sumatera Selatan,2023-11-03,Basic
C25919,Andi Pratama,Pria,1977,JAKARTA BARAT,DKI Jakarta,2024-06-25,Basic
C25920,Citra Saputra,Pria,1979,Jakarta Timur,DKI Jakarta,2022-08-14,Silver
C25921,Galih Wijaya,Pria,1987,Bekasi,Jawa Barat,2023-11-26,
C25922,Nurul Nugroho,Pria,1973,surabaya,Jawa Timur,2023-12-07,Basic
C25923,Iqbal Anggraini,Wanita,1983,Depok,Jawa Barat,2022-04-13,Basic
C25924,Rani Nugroho,Pria,1997,Balikpapan,Kalimantan Timur,2024-01-19,Basic
C25925,Hendra Halim,Wanita,1984,Jakarta Selatan,DKI Jakarta,2024-04-25,Basic
C25926,Vina Pratama,Wanita,1994,Bandung,Jawa Barat,2023-03-06,
C25927,Arif Setiawan,Wanita,1972,Jaktim,DKI Jakarta,2024-01-25,Basic
C25928,Yoga Setiawan,Wanita,1978,Yogyakarta,DI Yogyakarta,2022-09-04,Basic
C25929,Sari Setiawan,Wanita,1988,Surabaya,Jawa Timur,2023-01-28,
C25930,Teguh Permana,Wanita,1971,Jakarta Barat,DKI Jakarta,2023-08-23,Basic
C25931,Fitri Ramadhan,Pria,2001,Surabaya,Jawa Timur,2024-08-07,Basic
C25932,Sari Hidayat,Wanita,1988,TANGSEL,Banten,2022-04-30,Basic
C25933,Intan Pratama,,1989,Jakarta Selatan,DKI Jakarta,2022-02-26,Gold
C25934,Dewi Hidayat,Pria,1997,Bekasi,Jawa Barat,2023-03-19,Basic
C25935,Fitri Setiawan,Pria,1999,Malang,Jawa Timur,2022-10-07,Basic
C25936,Dewi Firmansyah,Wanita,1984,Bandung,Jawa Barat,2022-08-01,Silver
C25937,Lestari Permana,Pria,1980,Bekasi,Jawa Barat,2023-02-24,Basic
C25938,Sari Saputra,Pria,1988,Jakarta selatan,DKI Jakarta,2023-10-31,Silver
C25939,Ayu Santoso,Pria,1971,Bandung,Jawa Barat,2022-08-27,Silver
C25940,Arif Firmansyah,Pria,1982,Bandung,Jawa Barat,2024-07-03,Basic
C25941,Arif Rahayu,Pria,1971,Tangerang,Banten,2023-04-02,Gold
C25942,Nadia Santoso,Pria,1985,Medan,Sumatera Utara,2023-10-27,Basic
C25943,Intan Saputra,Pria,1995,Denpasar,Bali,2023-04-15,Basic
C25944,Anisa Santoso,Pria,1998,Bekasi,Jawa Barat,2023-04-13,Basic
C25945,Maya Hidayat,Wanita,2000,Denpasar,Bali,2024-03-27,Basic
C25946,Fitri Firmansyah,Wanita,1997,Jakarta Selatan,DKI Jakarta,2023-09-14,Basic
C25947,Intan Wijaya,Pria,1988,JAKARTA SELATAN,DKI Jakarta,2024-09-03,Gold
C25948,Fitri Setiawan,Wanita,1997,TANGSEL,Banten,2024-07-09,Silver
C25949,Sari Setiawan,Wanita,1992,Bogor,Jawa Barat,2022-02-23,Silver
C25950,Rani Hidayat,Pria,1989,JAKARTA BARAT,DKI Jakarta,2022-08-10,Basic
C25951,Budi Saputra,Wanita,1997,Tangerang Selatan,Banten,2023-09-23,Gold
C25952,Bayu Santoso,Wanita,1992,Surabaya ,Jawa Timur,2023-04-08,Basic
C25953,Galih Saputra,Wanita,1976,Medan,Sumatera Utara,2023-06-10,Basic
C25954,Dimas Permana,Wanita,1971,JAKARTA BARAT,DKI Jakarta,2022-05-31,Basic
C25955,Citra Pratama,Pria,2001,Depok,Jawa Barat,2024-01-19,Basic
C25956,Anisa Nugroho,Wanita,1978,SBY,Jawa Timur,2022-06-22,Basic
C25957,Arif Santoso,Wanita,1979,Bogor,Jawa Barat,2024-04-26,Silver
C25958,Hendra Anggraini,Wanita,1975,Yogyakarta,DI Yogyakarta,2022-05-19,Basic
C25959,Siti Halim,Wanita,1993,bandung,Jawa Barat,2024-09-12,Basic
C25960,Galih Nugroho,Pria,1975,Bogor,Jawa Barat,2022-07-20,Silver
C25961,Intan Ramadhan,Wanita,2002,Tangerang Selatan,Banten,2024-01-05,Basic
C25962,Citra Kusuma,Pria,1997,Depok,Jawa Barat,2022-05-26,Basic
C25963,Dimas Wijaya,Pria,1993,Malang,Jawa Timur,2023-05-24,Silver
C25964,Iqbal Santoso,Pria,1995,Bekasi,Jawa Barat,2022-09-26,Silver
C25965,Arif Setiawan,Pria,2001,Balikpapan,Kalimantan Timur,2023-02-07,Basic
C25966,Citra Anggraini,Wanita,1983,Semarang,Jawa Tengah,2022-08-03,Basic
C25967,Vina Hidayat,Wanita,1998,Jakarta Selatan,DKI Jakarta,2023-08-11,Silver
C25968,Bayu Ramadhan,Pria,1988,Tangerang Selatan,Banten,2023-02-10,Basic
C25969,Fajar Utami,Pria,1996,Jakarta Selatan,DKI Jakarta,2024-02-13,Silver
C25970,Fitri Halim,Pria,1983,Surabaya,Jawa Timur,2023-11-17,Basic
C25971,Sari Kusuma,,1997,Bandung,Jawa Barat,2022-07-03,Basic
C25972,Intan Ramadhan,Wanita,1986,Surabaya,Jawa Timur,2024-09-10,Basic
C25973,Maya Wijaya,Pria,1975,Bekasi,Jawa Barat,2024-08-09,Basic
C25974,Andi Hidayat,Wanita,1985,Yogyakarta,DI Yogyakarta,2022-11-19,Basic
C25975,Vina Halim,Pria,1992,Tangerang,Banten,2024-03-05,Basic
C25976,Intan Ramadhan,Wanita,1995,Bekasi,Jawa Barat,2024-01-07,Basic
C25977,Budi Halim,Wanita,1999,Jakarta Selatan,DKI Jakarta,2022-05-20,Silver
C25978,Hendra Setiawan,Wanita,1994,Bekasi,Jawa Barat,2024-03-08,Basic
C25979,Citra Halim,Pria,1996,Bekasi,Jawa Barat,2023-07-12,Silver
C25980,Anisa Ramadhan,Pria,1971,Surabaya,Jawa Timur,2024-02-16,
C25981,Bayu Firmansyah,Wanita,1970,Palembang,Sumatera Selatan,2023-04-06,Basic
C25982,Andi Wijaya,Pria,1971,Jakbar,DKI Jakarta,2022-09-21,Silver
C25983,Agus Anggraini,Pria,1987,Denpasar,Bali,2022-10-28,
C25984,Budi Kusuma,Pria,2000,Bekasi,Jawa Barat,2022-06-28,Silver
C25985,Anisa Rahayu,Pria,1991,Jakarta Barat,DKI Jakarta,2022-09-15,Silver
C25986,Putri Rahayu,Wanita,1972,Malang,Jawa Timur,2024-07-08,Basic
C25987,Fitri Saputra,Wanita,1986,Jakarta Barat,DKI Jakarta,2023-02-22,Basic
C25988,Rizky Permana,Wanita,1971,Bekasi,Jawa Barat,2024-07-28,Gold
C25989,Hendra Permana,Pria,1997,Depok,Jawa Barat,2023-11-11,Basic
C25990,Fitri Pratama,Pria,1990,Makassar,Sulawesi Selatan,2024-06-10,Basic
C25991,Galih Utami,Wanita,1996,Balikpapan,Kalimantan Timur,2024-08-12,Basic
C25992,Wahyu Kusuma,Pria,1982,Denpasar,Bali,2022-04-01,Basic
C25993,Rani Rahayu,Wanita,1991,Bekasi,Jawa Barat,2023-01-09,Basic
C25994,Dimas Nugroho,Pria,1989,Malang,Jawa Timur,2023-11-06,Silver
C25995,Budi Hidayat,Wanita,1997,Jakarta Barat,DKI Jakarta,2024-08-13,Basic
C25996,Arif Ramadhan,Pria,1970,JAKARTA BARAT,DKI Jakarta,2023-12-29,Silver
C25997,Anisa Rahayu,Wanita,1981,Balikpapan,Kalimantan Timur,2023-05-21,Silver
C25998,Intan Kusuma,Pria,1977,Tangerang Selatan,Banten,2023-11-21,Gold
C25999,Ayu Halim,Pria,1993,Tangerang,Banten,2024-06-22,Basic
C26000,Maya Permana,Wanita,1975,Palembang,Sumatera Selatan,2023-04-29,Basic
C26001,Galih Nugroho,Pria,1993,Depok,Jawa Barat,2022-09-04,Silver
C26002,Reza Anggraini,Pria,1972,jakarta timur,DKI Jakarta,2022-03-02,Silver
C26003,Lestari Rahayu,Wanita,2000,Jakarta Timur,DKI Jakarta,2024-01-20,Basic
C26004,Siti Setiawan,Wanita,1985,Makassar,Sulawesi Selatan,2022-11-24,Silver
C26005,Fitri Hidayat,Wanita,2002,Denpasar,Bali,2024-07-25,Basic
C26006,Lestari Kusuma,Wanita,1971,Tangerang Selatan,Banten,2023-03-08,Silver
C26007,Bayu Rahayu,,1981,Tangerang Selatan,Banten,2022-04-25,Basic
C26008,Reza Anggraini,Pria,1993,Yogyakarta,DI Yogyakarta,2024-03-06,Basic
C26009,Nadia Setiawan,Wanita,1989,Surabaya,Jawa Timur,2022-07-30,Basic
C26010,Citra Halim,Wanita,1997,Makassar,Sulawesi Selatan,2023-12-16,Basic
C26011,Teguh Setiawan,Pria,1996,Medan,Sumatera Utara,2022-03-27,
C26012,Yoga Hidayat,Wanita,2003,Jakbar,DKI Jakarta,2024-05-19,Gold
C26013,Dewi Permana,Pria,1997,Makassar,Sulawesi Selatan,2023-10-12,Basic
C26014,Fajar Kusuma,Wanita,1998,Jakarta Timur,DKI Jakarta,2022-05-08,Silver
C26015,Hendra Saputra,Wanita,1979,Jakarta Selatan,DKI Jakarta,2024-05-20,Silver
C26016,Reza Pratama,Wanita,1997,Bogor,Jawa Barat,2023-12-18,Basic
C26017,Andi Rahayu,Pria,1990,Bandung,Jawa Barat,2022-05-18,Basic
C26018,Nurul Wijaya,Wanita,2000,Jakarta Selatan,DKI Jakarta,2024-04-15,Basic
C26019,Dewi Wijaya,Wanita,1974,Surabaya,Jawa Timur,2024-06-17,Basic
C26020,Dimas Rahayu,Pria,1988,Jakarta Selatan,DKI Jakarta,2024-05-26,Basic
C26021,Rani Nugroho,Wanita,1999,Jakarta Timur,DKI Jakarta,2023-03-19,Basic
C26022,Citra Wijaya,Wanita,1982,Bekasi,Jawa Barat,2022-07-17,Basic
C26023,Lestari Kusuma,Pria,1988,Denpasar,Bali,2024-01-10,Basic
C26024,Reza Setiawan,Wanita,1992,Jakarta Barat,DKI Jakarta,2023-05-29,Basic
C26025,Putri Hidayat,Wanita,1973,Bekasi,Jawa Barat,2024-03-29,Gold
C26026,Vina Hidayat,Wanita,1985,Surabaya,Jawa Timur,2022-03-06,Gold
C26027,Galih Rahayu,Pria,1976,Surabaya,Jawa Timur,2022-02-24,Silver
C26028,Maya Hidayat,,1997,Makassar,Sulawesi Selatan,2023-12-30,Basic
C26029,Nurul Saputra,,1979,Tangerang,Banten,2024-04-28,Basic
C26030,Teguh Nugroho,Pria,1981,Semarang,Jawa Tengah,2023-07-18,Basic
C26031,Ayu Santoso,Wanita,1987,Medan,Sumatera Utara,2022-12-21,Basic
C26032,Reza Hidayat,Wanita,1990,Jakarta Selatan,DKI Jakarta,2023-10-15,Basic
C26033,Anisa Pratama,Pria,1987,tangerang selatan,Banten,2022-12-15,Basic
C26034,Budi Rahayu,Pria,1986,Palembang,Sumatera Selatan,2023-04-14,Silver
C26035,Maya Utami,Pria,2003,Jakarta Timur,DKI Jakarta,2022-08-01,Gold
C26036,Rizky Firmansyah,Wanita,2000,Medan,Sumatera Utara,2024-05-31,Basic
C26037,Bayu Firmansyah,Wanita,2002,Jakarta Selatan,DKI Jakarta,2022-06-30,Silver
C26038,Nadia Pratama,Wanita,1995,Yogyakarta,DI Yogyakarta,2022-11-27,Silver
C26039,Wahyu Anggraini,Wanita,1981,Denpasar,Bali,2023-12-01,Basic
C26040,Nurul Santoso,Wanita,1976,Palembang,Sumatera Selatan,2022-07-21,Gold
C26041,Nadia Nugroho,Wanita,1992,Tangerang,Banten,2024-02-05,Basic
C26042,Teguh Hidayat,Wanita,1975,Bogor,Jawa Barat,2024-07-31,Basic
C26043,Siti Setiawan,Pria,1974,jakarta barat,DKI Jakarta,2022-09-16,Basic
C26044,Rani Hidayat,Wanita,1992,Jakarta Barat,DKI Jakarta,2024-02-10,Basic
C26045,Dimas Anggraini,Pria,1990,Bekasi,Jawa Barat,2022-07-09,Basic
C26046,Iqbal Permana,Pria,1990,Depok,Jawa Barat,2023-02-18,Gold
C26047,Wahyu Setiawan,,2002,Makassar,Sulawesi Selatan,2022-03-18,Gold
C26048,Teguh Saputra,Wanita,1999,Bekasi,Jawa Barat,2023-01-22,Basic
C26049,Rizky Saputra,Wanita,1972,Bogor,Jawa Barat,2023-02-26,Gold
C26050,Yoga Halim,Pria,1988,Jakbar,DKI Jakarta,2022-10-26,Basic
C26051,Siti Setiawan,Wanita,1990,Jogja,DI Yogyakarta,2022-04-07,Basic
C26052,Lestari Nugroho,Pria,1975,SBY,Jawa Timur,2022-02-23,Silver
C26053,Nurul Hidayat,Pria,2002,Bogor,Jawa Barat,2024-02-07,Basic
C26054,Bayu Ramadhan,Pria,1994,Bogor,Jawa Barat,2022-09-27,
C26055,Bayu Saputra,Pria,1976,Surabaya,Jawa Timur,2023-07-30,Gold
C26056,Hendra Nugroho,Pria,1974,Tangsel,Banten,2024-02-12,Basic
C26057,Ayu Nugroho,Pria,1985,Jakarta Barat,DKI Jakarta,2022-05-21,Gold
C26058,Maya Hidayat,Pria,1970,Bekasi,Jawa Barat,2022-04-18,Basic
C26059,Rizky Firmansyah,Pria,1991,jakarta barat,DKI Jakarta,2022-09-09,Basic
C26060,Hendra Rahayu,Pria,1989,Bogor,Jawa Barat,2023-02-18,Basic
C26061,Putri Rahayu,Pria,1990,Jaktim,DKI Jakarta,2024-04-09,Silver
C26062,Putri Wijaya,Wanita,1977,Jakarta Barat,DKI Jakarta,2022-09-13,Silver
C26063,Sari Wijaya,Pria,1975,jakarta barat,DKI Jakarta,2022-03-01,Basic
C26064,Agus Permana,Wanita,1991,Tangerang,Banten,2022-03-22,Silver
C26065,Fitri Pratama,Wanita,1992,Malang,Jawa Timur,2022-12-19,Basic
C26066,Iqbal Halim,Wanita,1987,Surabaya,Jawa Timur,2024-04-22,
C26067,Bayu Pratama,Wanita,1982,Tangerang,Banten,2023-12-10,Basic
C26068,Rizky Anggraini,Wanita,1980,Denpasar,Bali,2023-03-06,Basic
C26069,Nurul Setiawan,Wanita,1973,Jakarta selatan,DKI Jakarta,2022-10-01,Gold
C26070,Rizky Rahayu,Pria,1990,Jakarta Barat,DKI Jakarta,2024-07-13,Basic
C26071,Teguh Permana,Wanita,1982,Denpasar,Bali,2024-08-19,Basic
C26072,Nurul Anggraini,,1970,Medan,Sumatera Utara,2023-10-01,Silver
C26073,Maya Santoso,Pria,1975,Surabaya,Jawa Timur,2023-05-31,Silver
C26074,Iqbal Santoso,Wanita,1999,Depok,Jawa Barat,2022-10-21,Basic
C26075,Rani Saputra,Pria,1985,Makassar,Sulawesi Selatan,2023-08-04,Basic
C26076,Fitri Pratama,Pria,1996,Tangerang,Banten,2023-04-02,Silver
C26077,Andi Permana,Pria,2003,Malang,Jawa Timur,2023-12-13,Basic
C26078,Agus Permana,Pria,1996,Bogor,Jawa Barat,2023-03-27,Basic
C26079,Citra Hidayat,Wanita,1975,Bogor,Jawa Barat,2024-06-05,Basic
C26080,Putri Utami,Pria,1973,Semarang,Jawa Tengah,2023-10-15,Basic
C26081,Putri Firmansyah,Pria,1983,Jakarta Barat,DKI Jakarta,2024-07-23,Silver
C26082,Budi Rahayu,Wanita,1975,Bekasi,Jawa Barat,2024-06-23,Gold
C26083,Ayu Firmansyah,Pria,1998,Tangerang Selatan,Banten,2023-08-29,Silver
C26084,Yoga Nugroho,Pria,1991,Denpasar,Bali,2022-08-07,Basic
C26085,Nurul Saputra,Wanita,1998,Tangerang Selatan,Banten,2024-02-24,Basic
C26086,Galih Hidayat,Wanita,1975,Bandung,Jawa Barat,2022-03-08,Basic
C26087,Dimas Rahayu,Wanita,2003,Jaktim,DKI Jakarta,2022-11-23,
C26088,Rani Pratama,Pria,1980,Palembang,Sumatera Selatan,2023-02-20,Basic
C26089,Vina Santoso,Wanita,1970,Yogyakarta,DI Yogyakarta,2024-04-11,Basic
C26090,Rani Ramadhan,Pria,1988,Jakarta Selatan,DKI Jakarta,2023-09-05,Basic
C26091,Bayu Permana,Wanita,1992,Jakarta Selatan,DKI Jakarta,2022-11-05,Basic
C26092,Yoga Halim,Pria,1983,Denpasar,Bali,2023-02-11,Basic
C26093,Dewi Nugroho,Pria,1977,Tangerang,Banten,2023-03-31,
C26094,Wahyu Rahayu,Wanita,1992,Jakarta Barat,DKI Jakarta,2024-04-30,Basic
C26095,Fajar Anggraini,Pria,1983,Bekasi,Jawa Barat,2023-04-09,Basic
C26096,Ayu Utami,Wanita,2000,Bekasi,Jawa Barat,2024-09-11,
C26097,Wahyu Kusuma,Pria,1996,Jaktim,DKI Jakarta,2023-10-16,Basic
C26098,Fitri Halim,Wanita,1998,Jakarta selatan,DKI Jakarta,2023-09-07,Silver
C26099,Fitri Utami,Pria,1992,Surabaya,Jawa Timur,2022-03-16,Basic
C26100,Rizky Santoso,Wanita,1995,Malang,Jawa Timur,2023-07-15,Silver
C26101,Lestari Utami,,1975,Balikpapan,Kalimantan Timur,2022-07-07,Basic
C26102,Wahyu Utami,Pria,1977,Bogor,Jawa Barat,2022-05-23,Basic
C26103,Dewi Santoso,Pria,1995,Semarang,Jawa Tengah,2022-05-06,Basic
C26104,Fajar Kusuma,Pria,1981,Depok,Jawa Barat,2022-05-03,Silver
C26105,Siti Utami,Wanita,1979,Yogyakarta,DI Yogyakarta,2022-02-15,Basic
C26106,Ayu Wijaya,Wanita,1976,Tangerang Selatan,Banten,2022-07-22,Basic
C26107,Nadia Wijaya,Pria,1975,Bogor,Jawa Barat,2023-06-11,Silver
C26108,Rani Utami,Wanita,1997,Depok,Jawa Barat,2024-09-24,Basic
C26109,Wahyu Santoso,Wanita,1972,Bekasi,Jawa Barat,2023-02-22,Basic
C26110,Galih Pratama,Pria,1984,jakarta barat,DKI Jakarta,2023-02-19,Basic
C26111,Maya Halim,Pria,1981,Jakarta Selatan,DKI Jakarta,2023-09-28,Silver
C26112,Dimas Nugroho,Pria,1985,Semarang,Jawa Tengah,2023-11-22,Basic
C26113,Bayu Hidayat,Wanita,1970,Depok,Jawa Barat,2024-06-24,Basic
C26114,Citra Utami,Pria,1970,Denpasar,Bali,2022-11-02,Basic
C26115,Teguh Wijaya,Wanita,2001,Medan,Sumatera Utara,2023-01-10,Basic
C26116,Fajar Halim,Wanita,1971,Denpasar,Bali,2022-10-23,Basic
C26117,Nadia Anggraini,Wanita,1985,Jakarta Selatan,DKI Jakarta,2022-07-23,Basic
C26118,Vina Anggraini,Wanita,2000,Balikpapan,Kalimantan Timur,2022-10-12,Silver
C26119,Nadia Permana,Wanita,1993,Tangerang,Banten,2023-12-21,Basic
C26120,Dewi Pratama,Pria,1976,Denpasar,Bali,2023-07-13,Basic
C26121,Fajar Nugroho,Pria,1976,Surabaya,Jawa Timur,2023-06-24,Gold
C26122,Putri Kusuma,Pria,1973,Jakarta Timur,DKI Jakarta,2024-06-04,Basic
C26123,Reza Halim,Wanita,1975,Denpasar,Bali,2023-09-14,Basic
C26124,Citra Utami,Wanita,1986,Denpasar,Bali,2024-06-08,Silver
C26125,Lestari Setiawan,Wanita,1996,bandung,Jawa Barat,2023-08-24,Silver
C26126,Fajar Wijaya,Pria,1972,TANGSEL,Banten,2024-01-08,Basic
C26127,Fitri Kusuma,Pria,1973,Jakarta Barat,DKI Jakarta,2023-07-02,Basic
C26128,Agus Setiawan,Pria,1999,Medan,Sumatera Utara,2023-11-05,Silver
C26129,Lestari Utami,Wanita,1975,Medan,Sumatera Utara,2023-08-28,Gold
C26130,Ayu Utami,Wanita,1976,Depok,Jawa Barat,2024-02-09,Basic
C26131,Maya Santoso,,1979,Bogor,Jawa Barat,2022-09-21,Basic
C26132,Rizky Hidayat,Wanita,1997,Denpasar,Bali,2023-03-25,Silver
C26133,Budi Nugroho,Wanita,1985,Surabaya,Jawa Timur,2022-06-25,Basic
C26134,Lestari Utami,Pria,1971,Jakbar,DKI Jakarta,2024-04-27,Basic
C26135,Bayu Kusuma,Wanita,1993,Jakarta selatan,DKI Jakarta,2023-11-12,Basic
C26136,Sari Kusuma,,1995,Surabaya,Jawa Timur,2024-06-17,Silver
C26137,Iqbal Santoso,Pria,1992,Yogyakarta,DI Yogyakarta,2022-08-23,Basic
C26138,Lestari Utami,Pria,1998,Yogyakarta,DI Yogyakarta,2023-06-12,Basic
C26139,Dimas Nugroho,Wanita,1978,Bekasi,Jawa Barat,2024-07-19,Silver
C26140,Citra Utami,Pria,1976,Bekasi,Jawa Barat,2023-01-03,Silver
C26141,Iqbal Setiawan,Wanita,1996,Surabaya,Jawa Timur,2023-01-11,Silver
C26142,Nadia Santoso,Pria,1979,Jaksel,DKI Jakarta,2023-04-15,Basic
C26143,Andi Nugroho,Pria,1991,Jaktim,DKI Jakarta,2024-06-16,Basic
C26144,Dewi Permana,Pria,1977,Tangerang,Banten,2022-12-12,Gold
C26145,Budi Ramadhan,Wanita,1978,Tangerang,Banten,2023-08-10,Basic
C26146,Maya Permana,Wanita,1992,Bandung,Jawa Barat,2023-05-28,Gold
C26147,Fitri Anggraini,Pria,1984,Bandung,Jawa Barat,2022-05-17,Silver
C26148,Rani Hidayat,Wanita,1987,Tangerang Selatan,Banten,2024-01-23,Gold
C26149,Budi Wijaya,Pria,1978,Malang,Jawa Timur,2022-03-30,Silver
C26150,Budi Kusuma,Pria,1971,JAKARTA BARAT,DKI Jakarta,2023-04-24,Silver
C26151,Sari Hidayat,Wanita,1982,Makassar,Sulawesi Selatan,2022-03-04,Basic
C26152,Arif Kusuma,Pria,1984,Malang,Jawa Timur,2022-07-01,Basic
C26153,Rizky Wijaya,Wanita,2002,Surabaya,Jawa Timur,2024-09-12,Silver
C26154,Intan Pratama,Pria,1996,Depok,Jawa Barat,2022-04-03,Basic
C26155,Sari Firmansyah,,1978,Jakarta Barat,DKI Jakarta,2022-07-26,Basic
C26156,Budi Firmansyah,Pria,1980,Balikpapan,Kalimantan Timur,2024-07-22,Basic
C26157,Nurul Wijaya,Wanita,1975,Jogjakarta,DI Yogyakarta,2022-04-26,Basic
C26158,Agus Rahayu,Wanita,1985,Jakarta Selatan,DKI Jakarta,2022-04-01,Silver
C26159,Maya Anggraini,Wanita,1979,Yogyakarta,DI Yogyakarta,2022-10-02,Basic
C26160,Rani Wijaya,,1997,jakarta barat,DKI Jakarta,2022-08-25,Basic
C26161,Wahyu Nugroho,Pria,1974,Surabaya,Jawa Timur,2022-04-02,Basic
C26162,Hendra Halim,Wanita,1975,Jakarta Barat,DKI Jakarta,2023-05-07,Basic
C26163,Bayu Santoso,Pria,1978,Jaktim,DKI Jakarta,2022-08-05,Basic
C26164,Teguh Anggraini,Pria,1972,Tangerang,Banten,2022-09-09,Basic
C26165,Ayu Setiawan,Pria,1997,Jaksel,DKI Jakarta,2022-12-09,Gold
C26166,Agus Rahayu,Pria,1983,Jakarta Selatan,DKI Jakarta,2022-06-17,Gold
C26167,Vina Utami,Wanita,1971,Bekasi,Jawa Barat,2024-07-24,Basic
C26168,Arif Nugroho,Wanita,1991,Tangerang,Banten,2022-12-17,Basic
C26169,Rizky Hidayat,Pria,1993,Bekasi,Jawa Barat,2023-05-30,Silver
C26170,Dewi Santoso,Wanita,1991,Tangerang Selatan,Banten,2024-05-10,Gold
C26171,Hendra Nugroho,Pria,1996,Bekasi,Jawa Barat,2022-09-17,Silver
C26172,Citra Halim,Pria,1992,Jakbar,DKI Jakarta,2022-06-01,Gold
C26173,Vina Kusuma,Wanita,1973,Tangerang Selatan,Banten,2022-11-16,Basic
C26174,Vina Rahayu,Wanita,1988,Jakarta Timur,DKI Jakarta,2023-12-09,Silver
C26175,Siti Pratama,Wanita,1978,Balikpapan,Kalimantan Timur,2024-08-11,Gold
C26176,Wahyu Pratama,Wanita,2003,Denpasar,Bali,2023-02-14,Silver
C26177,Rani Halim,Pria,1986,Bogor,Jawa Barat,2022-09-30,Gold
C26178,Vina Halim,Pria,1979,Bekasi,Jawa Barat,2023-06-15,Silver
C26179,Rani Anggraini,Pria,1990,Jakarta Timur,DKI Jakarta,2023-09-22,Basic
C26180,Budi Pratama,Pria,1988,Jakarta Selatan,DKI Jakarta,2022-05-21,Silver
C26181,Reza Saputra,Wanita,1994,BANDUNG,Jawa Barat,2023-10-09,Basic
C26182,Budi Hidayat,Wanita,1987,Medan,Sumatera Utara,2023-12-25,Basic
C26183,Maya Rahayu,Wanita,1971,Bandung,Jawa Barat,2024-07-22,Basic
C26184,Arif Anggraini,Wanita,1995,Jakarta Selatan,DKI Jakarta,2024-06-25,Silver
C26185,Vina Nugroho,Pria,1999,Surabaya,Jawa Timur,2022-06-06,Basic
C26186,Reza Utami,Pria,1993,Medan,Sumatera Utara,2022-02-14,Gold
C26187,Sari Firmansyah,Pria,1983,Bogor,Jawa Barat,2022-09-19,Silver
C26188,Agus Saputra,Wanita,2002,Depok,Jawa Barat,2023-10-10,Gold
C26189,Agus Firmansyah,Pria,1998,Depok,Jawa Barat,2022-09-18,Silver
C26190,Siti Saputra,Pria,1989,Bandung,Jawa Barat,2024-03-04,Basic
C26191,Nurul Utami,Wanita,2000,Denpasar,Bali,2022-04-20,
C26192,Maya Setiawan,Pria,1980,Jakarta Barat,DKI Jakarta,2024-05-19,Basic
C26193,Reza Wijaya,Pria,1998,Semarang,Jawa Tengah,2023-05-14,Silver
C26194,Nurul Anggraini,Pria,1980,Bekasi,Jawa Barat,2023-06-07,Silver
C26195,Fitri Hidayat,Wanita,1977,Surabaya,Jawa Timur,2024-05-25,Basic
C26196,Yoga Halim,Pria,1996,Depok,Jawa Barat,2023-08-18,Basic
C26197,Agus Santoso,Wanita,1982,Palembang,Sumatera Selatan,2022-08-31,Basic
C26198,Anisa Anggraini,Wanita,1981,Tangerang Selatan,Banten,2023-03-20,Basic
C26199,Reza Hidayat,Pria,1999,Bekasi,Jawa Barat,2023-12-20,Basic
C26200,Reza Ramadhan,Pria,1994,Jaktim,DKI Jakarta,2024-01-08,Silver
C26201,Hendra Anggraini,Wanita,1971,Jakarta Timur,DKI Jakarta,2023-10-05,Silver
C26202,Maya Kusuma,Pria,1972,Medan,Sumatera Utara,2022-01-14,Basic
C26203,Siti Santoso,Wanita,1972,Jakarta Selatan,DKI Jakarta,2023-05-09,Gold
C26204,Dimas Ramadhan,Wanita,1987,Jaktim,DKI Jakarta,2023-10-27,Basic
C26205,Teguh Santoso,,1972,Medan,Sumatera Utara,2023-05-17,Silver
C26206,Teguh Hidayat,Pria,1972,Bekasi,Jawa Barat,2024-01-14,Basic
C26207,Ayu Ramadhan,Wanita,1975,jakarta timur,DKI Jakarta,2022-02-14,Silver
C26208,Galih Pratama,Wanita,1973,Jakarta Selatan,DKI Jakarta,2024-07-10,
C26209,Fajar Santoso,Wanita,1985,Jakarta Selatan,DKI Jakarta,2024-06-25,Basic
C26210,Intan Firmansyah,Pria,1976,Surabaya,Jawa Timur,2024-06-15,Basic
C26211,Andi Santoso,Wanita,1980,Balikpapan,Kalimantan Timur,2023-04-06,Basic
C26212,Fajar Anggraini,,1970,Denpasar,Bali,2024-05-28,Gold
C26213,Iqbal Pratama,Wanita,1984,Depok,Jawa Barat,2024-07-26,Basic
C26214,Nurul Halim,Wanita,1970,Tangerang,Banten,2023-05-17,Silver
C26215,Budi Nugroho,Pria,2003,Jakarta Barat,DKI Jakarta,2024-09-18,Basic
C26216,Agus Anggraini,Wanita,1973,Bekasi,Jawa Barat,2022-10-20,Basic
C26217,Hendra Rahayu,Wanita,2000,jakarta timur,DKI Jakarta,2024-01-31,Basic
C26218,Rizky Nugroho,Wanita,1995,Tangerang Selatan,Banten,2022-02-06,Basic
C26219,Arif Setiawan,Pria,1970,Makassar,Sulawesi Selatan,2024-08-16,Basic
C26220,Hendra Kusuma,Wanita,1987,Semarang,Jawa Tengah,2024-04-20,
C26221,Nurul Halim,Pria,1992,Jakarta Timur,DKI Jakarta,2022-10-12,Basic
C26222,Galih Permana,Wanita,1975,Semarang,Jawa Tengah,2024-09-02,Basic
C26223,Fajar Halim,Pria,1989,Tangsel,Banten,2022-07-09,Silver
C26224,Agus Hidayat,Wanita,1982,Bekasi,Jawa Barat,2022-02-20,Silver
C26225,Wahyu Pratama,Wanita,1990,Jakarta Barat,DKI Jakarta,2022-11-01,Basic
C26226,Bayu Setiawan,Pria,1985,Denpasar,Bali,2023-11-03,Silver
C26227,Fajar Nugroho,Pria,2001,Denpasar,Bali,2023-03-14,Silver
C26228,Reza Kusuma,Wanita,1975,Tangerang Selatan,Banten,2022-10-14,Basic
C26229,Agus Nugroho,Wanita,1980,Tangerang Selatan,Banten,2023-04-02,Silver
C26230,Fitri Anggraini,Pria,1984,Bandung,Jawa Barat,2023-11-24,Basic
C26231,Dewi Ramadhan,Pria,1998,Depok,Jawa Barat,2022-11-05,Silver
C26232,Siti Halim,Pria,2000,Palembang,Sumatera Selatan,2023-01-26,Basic
C26233,Teguh Rahayu,Pria,1977,Bogor,Jawa Barat,2022-03-27,Basic
C26234,Fajar Permana,Wanita,1987,Makassar,Sulawesi Selatan,2022-08-28,Basic
C26235,Maya Nugroho,Wanita,1992,Tangerang,Banten,2024-03-16,Basic
C26236,Maya Wijaya,Wanita,1975,Balikpapan,Kalimantan Timur,2024-03-05,Basic
C26237,Andi Utami,Wanita,1995,Medan,Sumatera Utara,2023-01-10,Basic
C26238,Siti Halim,Pria,1982,Medan,Sumatera Utara,2023-02-18,Basic
C26239,Vina Halim,Pria,1991,Jakarta selatan,DKI Jakarta,2023-09-18,Basic
C26240,Teguh Kusuma,Wanita,1982,Malang,Jawa Timur,2022-03-29,Silver
C26241,Teguh Firmansyah,Wanita,1991,TANGSEL,Banten,2023-09-20,Silver
C26242,Anisa Saputra,Wanita,1975,Bekasi,Jawa Barat,2023-02-27,Basic
C26243,Maya Firmansyah,Wanita,1982,jakarta selatan,DKI Jakarta,2023-05-09,Gold
C26244,Iqbal Rahayu,Wanita,2001,surabaya,Jawa Timur,2023-11-04,Basic
C26245,Andi Wijaya,Wanita,1989,Jakarta Barat,DKI Jakarta,2022-04-20,Basic
C26246,Hendra Permana,Pria,1990,Jaksel,DKI Jakarta,2023-12-14,Basic
C26247,Budi Hidayat,Pria,1979,Medan,Sumatera Utara,2022-11-17,Basic
C26248,Lestari Utami,Pria,1971,Jakarta Timur,DKI Jakarta,2022-07-13,Basic
C26249,Bayu Nugroho,Pria,1993,Bandung,Jawa Barat,2024-04-07,Basic
C26250,Budi Saputra,Pria,1985,Bogor,Jawa Barat,2024-04-15,Silver
C26251,Fajar Halim,Wanita,1989,Tangerang Selatan,Banten,2023-11-01,Silver
C26252,Intan Santoso,Pria,1998,Bogor,Jawa Barat,2023-11-17,Silver
C26253,Arif Pratama,Wanita,1996,Bogor,Jawa Barat,2024-08-27,Basic
C26254,Maya Rahayu,Wanita,1997,Denpasar,Bali,2022-01-30,Basic
C26255,Sari Ramadhan,Pria,1985,Bekasi,Jawa Barat,2022-10-13,Silver
C26256,Vina Permana,Pria,1971,Bekasi,Jawa Barat,2022-03-23,Basic
C26257,Dimas Anggraini,Wanita,1980,Jakarta Selatan,DKI Jakarta,2023-06-24,Basic
C26258,Dewi Saputra,Pria,1970,Malang,Jawa Timur,2023-12-01,Silver
C26259,Fajar Pratama,Wanita,2001,Depok,Jawa Barat,2022-07-19,Basic
C26260,Anisa Ramadhan,Wanita,1973,Depok,Jawa Barat,2023-02-12,Basic
C26261,Citra Rahayu,Wanita,2002,Surabaya,Jawa Timur,2023-12-27,Basic
C26262,Wahyu Ramadhan,,1997,Jogja,DI Yogyakarta,2022-07-05,Basic
C26263,Putri Kusuma,Pria,1987,Bogor,Jawa Barat,2023-07-20,Silver
C26264,Ayu Saputra,,1989,jakarta timur,DKI Jakarta,2024-08-12,Basic
C26265,Yoga Rahayu,Wanita,1971,SBY,Jawa Timur,2022-01-16,Silver
C26266,Budi Halim,Wanita,1973,Tangerang Selatan,Banten,2023-04-18,Gold
C26267,Anisa Saputra,,1986,Jakarta Barat,DKI Jakarta,2022-09-17,Silver
C26268,Agus Nugroho,Wanita,1998,Bogor,Jawa Barat,2022-11-19,Basic
C26269,Teguh Permana,Pria,1998,Depok,Jawa Barat,2022-10-09,Gold
C26270,Reza Kusuma,Pria,1974,Jakarta selatan,DKI Jakarta,2023-10-03,Silver
C26271,Budi Wijaya,Pria,1994,SBY,Jawa Timur,2022-07-25,Basic
C26272,Putri Permana,Wanita,1979,Jakarta Selatan,DKI Jakarta,2023-11-27,Silver
C26273,Dewi Hidayat,Wanita,1976,Yogyakarta,DI Yogyakarta,2022-08-16,Silver
C26274,Galih Halim,Wanita,1996,Jogjakarta,DI Yogyakarta,2023-01-04,Gold
C26275,Putri Santoso,Pria,1971,Tangerang,Banten,2023-04-13,Basic
C26276,Dewi Permana,Pria,1976,Jakarta selatan,DKI Jakarta,2023-08-26,Basic
C26277,Galih Santoso,Pria,1995,Palembang,Sumatera Selatan,2024-01-14,Basic
C26278,Putri Permana,Wanita,1990,Medan,Sumatera Utara,2023-02-27,Silver
C26279,Iqbal Saputra,Pria,1972,Jakarta Selatan,DKI Jakarta,2024-06-05,Basic
C26280,Fajar Firmansyah,Pria,1975,Jakarta Timur,DKI Jakarta,2022-12-18,Basic
C26281,Yoga Hidayat,Wanita,1987,Balikpapan,Kalimantan Timur,2022-09-09,Silver
C26282,Dewi Halim,Wanita,1974,Depok,Jawa Barat,2024-01-03,Basic
C26283,Rizky Nugroho,Pria,1984,Bekasi,Jawa Barat,2024-06-21,Basic
C26284,Reza Rahayu,Pria,1976,Semarang,Jawa Tengah,2022-01-09,Silver
C26285,Nadia Pratama,Wanita,1975,Makassar,Sulawesi Selatan,2023-06-03,Basic
C26286,Rani Halim,Wanita,2001,Semarang,Jawa Tengah,2023-06-11,Basic
C26287,Ayu Firmansyah,Pria,1994,Jakarta Selatan,DKI Jakarta,2024-04-11,Gold
C26288,Citra Anggraini,Pria,1988,Tangerang,Banten,2024-07-28,Silver
C26289,Galih Permana,Wanita,1995,Makassar,Sulawesi Selatan,2023-06-06,Basic
C26290,Maya Santoso,Pria,1992,Bandung,Jawa Barat,2022-06-27,
C26291,Vina Wijaya,Pria,1986,Depok,Jawa Barat,2022-07-08,
C26292,Rani Utami,Wanita,1999,Denpasar,Bali,2022-07-18,Basic
C26293,Arif Firmansyah,,1978,Depok,Jawa Barat,2023-08-18,Basic
C26294,Galih Permana,Pria,1999, Bandung,Jawa Barat,2024-06-28,Basic
C26295,Teguh Nugroho,Pria,1986,jakarta barat,DKI Jakarta,2024-04-27,Basic
C26296,Iqbal Anggraini,Pria,1996,Jakarta Selatan,DKI Jakarta,2022-06-27,Basic
C26297,Reza Pratama,Wanita,1999,Jakarta Barat,DKI Jakarta,2022-05-13,Basic
C26298,Fitri Utami,Wanita,1988,Surabaya,Jawa Timur,2023-08-05,Silver
C26299,Lestari Halim,Pria,1974,Depok,Jawa Barat,2023-07-10,Gold
C26300,Vina Kusuma,Wanita,1995,Bekasi,Jawa Barat,2022-04-12,Silver
C26301,Sari Kusuma,Wanita,1979,Yogyakarta,DI Yogyakarta,2024-06-17,Silver
C26302,Fitri Rahayu,Wanita,1970,Tangerang Selatan,Banten,2022-03-23,Basic
C26303,Rani Firmansyah,Pria,1991,Jakarta Timur,DKI Jakarta,2024-01-13,Basic
C26304,Nurul Ramadhan,,1985,Jakarta Selatan,DKI Jakarta,2023-11-07,Basic
C26305,Citra Saputra,Pria,1983,Bandung,Jawa Barat,2023-11-01,Basic
C26306,Teguh Hidayat,Wanita,2002,Bogor,Jawa Barat,2023-03-12,Basic
C26307,Dewi Setiawan,Pria,2002,Tangerang,Banten,2022-12-14,Silver
C26308,Bayu Ramadhan,Wanita,1990,Palembang,Sumatera Selatan,2024-09-17,Basic
C26309,Rani Anggraini,,1970,jakarta timur,DKI Jakarta,2023-06-16,Basic
C26310,Ayu Pratama,Pria,2000,Tangerang,Banten,2022-05-19,Basic
C26311,Nurul Wijaya,Pria,1990,Surabaya,Jawa Timur,2022-07-11,Basic
C26312,Bayu Utami,Wanita,2002,Makassar,Sulawesi Selatan,2022-10-29,Silver
C26313,Dimas Halim,Pria,1975,Bekasi,Jawa Barat,2022-08-14,Silver
C26314,Rani Permana,Wanita,1970,jakarta barat,DKI Jakarta,2023-02-17,Silver
C26315,Andi Hidayat,,1985,Depok,Jawa Barat,2024-02-18,Basic
C26316,Iqbal Saputra,Pria,2002,Jakarta selatan,DKI Jakarta,2022-10-14,Basic
C26317,Sari Kusuma,Wanita,1995,Denpasar,Bali,2023-08-03,Gold
C26318,Fajar Ramadhan,Pria,2003,Depok,Jawa Barat,2023-02-05,Basic
C26319,Fajar Utami,Wanita,1998,Jakarta Selatan,DKI Jakarta,2022-01-24,Silver
C26320,Budi Ramadhan,,2002,Yogyakarta,DI Yogyakarta,2023-01-25,Silver
C26321,Bayu Wijaya,,1983,Malang,Jawa Timur,2023-07-26,Basic
C26322,Fitri Wijaya,Pria,1985,Malang,Jawa Timur,2022-04-11,Basic
C26323,Dewi Anggraini,Wanita,1971,Bekasi,Jawa Barat,2024-07-06,Silver
C26324,Rizky Firmansyah,Wanita,1997,Tangerang,Banten,2023-05-16,Basic
C26325,Vina Pratama,Wanita,2002,Bekasi,Jawa Barat,2024-01-09,
C26326,Andi Hidayat,Wanita,1983,Jakarta Selatan,DKI Jakarta,2023-06-27,Basic
C26327,Intan Rahayu,Wanita,1977,Bandung,Jawa Barat,2023-09-07,Silver
C26328,Teguh Santoso,Pria,1997,Bekasi,Jawa Barat,2022-06-19,Silver
C26329,Hendra Utami,Wanita,1976,Jakarta Barat,DKI Jakarta,2024-03-11,Basic
C26330,Iqbal Anggraini,Wanita,1985,Surabaya,Jawa Timur,2022-08-20,Basic
C26331,Fitri Anggraini,Pria,2002,Surabaya,Jawa Timur,2024-09-25,Basic
C26332,Vina Pratama,Wanita,1999,Bekasi,Jawa Barat,2024-05-06,Basic
C26333,Rani Firmansyah,Wanita,1987,Surabaya,Jawa Timur,2023-03-12,Basic
C26334,Rani Setiawan,Pria,1991,Bogor,Jawa Barat,2022-09-23,
C26335,Citra Firmansyah,Pria,1976,Palembang,Sumatera Selatan,2023-07-01,
C26336,Dimas Saputra,Wanita,1991,SBY,Jawa Timur,2022-09-04,Basic
C26337,Budi Utami,Pria,2003,Denpasar,Bali,2024-06-14,Silver
C26338,Ayu Hidayat,Wanita,2001,Makassar,Sulawesi Selatan,2022-07-09,
C26339,Ayu Saputra,Pria,1993,Surabaya,Jawa Timur,2022-05-07,Silver
C26340,Anisa Halim,Pria,1972,Bekasi,Jawa Barat,2023-03-20,Silver
C26341,Sari Setiawan,,2003,Surabaya,Jawa Timur,2022-07-08,Basic
C26342,Fajar Anggraini,Pria,1982, Bandung,Jawa Barat,2023-08-07,Basic
C26343,Hendra Utami,Pria,1983,Balikpapan,Kalimantan Timur,2023-10-15,Silver
C26344,Budi Saputra,Wanita,2000,yogyakarta,DI Yogyakarta,2022-08-23,Basic
C26345,Nurul Saputra,Pria,1971,Bekasi,Jawa Barat,2022-09-10,Basic
C26346,Dimas Rahayu,Wanita,1974,Palembang,Sumatera Selatan,2022-09-09,Silver
C26347,Citra Firmansyah,Wanita,1980,Bandung,Jawa Barat,2022-07-18,Basic
C26348,Fajar Firmansyah,Pria,1978,Jakarta Barat,DKI Jakarta,2024-02-13,Basic
C26349,Maya Ramadhan,Pria,1989,Bekasi,Jawa Barat,2022-08-11,Basic
C26350,Sari Nugroho,Pria,1978,Yogyakarta,DI Yogyakarta,2022-12-14,Basic
C26351,Agus Firmansyah,Pria,1992,Denpasar,Bali,2023-09-19,Basic
C26352,Rani Anggraini,Wanita,2003,Surabaya,Jawa Timur,2023-05-08,Basic
C26353,Sari Setiawan,Wanita,1995,Bogor,Jawa Barat,2023-05-17,Basic
C26354,Lestari Saputra,Wanita,1998,jakarta timur,DKI Jakarta,2022-06-08,Silver
C26355,Reza Setiawan,Wanita,2001,Semarang,Jawa Tengah,2022-02-16,Silver
C26356,Citra Anggraini,Pria,1996,Balikpapan,Kalimantan Timur,2023-02-13,Silver
C26357,Nurul Rahayu,Pria,1989,Denpasar,Bali,2023-07-31,Basic
C26358,Hendra Anggraini,Pria,1970,Semarang,Jawa Tengah,2023-04-23,Basic
C26359,Nurul Rahayu,Pria,2003,Jakarta Timur,DKI Jakarta,2024-02-03,Basic
C26360,Dimas Permana,Wanita,1976,Balikpapan,Kalimantan Timur,2024-02-25,Basic
C26361,Intan Ramadhan,Wanita,1991,Surabaya,Jawa Timur,2023-06-07,Gold
C26362,Maya Kusuma,Pria,1972,Bekasi,Jawa Barat,2024-05-03,Basic
C26363,Putri Wijaya,Pria,1987,Palembang,Sumatera Selatan,2022-06-16,Basic
C26364,Rani Firmansyah,Wanita,1990,Surabaya ,Jawa Timur,2024-06-25,Silver
C26365,Dimas Halim,Wanita,1970,Malang,Jawa Timur,2023-08-29,Basic
C26366,Siti Kusuma,Pria,1989,Yogyakarta,DI Yogyakarta,2022-05-07,Basic
C26367,Andi Pratama,Pria,1986,Makassar,Sulawesi Selatan,2024-04-17,Silver
C26368,Agus Anggraini,Wanita,1982,Bandung,Jawa Barat,2024-05-07,Silver
C26369,Andi Santoso,Wanita,1982,Malang,Jawa Timur,2024-02-01,Silver
C26370,Siti Rahayu,Wanita,1975,Bogor,Jawa Barat,2023-01-07,Basic
C26371,Fajar Pratama,Pria,1973,Jakarta Selatan,DKI Jakarta,2023-11-19,Silver
C26372,Sari Hidayat,Pria,1972,Depok,Jawa Barat,2024-08-31,Basic
C26373,Anisa Firmansyah,Pria,1970,Denpasar,Bali,2022-12-18,Gold
C26374,Galih Setiawan,Pria,1995, Bandung,Jawa Barat,2022-01-06,Gold
C26375,Bayu Saputra,Wanita,1996,Surabaya,Jawa Timur,2024-05-13,Basic
C26376,Reza Setiawan,Pria,1993,Palembang,Sumatera Selatan,2022-12-10,
C26377,Fajar Rahayu,,1990,Bogor,Jawa Barat,2023-10-02,Basic
C26378,Andi Pratama,Pria,1982,Tangerang Selatan,Banten,2023-02-23,Gold
C26379,Arif Setiawan,Wanita,1985,surabaya,Jawa Timur,2023-01-01,Gold
C26380,Sari Rahayu,Pria,1997,jakarta timur,DKI Jakarta,2022-12-26,Basic
C26381,Hendra Ramadhan,Pria,1983,Bandung,Jawa Barat,2024-08-14,Silver
C26382,Andi Pratama,Pria,1994,Bogor,Jawa Barat,2024-09-07,Silver
C26383,Nurul Anggraini,Pria,1979,Jakarta Selatan,DKI Jakarta,2022-04-23,Gold
C26384,Andi Santoso,Pria,1986,Jakarta Timur,DKI Jakarta,2023-09-18,Gold
C26385,Ayu Wijaya,,1981,Semarang,Jawa Tengah,2023-06-02,Basic
C26386,Bayu Wijaya,,1991,Tangerang,Banten,2022-03-31,Basic
C26387,Iqbal Setiawan,Pria,1984,Jakarta Selatan,DKI Jakarta,2022-02-19,Gold
C26388,Vina Pratama,Pria,1995,Jakarta Timur,DKI Jakarta,2022-04-08,Silver
C26389,Sari Anggraini,Pria,1986,Jakarta Barat,DKI Jakarta,2022-05-03,Basic
C26390,Nurul Nugroho,Wanita,1994,Jakarta Timur,DKI Jakarta,2024-05-01,Basic
C26391,Ayu Santoso,Wanita,1995,Bekasi,Jawa Barat,2024-01-01,Basic
C26392,Agus Permana,Pria,1995,Denpasar,Bali,2023-02-18,Basic
C26393,Yoga Setiawan,Pria,1976,Tangerang Selatan,Banten,2022-05-03,Gold
C26394,Andi Saputra,Pria,1995,Tangerang Selatan,Banten,2022-02-06,Silver
C26395,Rani Nugroho,Pria,1989,Makassar,Sulawesi Selatan,2023-10-26,Basic
C26396,Nadia Santoso,,1976,Tangerang Selatan,Banten,2023-01-30,Basic
C26397,Ayu Nugroho,Pria,2000,Surabaya,Jawa Timur,2023-04-15,Basic
C26398,Putri Firmansyah,Wanita,1997,Malang,Jawa Timur,2023-05-01,Basic
C26399,Bayu Santoso,Wanita,2001,Jakarta Selatan,DKI Jakarta,2024-03-17,Gold
C26400,Agus Saputra,,1973,BANDUNG,Jawa Barat,2024-09-07,Silver
C26401,Putri Nugroho,Wanita,1992,Bogor,Jawa Barat,2022-12-10,Basic
C26402,Citra Hidayat,Pria,1976,surabaya,Jawa Timur,2022-03-01,Silver
C26403,Arif Hidayat,Wanita,1989,Malang,Jawa Timur,2022-02-20,Basic
C26404,Intan Ramadhan,Pria,1973,Semarang,Jawa Tengah,2024-02-01,Basic
C26405,Arif Ramadhan,Pria,1970,Bekasi,Jawa Barat,2024-08-31,Basic
C26406,Hendra Santoso,Pria,1992,Surabaya,Jawa Timur,2023-02-26,Basic
C26407,Hendra Ramadhan,,2003,bandung,Jawa Barat,2023-04-23,Basic
C26408,Lestari Ramadhan,Wanita,1979,BANDUNG,Jawa Barat,2022-12-31,Silver
C26409,Rani Kusuma,Pria,2000,Jakarta Timur,DKI Jakarta,2022-04-28,Basic
C26410,Fitri Rahayu,Pria,1978,Bekasi,Jawa Barat,2023-11-07,Basic
C26411,Reza Wijaya,Wanita,1975,Jakarta Selatan,DKI Jakarta,2022-06-13,Basic
C26412,Budi Setiawan,Pria,1986,Medan,Sumatera Utara,2022-06-25,Silver
C26413,Ayu Firmansyah,Wanita,2000,Jakarta Barat,DKI Jakarta,2023-10-08,Basic
C26414,Dewi Saputra,,1979,Bekasi,Jawa Barat,2023-11-11,Silver
C26415,Galih Pratama,Pria,1982,Malang,Jawa Timur,2023-06-21,Silver
C26416,Lestari Rahayu,,1974,Tangerang Selatan,Banten,2022-08-12,Basic
C26417,Ayu Santoso,Pria,1973,Bandung,Jawa Barat,2024-09-19,Basic
C26418,Andi Wijaya,Pria,1991,Denpasar,Bali,2022-04-07,Gold
C26419,Budi Santoso,Pria,1988,Jakbar,DKI Jakarta,2023-01-21,Basic
C26420,Yoga Firmansyah,Wanita,1988,Bogor,Jawa Barat,2022-10-03,Gold
C26421,Ayu Wijaya,Pria,1997,Semarang,Jawa Tengah,2024-03-04,Basic
C26422,Bayu Saputra,Pria,1970,Jakarta Barat,DKI Jakarta,2024-05-14,Basic
C26423,Dimas Wijaya,Wanita,1970,Tangerang,Banten,2022-10-25,Basic
C26424,Dewi Firmansyah,Wanita,1992,Depok,Jawa Barat,2022-01-07,Gold
C26425,Iqbal Pratama,Wanita,1980,Surabaya,Jawa Timur,2024-01-15,Silver
C26426,Nurul Nugroho,Wanita,1987,Depok,Jawa Barat,2022-01-17,Basic
C26427,Sari Ramadhan,Wanita,1990,Jakarta Barat,DKI Jakarta,2023-02-15,Silver
C26428,Rani Pratama,Wanita,1996,Palembang,Sumatera Selatan,2023-05-16,Basic
C26429,Agus Permana,Pria,1988,Surabaya,Jawa Timur,2023-08-11,Basic
C26430,Galih Setiawan,Pria,1972,Depok,Jawa Barat,2022-04-22,Basic
C26431,Dimas Nugroho,Wanita,1973,Bekasi,Jawa Barat,2022-05-13,Basic
C26432,Siti Saputra,Wanita,1979,Depok,Jawa Barat,2023-08-18,Gold
C26433,Vina Santoso,Wanita,1983,Bandung,Jawa Barat,2024-01-30,Silver
C26434,Maya Halim,Pria,1971,Surabaya,Jawa Timur,2024-04-19,Basic
C26435,Lestari Setiawan,Pria,1984,Bandung,Jawa Barat,2023-11-22,Basic
C26436,Dimas Hidayat,Pria,1999,Palembang,Sumatera Selatan,2023-04-24,Basic
C26437,Fitri Rahayu,Wanita,1993,Jakarta Timur,DKI Jakarta,2022-06-03,Basic
C26438,Fitri Kusuma,Wanita,1992,Jakarta selatan,DKI Jakarta,2024-03-22,Basic
C26439,Budi Wijaya,Pria,1984,Medan,Sumatera Utara,2023-05-22,
C26440,Sari Kusuma,Wanita,1977,BANDUNG,Jawa Barat,2023-02-24,Basic
C26441,Vina Rahayu,Pria,1987,Surabaya,Jawa Timur,2022-01-22,
C26442,Budi Kusuma,Pria,1993,Bandung,Jawa Barat,2022-11-28,Basic
C26443,Andi Saputra,Wanita,1992,Bogor,Jawa Barat,2022-02-13,Basic
C26444,Nurul Ramadhan,Wanita,1985,Medan,Sumatera Utara,2024-05-12,
C26445,Reza Nugroho,Pria,2000,Bandung,Jawa Barat,2023-10-29,Basic
C26446,Agus Halim,Wanita,1972,Jaktim,DKI Jakarta,2023-11-23,Silver
C26447,Rizky Hidayat,Pria,1991,Jaktim,DKI Jakarta,2023-08-07,Basic
C26448,Teguh Permana,Wanita,1973,Bekasi,Jawa Barat,2022-04-14,Basic
C26449,Andi Setiawan,Wanita,1985,bandung,Jawa Barat,2022-08-14,Basic
C26450,Andi Halim,Wanita,1987,Tangerang Selatan,Banten,2022-07-22,Gold
C26451,Budi Ramadhan,Wanita,1974,Medan,Sumatera Utara,2022-04-03,Basic
C26452,Yoga Anggraini,Wanita,1991,Jakarta Selatan,DKI Jakarta,2022-05-19,Basic
C26453,Fajar Rahayu,Pria,1978,Bogor,Jawa Barat,2022-04-12,Basic
C26454,Iqbal Hidayat,Wanita,2000,Bogor,Jawa Barat,2024-09-11,
C26455,Vina Nugroho,Pria,1975,Yogyakarta,DI Yogyakarta,2022-03-30,Basic
C26456,Bayu Hidayat,Pria,1982,Surabaya,Jawa Timur,2024-09-23,Silver
C26457,Fajar Pratama,Wanita,1989,Denpasar,Bali,2023-02-18,Basic
C26458,Citra Pratama,Pria,1992,Surabaya,Jawa Timur,2022-07-09,Basic
C26459,Teguh Halim,Pria,1985,Semarang,Jawa Tengah,2024-05-16,Basic
C26460,Galih Anggraini,Pria,1975,Tangerang,Banten,2022-07-03,Silver
C26461,Ayu Firmansyah,Pria,1970,Makassar,Sulawesi Selatan,2024-06-01,Silver
C26462,Dimas Firmansyah,Wanita,2001,Depok,Jawa Barat,2023-02-22,
C26463,Nurul Santoso,Wanita,1996,Jakarta Selatan,DKI Jakarta,2023-08-22,Basic
C26464,Fitri Santoso,Pria,1979,Malang,Jawa Timur,2024-04-10,Basic
C26465,Siti Saputra,Pria,1987,SBY,Jawa Timur,2023-09-19,Silver
C26466,Dimas Anggraini,Wanita,1974,Bogor,Jawa Barat,2023-08-12,Silver
C26467,Dewi Permana,Pria,1990,Jakarta Timur,DKI Jakarta,2024-01-08,Basic
C26468,Nurul Kusuma,Pria,1995,Surabaya,Jawa Timur,2023-11-19,Basic
C26469,Citra Setiawan,Pria,1973,Bekasi,Jawa Barat,2022-07-09,Basic
C26470,Dewi Kusuma,Pria,2001,Bandung,Jawa Barat,2024-07-10,Basic
C26471,Galih Santoso,Pria,1980,Semarang,Jawa Tengah,2024-05-17,Basic
C26472,Sari Rahayu,Pria,1999,Jakbar,DKI Jakarta,2022-03-21,Gold
C26473,Dimas Pratama,Pria,2000,Medan,Sumatera Utara,2023-01-04,Basic
C26474,Andi Kusuma,Pria,1982,Jakarta Selatan,DKI Jakarta,2022-09-17,Silver
C26475,Fitri Halim,Pria,1976,Tangerang Selatan,Banten,2023-11-24,Basic
C26476,Siti Hidayat,Pria,1985,Jakarta Timur,DKI Jakarta,2023-03-11,Basic
C26477,Arif Setiawan,Wanita,1979, Bandung,Jawa Barat,2022-09-22,Silver
C26478,Budi Setiawan,Wanita,1991,JAKARTA SELATAN,DKI Jakarta,2024-08-18,Basic
C26479,Lestari Hidayat,Pria,1992,Malang,Jawa Timur,2024-08-29,Silver
C26480,Putri Utami,Pria,1984,Surabaya,Jawa Timur,2022-10-06,Basic
C26481,Andi Setiawan,Wanita,1997,Medan,Sumatera Utara,2022-01-01,Basic
C26482,Maya Permana,Pria,1993,Denpasar,Bali,2023-05-26,Basic
C26483,Rani Saputra,Wanita,1999,Surabaya ,Jawa Timur,2023-03-29,Basic
C26484,Ayu Utami,Pria,1986,Jakarta Selatan,DKI Jakarta,2024-03-10,Basic
C26485,Nadia Firmansyah,,1978,Jakarta Timur,DKI Jakarta,2023-10-20,
C26486,Rani Permana,,1981,Denpasar,Bali,2023-05-28,Basic
C26487,Sari Setiawan,,1988,jakarta selatan,DKI Jakarta,2024-07-26,Basic
C26488,Vina Hidayat,Pria,1979,Bandung,Jawa Barat,2022-06-20,Basic
C26489,Maya Santoso,Pria,2001,Tangerang Selatan,Banten,2022-11-30,Basic
C26490,Putri Hidayat,Wanita,1995,Depok,Jawa Barat,2023-11-21,Basic
C26491,Andi Permana,Wanita,1977,Bandung,Jawa Barat,2023-12-06,Basic
C26492,Fajar Pratama,Pria,1981,Jaksel,DKI Jakarta,2022-06-19,Silver
C26493,Lestari Pratama,Wanita,1985,JAKARTA SELATAN,DKI Jakarta,2023-04-14,Silver
C26494,Arif Halim,Wanita,1979,Jakarta Timur,DKI Jakarta,2023-10-06,Basic
C26495,Rizky Nugroho,Wanita,1988,Jakbar,DKI Jakarta,2024-04-25,Gold
C26496,Nadia Setiawan,Wanita,1998,Tangerang Selatan,Banten,2022-11-26,Basic
C26497,Intan Setiawan,Pria,2000,Depok,Jawa Barat,2024-09-07,Basic
C26498,Fitri Rahayu,Wanita,2003,Tangerang,Banten,2022-11-02,Basic
C26499,Reza Setiawan,Pria,1991,Bogor,Jawa Barat,2022-10-04,Basic
C26500,Nurul Anggraini,Wanita,2000,Medan,Sumatera Utara,2024-01-14,
C26501,Nadia Hidayat,Wanita,1996,Jakarta Barat,DKI Jakarta,2023-09-18,Basic
C26502,Sari Saputra,Wanita,1985,Bogor,Jawa Barat,2023-07-03,Silver
C26503,Nadia Halim,Wanita,1980,Makassar,Sulawesi Selatan,2022-06-23,Silver
C26504,Hendra Permana,Pria,1991,Depok,Jawa Barat,2023-07-05,Basic
C26505,Reza Firmansyah,Wanita,1984,Bogor,Jawa Barat,2022-07-30,Silver
C26506,Anisa Kusuma,Wanita,1970,Palembang,Sumatera Selatan,2024-04-01,Gold
C26507,Fajar Kusuma,Pria,2003,Jakarta Barat,DKI Jakarta,2023-07-01,Silver
C26508,Rizky Setiawan,Pria,1977,Surabaya,Jawa Timur,2023-04-06,Gold
C26509,Putri Ramadhan,Wanita,2000,jakarta timur,DKI Jakarta,2023-02-05,Silver
C26510,Lestari Wijaya,Wanita,2001,Yogyakarta,DI Yogyakarta,2022-08-23,
C26511,Vina Hidayat,Pria,1985,Jakarta Selatan,DKI Jakarta,2024-09-01,Basic
C26512,Yoga Santoso,Wanita,1982,Tangerang,Banten,2024-08-02,Basic
C26513,Bayu Permana,Pria,2002,Jakarta Selatan,DKI Jakarta,2023-10-03,Basic
C26514,Dewi Ramadhan,Pria,1997,Jakarta Selatan,DKI Jakarta,2024-02-27,Basic
C26515,Rizky Wijaya,Wanita,1973,Bandung,Jawa Barat,2022-02-04,Gold
C26516,Rani Nugroho,Pria,1991,Jaktim,DKI Jakarta,2022-01-21,Silver
C26517,Agus Kusuma,Wanita,1977,Depok,Jawa Barat,2024-01-29,Silver
C26518,Rani Permana,Wanita,1994,Denpasar,Bali,2024-09-07,Basic
C26519,Fitri Wijaya,Pria,1987,Bekasi,Jawa Barat,2022-12-31,Basic
C26520,Wahyu Utami,Wanita,1970,Jakarta Timur,DKI Jakarta,2023-12-10,Basic
C26521,Putri Halim,Wanita,1991,jakarta selatan,DKI Jakarta,2022-03-10,Silver
C26522,Bayu Firmansyah,Pria,1998,Jakarta Timur,DKI Jakarta,2024-01-20,Basic
C26523,Wahyu Pratama,Wanita,1986,bandung,Jawa Barat,2022-12-29,Basic
C26524,Iqbal Utami,,1992, Bandung,Jawa Barat,2022-06-08,Basic
C26525,Budi Hidayat,Wanita,1976,bandung,Jawa Barat,2023-02-20,Basic
C26526,Nurul Halim,Wanita,1971,Tangerang,Banten,2022-01-28,Silver
C26527,Intan Ramadhan,Wanita,1988,Depok,Jawa Barat,2023-02-17,Silver
C26528,Wahyu Halim,Wanita,1978,Jakarta Selatan,DKI Jakarta,2023-10-25,Basic
C26529,Fajar Halim,Wanita,1999,Jakarta Timur,DKI Jakarta,2022-08-31,Basic
C26530,Nurul Anggraini,Wanita,1990,Makassar,Sulawesi Selatan,2022-07-10,Basic
C26531,Budi Ramadhan,Pria,1974,Malang,Jawa Timur,2022-09-22,Silver
C26532,Dimas Anggraini,Pria,1995,TANGSEL,Banten,2022-12-01,Silver
C26533,Sari Anggraini,Wanita,1988,Bogor,Jawa Barat,2022-10-04,Silver
C26534,Dewi Nugroho,,1970,Tangerang Selatan,Banten,2024-05-05,Silver
C26535,Maya Saputra,Wanita,1988,Surabaya,Jawa Timur,2024-06-04,Basic
C26536,Nurul Permana,Pria,1980,Bogor,Jawa Barat,2023-01-11,
C26537,Budi Saputra,Pria,1979,Tangerang,Banten,2023-01-04,Gold
C26538,Bayu Wijaya,Pria,1998,Jakarta Timur,DKI Jakarta,2024-06-04,Silver
C26539,Reza Setiawan,Wanita,1973,Yogyakarta,DI Yogyakarta,2022-01-27,Basic
C26540,Rani Halim,Wanita,1988,Semarang,Jawa Tengah,2022-02-23,Silver
C26541,Nadia Anggraini,Pria,1978,Yogyakarta,DI Yogyakarta,2023-05-15,Basic
C26542,Budi Hidayat,Pria,1983,Jakarta Selatan,DKI Jakarta,2022-12-01,Basic
C26543,Rani Kusuma,Wanita,1995,Medan,Sumatera Utara,2023-05-07,
C26544,Dewi Wijaya,Wanita,1998,Jaksel,DKI Jakarta,2022-09-20,Basic
C26545,Rani Wijaya,Wanita,1974,Bandung,Jawa Barat,2024-01-21,Basic
C26546,Siti Ramadhan,Wanita,1975,Makassar,Sulawesi Selatan,2024-03-12,Basic
C26547,Rizky Rahayu,Wanita,1980,Jakarta Barat,DKI Jakarta,2023-03-10,Gold
C26548,Siti Ramadhan,Wanita,1971,Semarang,Jawa Tengah,2024-02-04,Basic
C26549,Dewi Hidayat,Pria,1995,Jakarta Timur,DKI Jakarta,2022-08-21,Silver
C26550,Citra Pratama,Pria,1994,Tangerang,Banten,2022-10-10,Silver
C26551,Budi Setiawan,Wanita,1977,Malang,Jawa Timur,2024-02-10,Basic
C26552,Iqbal Hidayat,Wanita,1982,Bekasi,Jawa Barat,2022-11-08,Silver
C26553,Citra Setiawan,Pria,1979,Semarang,Jawa Tengah,2023-07-23,Silver
C26554,Dewi Anggraini,Pria,1979,Jaktim,DKI Jakarta,2023-12-20,Basic
C26555,Dewi Permana,Pria,1980,Yogyakarta,DI Yogyakarta,2024-05-15,Silver
C26556,Teguh Anggraini,Pria,1972,Yogyakarta,DI Yogyakarta,2023-12-18,Basic
C26557,Rizky Kusuma,Pria,1993,Jakarta Selatan,DKI Jakarta,2023-04-06,Silver
C26558,Fitri Hidayat,Pria,1970,tangerang selatan,Banten,2022-03-19,Basic
C26559,Yoga Kusuma,Wanita,1978,surabaya,Jawa Timur,2022-02-09,Basic
C26560,Nurul Santoso,Pria,1993,Tangerang Selatan,Banten,2023-12-31,Basic
C26561,Nadia Utami,Wanita,1984,Jakarta Timur,DKI Jakarta,2024-04-02,Basic
C26562,Teguh Kusuma,Pria,1996,Jakarta Barat,DKI Jakarta,2023-08-06,Silver
C26563,Dewi Ramadhan,Pria,1984,Depok,Jawa Barat,2023-05-29,Basic
C26564,Bayu Saputra,Wanita,1971,Jogja,DI Yogyakarta,2022-05-03,Gold
C26565,Yoga Wijaya,Wanita,1999,Depok,Jawa Barat,2023-11-24,Basic
C26566,Anisa Permana,Wanita,2001,Bekasi,Jawa Barat,2023-08-21,Basic
C26567,Wahyu Rahayu,Pria,1988,Jakarta Selatan,DKI Jakarta,2022-08-30,Silver
C26568,Rani Firmansyah,Wanita,1986,Medan,Sumatera Utara,2023-11-17,Basic
C26569,Budi Kusuma,Pria,1986,Makassar,Sulawesi Selatan,2023-01-15,Gold
C26570,Nadia Hidayat,Wanita,2002,Jakarta Barat,DKI Jakarta,2022-03-18,Silver
C26571,Agus Permana,Wanita,1979,Bandung,Jawa Barat,2023-01-22,Basic
C26572,Hendra Anggraini,Pria,1995,Tangerang,Banten,2023-09-20,Basic
C26573,Teguh Firmansyah,Wanita,1997,Semarang,Jawa Tengah,2023-07-02,Basic
C26574,Galih Permana,Pria,1994,Depok,Jawa Barat,2023-03-29,Basic
C26575,Citra Setiawan,,1983,Denpasar,Bali,2023-10-29,Silver
C26576,Budi Halim,Wanita,1970,Malang,Jawa Timur,2022-09-02,Basic
C26577,Arif Setiawan,Pria,1988,Medan,Sumatera Utara,2022-09-14,Basic
C26578,Sari Santoso,,1971,Depok,Jawa Barat,2022-06-21,Basic
C26579,Galih Firmansyah,Pria,1981,Tangerang Selatan,Banten,2023-12-20,Silver
C26580,Wahyu Halim,Wanita,1995,Depok,Jawa Barat,2023-06-18,Basic
C26581,Arif Nugroho,Wanita,1971,Malang,Jawa Timur,2023-08-05,Basic
C26582,Rizky Anggraini,Wanita,1970,Jakarta Timur,DKI Jakarta,2024-01-30,Basic
C26583,Sari Firmansyah,Wanita,1999,SBY,Jawa Timur,2022-07-13,Silver
C26584,Siti Wijaya,Wanita,1973,Medan,Sumatera Utara,2022-04-29,Basic
C26585,Vina Permana,Wanita,2003,Jakarta Barat,DKI Jakarta,2023-05-15,Gold
C26586,Budi Anggraini,Pria,1975,Bogor,Jawa Barat,2023-03-15,Basic
C26587,Iqbal Setiawan,Pria,1997,Bandung,Jawa Barat,2023-02-27,Gold
C26588,Citra Wijaya,Pria,1993,Jakarta Selatan,DKI Jakarta,2022-08-04,Basic
C26589,Siti Anggraini,Wanita,2003,Medan,Sumatera Utara,2022-07-24,Silver
C26590,Hendra Firmansyah,Wanita,1983,Jakarta Selatan,DKI Jakarta,2023-01-21,Basic
C26591,Arif Setiawan,Wanita,1978,Balikpapan,Kalimantan Timur,2022-01-09,Gold
C26592,Fajar Ramadhan,Wanita,2002,bandung,Jawa Barat,2023-11-15,Basic
C26593,Agus Firmansyah,Pria,1977,Bekasi,Jawa Barat,2024-03-13,Basic
C26594,Anisa Nugroho,Pria,1975,Tangerang,Banten,2022-04-04,Basic
C26595,Rani Santoso,,1997,Yogyakarta,DI Yogyakarta,2022-07-18,Silver
C26596,Lestari Wijaya,Pria,1999,Makassar,Sulawesi Selatan,2023-08-02,Basic
C26597,Maya Ramadhan,Wanita,1992,Bekasi,Jawa Barat,2022-12-17,Basic
C26598,Nadia Santoso,Wanita,1977,Tangerang,Banten,2022-07-21,Basic
C26599,Wahyu Kusuma,Wanita,1999,Jakarta Selatan,DKI Jakarta,2024-05-15,Silver
C26600,Teguh Utami,Pria,1984,Jakarta Timur,DKI Jakarta,2022-04-05,Basic
C26601,Galih Utami,Wanita,1991,Denpasar,Bali,2023-11-26,Gold
C26602,Fajar Hidayat,Wanita,1994,Semarang,Jawa Tengah,2024-02-21,
C26603,Lestari Wijaya,Wanita,1981,BANDUNG,Jawa Barat,2023-05-22,Basic
C26604,Nadia Kusuma,Wanita,1976,Malang,Jawa Timur,2022-11-19,
C26605,Andi Pratama,Pria,1987,Surabaya,Jawa Timur,2023-01-09,
C26606,Fitri Santoso,Wanita,1986,Bekasi,Jawa Barat,2024-06-10,Basic
C26607,Andi Firmansyah,Pria,1972,Makassar,Sulawesi Selatan,2022-02-12,
C26608,Hendra Hidayat,Pria,2000,Bandung,Jawa Barat,2022-08-12,Basic
C26609,Nurul Permana,Wanita,1984,Jakarta Selatan,DKI Jakarta,2023-05-02,Basic
C26610,Vina Rahayu,Wanita,1992,Jakarta Barat,DKI Jakarta,2022-01-21,Silver
C26611,Sari Nugroho,Pria,1989,Makassar,Sulawesi Selatan,2024-07-25,Silver
C26612,Intan Firmansyah,Pria,1995,Malang,Jawa Timur,2022-03-12,Gold
C26613,Nadia Halim,Wanita,1973,Bandung,Jawa Barat,2023-07-18,Silver
C26614,Andi Halim,Wanita,1993,Tangerang,Banten,2022-01-24,Gold
C26615,Yoga Santoso,Wanita,1975,Jakarta Timur,DKI Jakarta,2022-10-18,Basic
C26616,Dimas Kusuma,Wanita,2001,jakarta barat,DKI Jakarta,2023-05-15,Basic
C26617,Yoga Halim,Pria,1986,SBY,Jawa Timur,2022-04-17,
C26618,Ayu Rahayu,Pria,1980,Depok,Jawa Barat,2024-06-26,Basic
C26619,Fitri Ramadhan,Pria,1989,Jakarta Timur,DKI Jakarta,2022-02-21,Gold
C26620,Teguh Kusuma,Wanita,1976,Depok,Jawa Barat,2023-12-06,Basic
C26621,Bayu Hidayat,Pria,2002,Jakarta Timur,DKI Jakarta,2024-03-19,Basic
C26622,Intan Hidayat,Pria,1983,Jakarta Barat,DKI Jakarta,2022-08-15,Basic
C26623,Nadia Ramadhan,Pria,1984,Depok,Jawa Barat,2022-09-22,Gold
C26624,Teguh Firmansyah,Pria,1993,Malang,Jawa Timur,2023-04-04,Basic
C26625,Arif Hidayat,Pria,1982,Bekasi,Jawa Barat,2023-04-02,
C26626,Dewi Nugroho,,1980,Makassar,Sulawesi Selatan,2022-01-09,Silver
C26627,Andi Firmansyah,Pria,1972,Semarang,Jawa Tengah,2023-06-02,Silver
C26628,Dimas Nugroho,Wanita,1977,Jakarta Selatan,DKI Jakarta,2024-01-22,Silver
C26629,Maya Rahayu,Wanita,2000,Bekasi,Jawa Barat,2022-01-03,Basic
C26630,Anisa Ramadhan,Pria,1998,Bogor,Jawa Barat,2024-03-26,Basic
C26631,Fitri Kusuma,Pria,1994,Surabaya,Jawa Timur,2023-05-24,Basic
C26632,Sari Halim,Pria,2000,Jogja,DI Yogyakarta,2022-12-03,Gold
C26633,Agus Firmansyah,Wanita,1976,Palembang,Sumatera Selatan,2022-03-15,Basic
C26634,Agus Saputra,Pria,1998,Semarang,Jawa Tengah,2023-10-16,
C26635,Nadia Hidayat,Pria,1984,Palembang,Sumatera Selatan,2022-10-12,Basic
C26636,Intan Utami,Wanita,1976,Tangerang Selatan,Banten,2022-06-11,Basic
C26637,Vina Utami,,1989,Jakarta Selatan,DKI Jakarta,2023-11-23,Basic
C26638,Intan Firmansyah,Pria,1981,Bogor,Jawa Barat,2022-02-07,Gold
C26639,Reza Pratama,Pria,1995,Tangerang Selatan,Banten,2023-06-09,Silver
C26640,Intan Firmansyah,Wanita,1978,Jakarta Selatan,DKI Jakarta,2022-01-13,
C26641,Rizky Firmansyah,Pria,1971,Surabaya,Jawa Timur,2024-03-07,Silver
C26642,Maya Firmansyah,Wanita,1993,Jakarta Timur,DKI Jakarta,2022-06-18,Basic
C26643,Iqbal Anggraini,Wanita,1980,Depok,Jawa Barat,2022-08-30,Basic
C26644,Fajar Ramadhan,Wanita,1988,Bogor,Jawa Barat,2022-11-06,Silver
C26645,Maya Saputra,Wanita,1984,Tangerang Selatan,Banten,2023-12-29,Basic
C26646,Maya Rahayu,Pria,1981,Surabaya,Jawa Timur,2023-12-17,Basic
C26647,Anisa Kusuma,Wanita,1993,Tangerang Selatan,Banten,2024-03-21,Basic
C26648,Maya Permana,Pria,1994,Bogor,Jawa Barat,2022-03-14,Silver
C26649,Nadia Hidayat,Wanita,1985,Denpasar,Bali,2024-01-01,Basic
C26650,Iqbal Saputra,Wanita,1971,Bekasi,Jawa Barat,2022-07-16,Basic
C26651,Yoga Saputra,Wanita,1981,Jakarta Barat,DKI Jakarta,2023-12-10,Basic
C26652,Anisa Pratama,Pria,1998,Jakarta Barat,DKI Jakarta,2024-08-05,Basic
C26653,Yoga Wijaya,Wanita,1990,Tangerang Selatan,Banten,2022-06-26,Basic
C26654,Nadia Saputra,Wanita,1998,Surabaya,Jawa Timur,2022-11-01,Basic
C26655,Andi Anggraini,Wanita,1991,Jaksel,DKI Jakarta,2022-07-14,Basic
C26656,Fitri Wijaya,Pria,1977,Tangerang Selatan,Banten,2024-04-04,Basic
C26657,Rani Wijaya,Wanita,1990,Tangerang Selatan,Banten,2022-07-17,Basic
C26658,Lestari Rahayu,,1985,Bogor,Jawa Barat,2022-05-14,Basic
C26659,Sari Kusuma,Pria,1974,Jakbar,DKI Jakarta,2024-07-30,Gold
C26660,Putri Kusuma,Pria,1986,Makassar,Sulawesi Selatan,2024-05-22,Basic
C26661,Yoga Nugroho,Wanita,1995,Balikpapan,Kalimantan Timur,2023-10-20,Silver
C26662,Nadia Halim,Wanita,2001,Jakarta Timur,DKI Jakarta,2022-09-09,Silver
C26663,Citra Halim,Wanita,1979,Depok,Jawa Barat,2023-03-12,Basic
C26664,Rizky Rahayu,Wanita,1984,Depok,Jawa Barat,2024-08-15,Basic
C26665,Ayu Firmansyah,Wanita,1988,surabaya,Jawa Timur,2024-04-10,Basic
C26666,Lestari Saputra,Pria,1986,Bekasi,Jawa Barat,2022-05-31,Basic
C26667,Iqbal Pratama,Pria,2000,Jakarta Selatan,DKI Jakarta,2024-07-01,Silver
C26668,Arif Nugroho,Pria,1976,Bekasi,Jawa Barat,2024-01-19,Basic
C26669,Putri Pratama,Pria,1974,Depok,Jawa Barat,2023-02-21,Silver
C26670,Iqbal Anggraini,Pria,1996,Bogor,Jawa Barat,2022-11-14,Silver
C26671,Nadia Wijaya,Pria,1978,Jakarta selatan,DKI Jakarta,2023-05-17,Basic
C26672,Nurul Pratama,Wanita,1979,Denpasar,Bali,2023-08-01,Silver
C26673,Hendra Anggraini,Wanita,1983,Tangerang Selatan,Banten,2024-06-09,Basic
C26674,Agus Rahayu,Pria,1991,Tangerang Selatan,Banten,2024-04-29,Basic
C26675,Rani Halim,Pria,1992,Bandung,Jawa Barat,2023-11-19,Gold
C26676,Rani Firmansyah,Pria,1971,Semarang,Jawa Tengah,2022-08-22,Basic
C26677,Lestari Hidayat,Pria,2002,Makassar,Sulawesi Selatan,2023-10-31,Gold
C26678,Citra Nugroho,Wanita,1974,Medan,Sumatera Utara,2022-03-15,Basic
C26679,Fitri Permana,Wanita,1986,SBY,Jawa Timur,2024-05-07,Basic
C26680,Citra Ramadhan,Pria,1985,Depok,Jawa Barat,2023-12-10,Basic
C26681,Budi Pratama,Wanita,1982,Tangerang Selatan,Banten,2023-09-30,Basic
C26682,Teguh Firmansyah,Wanita,1970,Tangerang,Banten,2022-05-12,
C26683,Vina Wijaya,Pria,1983,Tangerang Selatan,Banten,2024-09-24,Silver
C26684,Rizky Hidayat,Wanita,1981,Depok,Jawa Barat,2024-09-06,Basic
C26685,Citra Wijaya,Pria,1999,Tangerang,Banten,2022-07-31,Basic
C26686,Dimas Ramadhan,Wanita,1990,Bekasi,Jawa Barat,2022-04-20,Basic
C26687,Rizky Hidayat,Wanita,1981,surabaya,Jawa Timur,2024-07-14,Basic
C26688,Reza Utami,Wanita,1974,Tangerang,Banten,2022-12-01,Basic
C26689,Yoga Kusuma,Wanita,1980,Medan,Sumatera Utara,2022-08-15,Basic
C26690,Putri Wijaya,Pria,1981,Jakarta Selatan,DKI Jakarta,2024-08-15,Basic
C26691,Agus Permana,,1975,Bekasi,Jawa Barat,2023-11-28,Basic
C26692,Teguh Hidayat,Pria,1989,Surabaya,Jawa Timur,2023-03-26,Silver
C26693,Anisa Saputra,Pria,1996,Tangerang,Banten,2022-08-24,Basic
C26694,Fajar Saputra,Pria,1982, Bandung,Jawa Barat,2022-12-17,Silver
C26695,Andi Kusuma,Pria,1973,Palembang,Sumatera Selatan,2023-05-14,Basic
C26696,Fitri Rahayu,Wanita,1979,Makassar,Sulawesi Selatan,2022-12-27,Basic
C26697,Citra Anggraini,Wanita,1987,Bandung,Jawa Barat,2022-09-10,Basic
C26698,Dimas Permana,Wanita,1970,Depok,Jawa Barat,2023-11-23,Silver
C26699,Teguh Setiawan,Wanita,1984,Jakarta Selatan,DKI Jakarta,2023-08-04,Basic
C26700,Fajar Utami,,2002,Denpasar,Bali,2023-07-01,Basic
C26701,Bayu Halim,Wanita,1973,Bandung,Jawa Barat,2022-11-22,Basic
C26702,Rani Permana,Wanita,1989,Denpasar,Bali,2022-03-17,Silver
C26703,Vina Rahayu,Pria,1978,Jakarta Barat,DKI Jakarta,2023-05-13,Basic
C26704,Ayu Nugroho,Wanita,1983,Bandung,Jawa Barat,2022-12-27,Silver
C26705,Wahyu Pratama,Wanita,1975,JAKARTA BARAT,DKI Jakarta,2023-11-27,Gold
C26706,Putri Rahayu,Wanita,1989,Jakarta Barat,DKI Jakarta,2022-06-18,Silver
C26707,Bayu Hidayat,Pria,2001,Surabaya,Jawa Timur,2023-08-01,Silver
C26708,Maya Halim,Wanita,1972,Bekasi,Jawa Barat,2024-01-02,Gold
C26709,Teguh Anggraini,Wanita,1992,Depok,Jawa Barat,2023-03-23,Basic
C26710,Vina Pratama,Pria,1994,Medan,Sumatera Utara,2022-02-03,Silver
C26711,Hendra Permana,Pria,1992,jakarta selatan,DKI Jakarta,2023-10-18,Basic
C26712,Nadia Utami,Wanita,1991,Tangerang,Banten,2023-11-28,Basic
C26713,Andi Pratama,Pria,1999,Tangerang,Banten,2022-07-10,Basic
C26714,Budi Ramadhan,Wanita,1995,Surabaya ,Jawa Timur,2024-03-21,Gold
C26715,Vina Permana,Pria,1974,Medan,Sumatera Utara,2023-02-18,Basic
C26716,Budi Firmansyah,Wanita,1977,Surabaya,Jawa Timur,2023-05-08,Gold
C26717,Citra Santoso,Pria,1988,Tangerang,Banten,2023-02-15,Silver
C26718,Yoga Santoso,Pria,1992,Bogor,Jawa Barat,2022-04-14,Gold
C26719,Budi Nugroho,Pria,1971,Semarang,Jawa Tengah,2022-05-22,Basic
C26720,Sari Rahayu,Pria,1997,Jakarta Timur,DKI Jakarta,2022-03-08,Basic
C26721,Siti Wijaya,Wanita,1991,Tangerang,Banten,2023-11-25,Basic
C26722,Dimas Setiawan,Wanita,1979,Denpasar,Bali,2024-02-21,Gold
C26723,Hendra Halim,Pria,1970,Bekasi,Jawa Barat,2022-04-21,Basic
C26724,Budi Ramadhan,Pria,1986,Jakarta Selatan,DKI Jakarta,2024-08-20,Basic
C26725,Agus Ramadhan,Wanita,1996,Depok,Jawa Barat,2024-09-22,Basic
C26726,Lestari Setiawan,,1984,Bogor,Jawa Barat,2024-05-19,Basic
C26727,Hendra Hidayat,Pria,1983,Medan,Sumatera Utara,2022-10-06,Basic
C26728,Putri Setiawan,,1971,Semarang,Jawa Tengah,2022-05-06,Basic
C26729,Rani Permana,Pria,1997,Bandung,Jawa Barat,2022-03-28,Basic
C26730,Fajar Santoso,Pria,1987,jakarta timur,DKI Jakarta,2022-07-03,Basic
C26731,Maya Hidayat,Pria,2001,Jakarta Selatan,DKI Jakarta,2023-02-09,Basic
C26732,Anisa Anggraini,Wanita,1971,Bandung,Jawa Barat,2024-01-30,Silver
C26733,Maya Saputra,Wanita,1988,Tangsel,Banten,2022-04-30,Basic
C26734,Andi Hidayat,Wanita,1971,Yogyakarta,DI Yogyakarta,2023-07-20,Basic
C26735,Citra Halim,Wanita,2002,Bekasi,Jawa Barat,2022-07-19,Silver
C26736,Maya Utami,Pria,1975,Jakarta Selatan,DKI Jakarta,2022-01-03,Silver
C26737,Iqbal Permana,Pria,1992,Makassar,Sulawesi Selatan,2023-12-29,Basic
C26738,Rizky Utami,Wanita,1980,Yogyakarta,DI Yogyakarta,2023-02-13,
C26739,Lestari Permana,,1995,Bekasi,Jawa Barat,2022-04-14,Gold
C26740,Lestari Santoso,Wanita,1998,Balikpapan,Kalimantan Timur,2022-02-26,Silver
C26741,Lestari Firmansyah,Wanita,1971,Jakarta Selatan,DKI Jakarta,2024-01-03,Silver
C26742,Andi Rahayu,Pria,1991,Makassar,Sulawesi Selatan,2022-02-24,Silver
C26743,Intan Permana,Wanita,1997,Medan,Sumatera Utara,2024-02-17,Basic
C26744,Iqbal Saputra,Pria,1970,Jakarta Selatan,DKI Jakarta,2023-06-24,Basic
C26745,Fajar Utami,Wanita,1999,Depok,Jawa Barat,2022-05-07,Gold
C26746,Intan Santoso,Wanita,1975,Tangerang Selatan,Banten,2023-01-05,Basic
C26747,Lestari Wijaya,Wanita,1987,Jaktim,DKI Jakarta,2022-08-03,Basic
C26748,Arif Nugroho,Wanita,1982,Surabaya,Jawa Timur,2024-09-13,Basic
C26749,Reza Hidayat,Pria,1986,Jaktim,DKI Jakarta,2022-05-07,Basic
C26750,Teguh Saputra,Pria,1981,Semarang,Jawa Tengah,2023-07-12,Silver
C26751,Yoga Rahayu,Pria,1970,Yogyakarta,DI Yogyakarta,2023-03-15,Basic
C26752,Putri Saputra,Pria,1998,Jakarta Barat,DKI Jakarta,2022-01-01,Basic
C26753,Wahyu Halim,Pria,1977,Medan,Sumatera Utara,2023-10-17,Silver
C26754,Sari Ramadhan,Pria,1981,Denpasar,Bali,2023-03-09,Silver
C26755,Siti Rahayu,Wanita,2003,Jakarta Timur,DKI Jakarta,2022-08-23,Basic
C26756,Iqbal Kusuma,Pria,1979,jakarta selatan,DKI Jakarta,2023-10-23,Silver
C26757,Rani Setiawan,,1989,Medan,Sumatera Utara,2022-06-23,Basic
C26758,Andi Permana,Pria,1974,Jakbar,DKI Jakarta,2022-08-06,Silver
C26759,Dimas Nugroho,Wanita,1999,Bekasi,Jawa Barat,2024-01-16,Basic
C26760,Citra Saputra,Pria,1998,Tangerang,Banten,2024-08-01,Gold
C26761,Dewi Pratama,Wanita,1973,BANDUNG,Jawa Barat,2024-02-02,Basic
C26762,Citra Permana,Wanita,1982,Bogor,Jawa Barat,2024-03-16,Basic
C26763,Wahyu Anggraini,Pria,1992,Yogyakarta,DI Yogyakarta,2023-06-06,Basic
C26764,Agus Hidayat,Wanita,1995,Surabaya,Jawa Timur,2023-07-30,Basic
C26765,Dewi Santoso,Pria,1996,JAKARTA BARAT,DKI Jakarta,2024-03-15,Basic
C26766,Nurul Kusuma,Pria,1974,Jakarta Selatan,DKI Jakarta,2022-10-21,Basic
C26767,Wahyu Kusuma,Pria,1975,Malang,Jawa Timur,2023-02-06,Silver
C26768,Maya Rahayu,Wanita,1989, Bandung,Jawa Barat,2023-09-23,Silver
C26769,Anisa Kusuma,Wanita,1979,Tangerang,Banten,2024-04-02,Basic
C26770,Citra Rahayu,Wanita,1971,Jaktim,DKI Jakarta,2024-01-10,Basic
C26771,Ayu Rahayu,Wanita,1972,Depok,Jawa Barat,2024-03-12,Silver
C26772,Yoga Utami,Pria,1989,Palembang,Sumatera Selatan,2024-05-18,Basic
C26773,Dewi Santoso,Wanita,1976,Semarang,Jawa Tengah,2024-03-20,
C26774,Reza Kusuma,Wanita,1998,Depok,Jawa Barat,2023-06-02,Basic
C26775,Maya Anggraini,Pria,1974,jakarta timur,DKI Jakarta,2022-04-14,Silver
C26776,Siti Santoso,Wanita,1980,Semarang,Jawa Tengah,2022-03-19,Silver
C26777,Rizky Kusuma,Pria,1978,Depok,Jawa Barat,2024-02-03,Basic
C26778,Sari Utami,Wanita,1993,Balikpapan,Kalimantan Timur,2022-10-12,Basic
C26779,Iqbal Pratama,Pria,1986,Surabaya,Jawa Timur,2022-01-07,Basic
C26780,Iqbal Setiawan,Pria,1980,Bogor,Jawa Barat,2023-03-11,Basic
C26781,Fitri Firmansyah,Wanita,1985,Jakarta Selatan,DKI Jakarta,2024-05-13,Basic
C26782,Sari Rahayu,Wanita,1991,Denpasar,Bali,2024-02-05,
C26783,Arif Setiawan,Pria,1988,Tangerang,Banten,2022-07-15,Basic
C26784,Vina Wijaya,Wanita,1989,Medan,Sumatera Utara,2023-11-20,Silver
C26785,Fitri Santoso,Wanita,1978,Semarang,Jawa Tengah,2022-12-01,Basic
C26786,Wahyu Hidayat,Wanita,2003,Bekasi,Jawa Barat,2022-08-01,Basic
C26787,Nurul Hidayat,Wanita,1971,Jakarta Selatan,DKI Jakarta,2024-06-07,Silver
C26788,Budi Rahayu,Wanita,2002,Bandung,Jawa Barat,2022-02-18,Silver
C26789,Agus Santoso,,1986,Jakarta Timur,DKI Jakarta,2023-04-16,Silver
C26790,Yoga Santoso,Wanita,2000,Denpasar,Bali,2024-03-31,Silver
C26791,Sari Saputra,Wanita,1979,Yogyakarta,DI Yogyakarta,2022-01-04,Gold
C26792,Nurul Anggraini,Pria,1996,Surabaya,Jawa Timur,2024-03-03,Silver
C26793,Fajar Halim,Wanita,1974,bandung,Jawa Barat,2023-05-24,Basic
C26794,Bayu Kusuma,Pria,1986,Jaktim,DKI Jakarta,2024-08-17,Basic
C26795,Dewi Anggraini,Wanita,1992,Tangerang,Banten,2024-06-12,Basic
C26796,Dimas Nugroho,Pria,1997,Bogor,Jawa Barat,2023-07-22,Silver
C26797,Intan Permana,Pria,1984,Tangerang,Banten,2022-07-08,Silver
C26798,Maya Utami,Pria,1990,Denpasar,Bali,2023-03-30,Silver
C26799,Hendra Saputra,Pria,1997,Tangerang,Banten,2022-06-06,Basic
C22624,Rani Setiawan,Wanita,1972,Bekasi,Jawa Barat,2024-04-29,Basic
C20610,Yoga Firmansyah,Wanita,1982,JAKARTA SELATAN,DKI Jakarta,2023-02-22,
C21771,Lestari Santoso,Wanita,1990,Jakarta Timur,DKI Jakarta,2022-11-30,Basic
C21119,Galih Permana,Pria,1985,Tangerang,Banten,2024-04-08,
C22661,Sari Setiawan,Wanita,1973,Jakarta Barat,DKI Jakarta,2023-02-06,Gold
C20232,Hendra Anggraini,Pria,2000,Bandung,Jawa Barat,2022-07-08,Basic
C22947,Fajar Setiawan,Pria,1975,Tangerang Selatan,Banten,2022-11-16,Silver
C22096,Vina Hidayat,Pria,2002,Bogor,Jawa Barat,2024-05-26,Basic
C26620,Teguh Kusuma,Wanita,1976,Depok,Jawa Barat,2023-12-06,Basic
C24217,Budi Utami,Pria,2000,Bekasi,Jawa Barat,2024-05-08,Basic
C20163,Lestari Setiawan,Wanita,1970,JAKARTA SELATAN,DKI Jakarta,2022-10-25,Basic
C20368,Agus Santoso,Pria,1974,Jakarta Barat,DKI Jakarta,2023-03-29,Basic
C25028,Wahyu Anggraini,Pria,1976,BANDUNG,Jawa Barat,2023-02-02,Basic
C23822,Budi Pratama,Pria,1997,Bandung,Jawa Barat,2024-01-05,Basic
C23677,Anisa Kusuma,Wanita,1979,Jakarta Selatan,DKI Jakarta,2023-08-02,Basic
C22049,Ayu Firmansyah,Wanita,2001,Bogor,Jawa Barat,2023-01-12,Basic
C26687,Rizky Hidayat,Wanita,1981,surabaya,Jawa Timur,2024-07-14,Basic
C24781,Galih Santoso,Pria,1980,Bekasi,Jawa Barat,2023-02-09,Silver
C22357,Maya Kusuma,,2001,Jaksel,DKI Jakarta,2023-09-06,Basic
C23711,Rani Utami,Wanita,1996,Jakarta Selatan,DKI Jakarta,2024-02-12,
C22547,Teguh Setiawan,Pria,1997,Bandung,Jawa Barat,2023-12-13,Gold
C20292,Sari Firmansyah,Pria,1979,Bandung,Jawa Barat,2023-11-01,Silver
C21285,Budi Halim,Wanita,1976,Tangerang,Banten,2024-02-26,
C21918,Teguh Saputra,Pria,2001,Bekasi,Jawa Barat,2023-05-09,Silver
C23565,Sari Nugroho,Wanita,1983,surabaya,Jawa Timur,2023-12-16,Basic
